tower,sim_id,wind_speed_id,wave_hs_id,wave_tp_id,wind_seed_id,mean_wind_speed,std_wind_speed,wave_hs,wave_tp,damage_weight,action_pitch_offset_deg,action_yaw_error_deg,action_ipc_level,damage_max,damage_base_section,damage_top_section,damage_mean_section,damage_max_section_id,damage_ratio_max,controllable_share_max,power_w,power_baseline_w,thrust_n,thrust_baseline_n,ct_ratio,cp_ratio
ref,1,1,1,1,1,3.3512058,1.383558,0.7768452,6.6568193,184.44374,0.0,-30.0,0.0,2.495095e-07,2.495095e-07,1.3402466e-08,1.5165521e-07,1,1.0489876,0.03884869,556977.25,729927.7,273425.47,364567.28,0.75,0.76305807
ref,2,1,1,2,1,3.3512058,1.383558,0.7768452,7.393875,184.44374,0.0,-30.0,0.0,2.558549e-07,2.558549e-07,1.2872292e-08,1.5643599e-07,1,1.0559529,0.04437236,556977.25,729927.7,273425.47,364567.28,0.75,0.76305807
ref,3,1,1,3,1,3.3512058,1.383558,0.7768452,7.9978156,184.44374,0.0,-30.0,0.0,2.1145551e-07,2.1145551e-07,1.3547462e-08,1.3246375e-07,1,1.0605699,0.04803377,556977.25,729927.7,273425.47,364567.28,0.75,0.76305807
ref,4,1,1,4,1,3.3512058,1.383558,0.7768452,8.580277,184.44374,0.0,-30.0,0.0,2.661677e-07,2.661677e-07,1.3448321e-08,1.5625425e-07,1,1.0689994,0.05471863,556977.25,729927.7,273425.47,364567.28,0.75,0.76305807
ref,5,1,1,5,1,3.3512058,1.383558,0.7768452,9.205103,184.44374,0.0,-30.0,0.0,2.517062e-07,2.517062e-07,1.3685184e-08,1.570051e-07,1,1.0836909,0.066369355,556977.25,729927.7,273425.47,364567.28,0.75,0.76305807
ref,6,1,1,6,1,3.3512058,1.383558,0.7768452,9.956741,184.44374,0.0,-30.0,0.0,2.1725738e-07,2.1725738e-07,1.2957279e-08,1.3339256e-07,1,1.101527,0.08051397,556977.25,729927.7,273425.47,364567.28,0.75,0.76305807
ref,7,1,1,7,1,3.3512058,1.383558,0.7768452,11.058464,184.44374,0.0,-30.0,0.0,2.8261104e-07,2.8261104e-07,1.2751243e-08,1.6494862e-07,1,1.1274523,0.10107347,556977.25,729927.7,273425.47,364567.28,0.75,0.76305807
ref,8,1,2,1,1,3.3512058,1.383558,0.98856467,6.960857,184.44374,0.0,-30.0,0.0,3.6463402e-07,3.6463402e-07,1.34561695e-08,2.2124648e-07,1,1.0258118,0.020469565,556977.25,729927.7,273425.47,364567.28,0.75,0.76305807
ref,9,1,2,2,1,3.3512058,1.383558,0.98856467,7.7128434,184.44374,0.0,-30.0,0.0,2.7578264e-07,2.7578264e-07,1.4746722e-08,1.7006012e-07,1,1.0290827,0.023063425,556977.25,729927.7,273425.47,364567.28,0.75,0.76305807
ref,10,1,2,3,1,3.3512058,1.383558,0.98856467,8.327732,184.44374,0.0,-30.0,0.0,3.0233278e-07,3.0233278e-07,1.3494363e-08,1.8344215e-07,1,1.0321714,0.025512844,556977.25,729927.7,273425.47,364567.28,0.75,0.76305807
ref,11,1,2,4,1,3.3512058,1.383558,0.98856467,8.919738,184.44374,0.0,-30.0,0.0,3.0420378e-07,3.0420378e-07,1.3491352e-08,1.8213187e-07,1,1.0384829,0.030518115,556977.25,729927.7,273425.47,364567.28,0.75,0.76305807
ref,12,1,2,5,1,3.3512058,1.383558,0.98856467,9.553771,184.44374,0.0,-30.0,0.0,2.4488094e-07,2.4488094e-07,1.306516e-08,1.4734934e-07,1,1.0464264,0.03681753,556977.25,729927.7,273425.47,364567.28,0.75,0.76305807
ref,13,1,2,6,1,3.3512058,1.383558,0.98856467,10.315182,184.44374,0.0,-30.0,0.0,2.4632365e-07,2.4632365e-07,1.4127657e-08,1.5022934e-07,1,1.0555806,0.044077087,556977.25,729927.7,273425.47,364567.28,0.75,0.76305807
ref,14,1,2,7,1,3.3512058,1.383558,0.98856467,11.428846,184.44374,0.0,-30.0,0.0,2.4785618e-07,2.4785618e-07,1.3517335e-08,1.5175121e-07,1,1.0699697,0.05548805,556977.25,729927.7,273425.47,364567.28,0.75,0.76305807
ref,15,1,3,1,1,3.3512058,1.383558,1.1740619,7.206446,184.44374,0.0,-30.0,0.0,3.0756738e-07,3.0756738e-07,1.29078845e-08,1.8429364e-07,1,1.0162367,0.012876117,556977.25,729927.7,273425.47,364567.28,0.75,0.76305807
ref,16,1,3,2,1,3.3512058,1.383558,1.1740619,7.9684143,184.44374,0.0,-30.0,0.0,3.8894575e-07,3.8894575e-07,1.2449162e-08,2.296376e-07,1,1.0181024,0.01435578,556977.25,729927.7,273425.47,364567.28,0.75,0.76305807
ref,17,1,3,3,1,3.3512058,1.383558,1.1740619,8.5903225,184.44374,0.0,-30.0,0.0,3.0616965e-07,3.0616965e-07,1.3294355e-08,1.7997898e-07,1,1.020866,0.016547361,556977.25,729927.7,273425.47,364567.28,0.75,0.76305807
ref,18,1,3,4,1,3.3512058,1.383558,1.1740619,9.188218,184.44374,0.0,-30.0,0.0,3.4071218e-07,3.4071218e-07,1.3415644e-08,2.0426087e-07,1,1.0253162,0.020076497,556977.25,729927.7,273425.47,364567.28,0.75,0.76305807
ref,19,1,3,5,1,3.3512058,1.383558,1.1740619,9.827664,184.44374,0.0,-30.0,0.0,2.76785e-07,2.76785e-07,1.3387437e-08,1.6949868e-07,1,1.0302352,0.02397737,556977.25,729927.7,273425.47,364567.28,0.75,0.76305807
ref,20,1,3,6,1,3.3512058,1.383558,1.1740619,10.594437,184.44374,0.0,-30.0,0.0,3.2210528e-07,3.2210528e-07,1.308738e-08,1.921756e-07,1,1.0358046,0.028394183,556977.25,729927.7,273425.47,364567.28,0.75,0.76305807
ref,21,1,3,7,1,3.3512058,1.383558,1.1740619,11.713875,184.44374,0.0,-30.0,0.0,2.7621672e-07,2.7621672e-07,1.334871e-08,1.740243e-07,1,1.0448426,0.03556154,556977.25,729927.7,273425.47,364567.28,0.75,0.76305807
ref,22,1,4,1,1,3.3512058,1.383558,1.3624556,7.440933,184.44374,0.0,-30.0,0.0,4.134034e-07,4.134034e-07,1.3166161e-08,2.4960488e-07,1,1.0108391,0.008595738,556977.25,729927.7,273425.47,364567.28,0.75,0.76305807
ref,23,1,4,2,1,3.3512058,1.383558,1.3624556,8.210707,184.44374,0.0,-30.0,0.0,4.490464e-07,4.490464e-07,1.3042818e-08,2.659783e-07,1,1.0120914,0.009588875,556977.25,729927.7,273425.47,364567.28,0.75,0.76305807
ref,24,1,4,3,1,3.3512058,1.383558,1.3624556,8.83787,184.44374,0.0,-30.0,0.0,4.0495303e-07,4.0495303e-07,1.3188049e-08,2.3051092e-07,1,1.01457,0.011554411,556977.25,729927.7,273425.47,364567.28,0.75,0.76305807
ref,25,1,4,4,1,3.3512058,1.383558,1.3624556,9.439931,184.44374,0.0,-30.0,0.0,3.9192415e-07,3.9192415e-07,1.3978689e-08,2.411608e-07,1,1.0175638,0.013928599,556977.25,729927.7,273425.47,364567.28,0.75,0.76305807
ref,26,1,4,5,1,3.3512058,1.383558,1.3624556,10.082948,184.44374,0.0,-30.0,0.0,3.3683062e-07,3.3683062e-07,1.2584139e-08,1.967862e-07,1,1.0207388,0.016446533,556977.25,729927.7,273425.47,364567.28,0.75,0.76305807
ref,27,1,4,6,1,3.3512058,1.383558,1.3624556,10.852851,184.44374,0.0,-30.0,0.0,4.4295987e-07,4.4295987e-07,1.4753964e-08,2.6518265e-07,1,1.024617,0.01952196,556977.25,729927.7,273425.47,364567.28,0.75,0.76305807
ref,28,1,4,7,1,3.3512058,1.383558,1.3624556,11.974865,184.44374,0.0,-30.0,0.0,3.4329872e-07,3.4329872e-07,1.3619457e-08,2.0795608e-07,1,1.0302632,0.023999576,556977.25,729927.7,273425.47,364567.28,0.75,0.76305807
ref,29,1,5,1,1,3.3512058,1.383558,1.5742481,7.6903214,184.44374,0.0,-30.0,0.0,4.450534e-07,4.450534e-07,1.29032545e-08,2.471054e-07,1,1.0073063,0.0057941787,556977.25,729927.7,273425.47,364567.28,0.75,0.76305807
ref,30,1,5,2,1,3.3512058,1.383558,1.5742481,8.466643,184.44374,0.0,-30.0,0.0,3.828147e-07,3.828147e-07,1.4270956e-08,2.2414399e-07,1,1.00842,0.0066772676,556977.25,729927.7,273425.47,364567.28,0.75,0.76305807
ref,31,1,5,3,1,3.3512058,1.383558,1.5742481,9.097894,184.44374,0.0,-30.0,0.0,6.2985396e-07,6.2985396e-07,1.37158676e-08,3.6994757e-07,1,1.010335,0.008195918,556977.25,729927.7,273425.47,364567.28,0.75,0.76305807
ref,32,1,5,4,1,3.3512058,1.383558,1.5742481,9.70291,184.44374,0.0,-30.0,0.0,3.5747246e-07,3.5747246e-07,1.5038815e-08,2.18995e-07,1,1.0123163,0.009767226,556977.25,729927.7,273425.47,364567.28,0.75,0.76305807
ref,33,1,5,5,1,3.3512058,1.383558,1.5742481,10.3480835,184.44374,0.0,-30.0,0.0,3.8857212e-07,3.8857212e-07,1.411575e-08,2.421449e-07,1,1.0143366,0.01136933,556977.25,729927.7,273425.47,364567.28,0.75,0.76305807
ref,34,1,5,6,1,3.3512058,1.383558,1.5742481,11.119362,184.44374,0.0,-30.0,0.0,3.9267786e-07,3.9267786e-07,1.3441912e-08,2.2635248e-07,1,1.0170254,0.013501622,556977.25,729927.7,273425.47,364567.28,0.75,0.76305807
ref,35,1,5,7,1,3.3512058,1.383558,1.5742481,12.241058,184.44374,0.0,-30.0,0.0,3.5039986e-07,3.5039986e-07,1.3966401e-08,2.1050809e-07,1,1.0205402,0.01628907,556977.25,729927.7,273425.47,364567.28,0.75,0.76305807
ref,36,1,6,1,1,3.3512058,1.383558,1.8414528,7.987875,184.44374,0.0,-30.0,0.0,5.876799e-07,5.876799e-07,1.700323e-08,3.408863e-07,1,1.0047534,0.0037695111,556977.25,729927.7,273425.47,364567.28,0.75,0.76305807
ref,37,1,6,2,1,3.3512058,1.383558,1.8414528,8.769733,184.44374,0.0,-30.0,0.0,5.625882e-07,5.625882e-07,1.6199817e-08,3.221337e-07,1,1.0058012,0.0046004793,556977.25,729927.7,273425.47,364567.28,0.75,0.76305807
ref,38,1,6,3,1,3.3512058,1.383558,1.8414528,9.4039345,184.44374,0.0,-30.0,0.0,5.736388e-07,5.736388e-07,1.632892e-08,3.252414e-07,1,1.0070966,0.0056278706,556977.25,729927.7,273425.47,364567.28,0.75,0.76305807
ref,39,1,6,4,1,3.3512058,1.383558,1.8414528,10.010581,184.44374,0.0,-30.0,0.0,5.5283124e-07,5.5283124e-07,1.592888e-08,3.1759453e-07,1,1.0083419,0.0066154,556977.25,729927.7,273425.47,364567.28,0.75,0.76305807
ref,40,1,6,5,1,3.3512058,1.383558,1.8414528,10.656306,184.44374,0.0,-30.0,0.0,4.7335988e-07,4.7335988e-07,1.53344e-08,2.6574222e-07,1,1.0096266,0.007634225,556977.25,729927.7,273425.47,364567.28,0.75,0.76305807
ref,41,1,6,6,1,3.3512058,1.383558,1.8414528,11.42669,184.44374,0.0,-30.0,0.0,5.2905796e-07,5.2905796e-07,1.5425572e-08,3.0878226e-07,1,1.0113536,0.009003751,556977.25,729927.7,273425.47,364567.28,0.75,0.76305807
ref,42,1,6,7,1,3.3512058,1.383558,1.8414528,12.544345,184.44374,0.0,-30.0,0.0,3.4477412e-07,3.4477412e-07,1.5468448e-08,2.005795e-07,1,1.0134184,0.010641267,556977.25,729927.7,273425.47,364567.28,0.75,0.76305807
ref,43,1,7,1,1,3.3512058,1.383558,2.2553716,8.4196,184.44374,0.0,-30.0,0.0,9.864079e-07,9.864079e-07,1.7446746e-08,5.230464e-07,1,1.0028418,0.0022536272,556977.25,729927.7,273425.47,364567.28,0.75,0.76305807
ref,44,1,7,2,1,3.3512058,1.383558,2.2553716,9.205305,184.44374,0.0,-30.0,0.0,7.5315603e-07,7.5315603e-07,1.655176e-08,4.187312e-07,1,1.0036527,0.0028967324,556977.25,729927.7,273425.47,364567.28,0.75,0.76305807
ref,45,1,7,3,1,3.3512058,1.383558,2.2553716,9.840343,184.44374,0.0,-30.0,0.0,1.1274759e-06,1.1274759e-06,1.7345833e-08,6.0276176e-07,1,1.0043688,0.0034645945,556977.25,729927.7,273425.47,364567.28,0.75,0.76305807
ref,46,1,7,4,1,3.3512058,1.383558,2.2553716,10.446002,184.44374,0.0,-30.0,0.0,1.0295212e-06,1.0295212e-06,1.7499564e-08,5.3974725e-07,1,1.005015,0.003977062,556977.25,729927.7,273425.47,364567.28,0.75,0.76305807
ref,47,1,7,5,1,3.3512058,1.383558,2.2553716,11.088873,184.44374,0.0,-30.0,0.0,8.334121e-07,8.334121e-07,1.8636868e-08,4.6155833e-07,1,1.0058047,0.0046032765,556977.25,729927.7,273425.47,364567.28,0.75,0.76305807
ref,48,1,7,6,1,3.3512058,1.383558,2.2553716,11.853586,184.44374,0.0,-30.0,0.0,7.517973e-07,7.517973e-07,1.7555655e-08,4.3974637e-07,1,1.0066736,0.005292357,556977.25,729927.7,273425.47,364567.28,0.75,0.76305807
ref,49,1,7,7,1,3.3512058,1.383558,2.2553716,12.958938,184.44374,0.0,-30.0,0.0,5.0309666e-07,5.0309666e-07,1.7424295e-08,2.8595298e-07,1,1.0076847,0.006094198,556977.25,729927.7,273425.47,364567.28,0.75,0.76305807
ref,50,1,1,1,2,3.2005703,1.1123898,0.7768452,6.6568193,184.44374,0.0,-30.0,0.0,7.1330106e-08,7.1330106e-08,1.1692118e-09,3.3340225e-08,1,1.03686,0.02923111,479045.84,627797.4,247868.06,330490.75,0.75,0.76305807
ref,51,1,1,2,2,3.2005703,1.1123898,0.7768452,7.393875,184.44374,0.0,-30.0,0.0,8.164031e-08,8.164031e-08,1.1807695e-09,3.725267e-08,1,1.0421609,0.033434883,479045.84,627797.4,247868.06,330490.75,0.75,0.76305807
ref,52,1,1,3,2,3.2005703,1.1123898,0.7768452,7.9978156,184.44374,0.0,-30.0,0.0,1.1154469e-07,1.1154469e-07,1.1949832e-09,5.4891597e-08,1,1.045683,0.03622799,479045.84,627797.4,247868.06,330490.75,0.75,0.76305807
ref,53,1,1,4,2,3.2005703,1.1123898,0.7768452,8.580277,184.44374,0.0,-30.0,0.0,6.845518e-08,6.845518e-08,1.3241522e-09,3.3720372e-08,1,1.0521307,0.041341193,479045.84,627797.4,247868.06,330490.75,0.75,0.76305807
ref,54,1,1,5,2,3.2005703,1.1123898,0.7768452,9.205103,184.44374,0.0,-30.0,0.0,7.549125e-08,7.549125e-08,1.2296276e-09,3.5498637e-08,1,1.0634215,0.050295137,479045.84,627797.4,247868.06,330490.75,0.75,0.76305807
ref,55,1,1,6,2,3.2005703,1.1123898,0.7768452,9.956741,184.44374,0.0,-30.0,0.0,1.04724585e-07,1.04724585e-07,1.1665212e-09,4.964455e-08,1,1.0772212,0.06123872,479045.84,627797.4,247868.06,330490.75,0.75,0.76305807
ref,56,1,1,7,2,3.2005703,1.1123898,0.7768452,11.058464,184.44374,0.0,-30.0,0.0,7.968861e-08,7.968861e-08,1.3074529e-09,3.8313036e-08,1,1.0974616,0.07728996,479045.84,627797.4,247868.06,330490.75,0.75,0.76305807
ref,57,1,2,1,2,3.2005703,1.1123898,0.98856467,6.960857,184.44374,0.0,-30.0,0.0,9.7502934e-08,9.7502934e-08,1.3851682e-09,4.5731653e-08,1,1.0193303,0.015329446,479045.84,627797.4,247868.06,330490.75,0.75,0.76305807
ref,58,1,2,2,2,3.2005703,1.1123898,0.98856467,7.7128434,184.44374,0.0,-30.0,0.0,1.08277575e-07,1.08277575e-07,1.286487e-09,5.05142e-08,1,1.0217942,0.017283455,479045.84,627797.4,247868.06,330490.75,0.75,0.76305807
ref,59,1,2,3,2,3.2005703,1.1123898,0.98856467,8.327732,184.44374,0.0,-30.0,0.0,1.2525412e-07,1.2525412e-07,1.3616389e-09,6.0525345e-08,1,1.024124,0.01913104,479045.84,627797.4,247868.06,330490.75,0.75,0.76305807
ref,60,1,2,4,2,3.2005703,1.1123898,0.98856467,8.919738,184.44374,0.0,-30.0,0.0,9.3274686e-08,9.3274686e-08,1.2544278e-09,4.3186343e-08,1,1.028894,0.022913728,479045.84,627797.4,247868.06,330490.75,0.75,0.76305807
ref,61,1,2,5,2,3.2005703,1.1123898,0.98856467,9.553771,184.44374,0.0,-30.0,0.0,8.5446494e-08,8.5446494e-08,1.2494067e-09,4.067865e-08,1,1.0349146,0.027688308,479045.84,627797.4,247868.06,330490.75,0.75,0.76305807
ref,62,1,2,6,2,3.2005703,1.1123898,0.98856467,10.315182,184.44374,0.0,-30.0,0.0,1.07193515e-07,1.07193515e-07,1.3305824e-09,5.056714e-08,1,1.0418772,0.03320986,479045.84,627797.4,247868.06,330490.75,0.75,0.76305807
ref,63,1,2,7,2,3.2005703,1.1123898,0.98856467,11.428846,184.44374,0.0,-30.0,0.0,8.615995e-08,8.615995e-08,1.1626549e-09,4.1062993e-08,1,1.0528742,0.04193085,479045.84,627797.4,247868.06,330490.75,0.75,0.76305807
ref,64,1,3,1,2,3.2005703,1.1123898,1.1740619,7.206446,184.44374,0.0,-30.0,0.0,1.4249643e-07,1.4249643e-07,1.2478516e-09,6.825018e-08,1,1.0121357,0.0096240565,479045.84,627797.4,247868.06,330490.75,0.75,0.76305807
ref,65,1,3,2,2,3.2005703,1.1123898,1.1740619,7.9684143,184.44374,0.0,-30.0,0.0,1.08503485e-07,1.08503485e-07,1.4075072e-09,5.102027e-08,1,1.0135355,0.010734072,479045.84,627797.4,247868.06,330490.75,0.75,0.76305807
ref,66,1,3,3,2,3.2005703,1.1123898,1.1740619,8.5903225,184.44374,0.0,-30.0,0.0,1.801734e-07,1.801734e-07,1.5433237e-09,8.890781e-08,1,1.0156106,0.0123797,479045.84,627797.4,247868.06,330490.75,0.75,0.76305807
ref,67,1,3,4,2,3.2005703,1.1123898,1.1740619,9.188218,184.44374,0.0,-30.0,0.0,1.1296138e-07,1.1296138e-07,1.2828946e-09,5.3963e-08,1,1.0189571,0.015033566,479045.84,627797.4,247868.06,330490.75,0.75,0.76305807
ref,68,1,3,5,2,3.2005703,1.1123898,1.1740619,9.827664,184.44374,0.0,-30.0,0.0,1.6354896e-07,1.6354896e-07,1.2798804e-09,7.8192414e-08,1,1.0226631,0.017972566,479045.84,627797.4,247868.06,330490.75,0.75,0.76305807
ref,69,1,3,6,2,3.2005703,1.1123898,1.1740619,10.594437,184.44374,0.0,-30.0,0.0,1.197714e-07,1.197714e-07,1.2554483e-09,5.7466053e-08,1,1.0268683,0.021307398,479045.84,627797.4,247868.06,330490.75,0.75,0.76305807
ref,70,1,3,7,2,3.2005703,1.1123898,1.1740619,11.713875,184.44374,0.0,-30.0,0.0,1.3107451e-07,1.3107451e-07,1.4140056e-09,6.06296e-08,1,1.0337126,0.026735106,479045.84,627797.4,247868.06,330490.75,0.75,0.76305807
ref,71,1,4,1,2,3.2005703,1.1123898,1.3624556,7.440933,184.44374,0.0,-30.0,0.0,1.6394287e-07,1.6394287e-07,1.6120554e-09,8.1392855e-08,1,1.0080926,0.006417724,479045.84,627797.4,247868.06,330490.75,0.75,0.76305807
ref,72,1,4,2,2,3.2005703,1.1123898,1.3624556,8.210707,184.44374,0.0,-30.0,0.0,1.6935503e-07,1.6935503e-07,1.4732929e-09,8.500666e-08,1,1.00903,0.0071610347,479045.84,627797.4,247868.06,330490.75,0.75,0.76305807
ref,73,1,4,3,2,3.2005703,1.1123898,1.3624556,8.83787,184.44374,0.0,-30.0,0.0,1.3622238e-07,1.3622238e-07,1.5252609e-09,6.543319e-08,1,1.0108864,0.008633248,479045.84,627797.4,247868.06,330490.75,0.75,0.76305807
ref,74,1,4,4,2,3.2005703,1.1123898,1.3624556,9.439931,184.44374,0.0,-30.0,0.0,1.6197508e-07,1.6197508e-07,1.2083413e-09,8.066674e-08,1,1.0131313,0.010413523,479045.84,627797.4,247868.06,330490.75,0.75,0.76305807
ref,75,1,4,5,2,3.2005703,1.1123898,1.3624556,10.082948,184.44374,0.0,-30.0,0.0,1.3762501e-07,1.3762501e-07,1.3311829e-09,6.488083e-08,1,1.0155151,0.012303948,479045.84,627797.4,247868.06,330490.75,0.75,0.76305807
ref,76,1,4,6,2,3.2005703,1.1123898,1.3624556,10.852851,184.44374,0.0,-30.0,0.0,1.331441e-07,1.331441e-07,1.2356132e-09,6.487577e-08,1,1.0184308,0.014616243,479045.84,627797.4,247868.06,330490.75,0.75,0.76305807
ref,77,1,4,7,2,3.2005703,1.1123898,1.3624556,11.974865,184.44374,0.0,-30.0,0.0,1.08728365e-07,1.08728365e-07,1.3295913e-09,4.975886e-08,1,1.0226843,0.017989313,479045.84,627797.4,247868.06,330490.75,0.75,0.76305807
ref,78,1,5,1,2,3.2005703,1.1123898,1.5742481,7.6903214,184.44374,0.0,-30.0,0.0,3.1016972e-07,3.1016972e-07,2.0548279e-09,1.6159929e-07,1,1.0054512,0.004322937,479045.84,627797.4,247868.06,330490.75,0.75,0.76305807
ref,79,1,5,2,2,3.2005703,1.1123898,1.5742481,8.466643,184.44374,0.0,-30.0,0.0,2.0904865e-07,2.0904865e-07,1.5181049e-09,9.9636175e-08,1,1.0062834,0.0049829185,479045.84,627797.4,247868.06,330490.75,0.75,0.76305807
ref,80,1,5,3,2,3.2005703,1.1123898,1.5742481,9.097894,184.44374,0.0,-30.0,0.0,2.1514225e-07,2.1514225e-07,1.5951388e-09,1.1139646e-07,1,1.0077155,0.0061185863,479045.84,627797.4,247868.06,330490.75,0.75,0.76305807
ref,81,1,5,4,2,3.2005703,1.1123898,1.5742481,9.70291,184.44374,0.0,-30.0,0.0,2.173968e-07,2.173968e-07,1.4965822e-09,1.0157265e-07,1,1.0091983,0.0072945612,479045.84,627797.4,247868.06,330490.75,0.75,0.76305807
ref,82,1,5,5,2,3.2005703,1.1123898,1.5742481,10.3480835,184.44374,0.0,-30.0,0.0,1.4661128e-07,1.4661128e-07,1.4536677e-09,7.199013e-08,1,1.0107116,0.008494557,479045.84,627797.4,247868.06,330490.75,0.75,0.76305807
ref,83,1,5,6,2,3.2005703,1.1123898,1.5742481,11.119362,184.44374,0.0,-30.0,0.0,2.0765502e-07,2.0765502e-07,1.6640902e-09,1.065761e-07,1,1.0127274,0.010093195,479045.84,627797.4,247868.06,330490.75,0.75,0.76305807
ref,84,1,5,7,2,3.2005703,1.1123898,1.5742481,12.241058,184.44374,0.0,-30.0,0.0,2.0266052e-07,2.0266052e-07,1.6884537e-09,9.669776e-08,1,1.015366,0.012185657,479045.84,627797.4,247868.06,330490.75,0.75,0.76305807
ref,85,1,6,1,2,3.2005703,1.1123898,1.8414528,7.987875,184.44374,0.0,-30.0,0.0,3.3561545e-07,3.3561545e-07,1.9240467e-09,1.5999457e-07,1,1.0035446,0.0028109138,479045.84,627797.4,247868.06,330490.75,0.75,0.76305807
ref,86,1,6,2,2,3.2005703,1.1123898,1.8414528,8.769733,184.44374,0.0,-30.0,0.0,3.1088368e-07,3.1088368e-07,1.7253842e-09,1.504044e-07,1,1.0043268,0.0034312925,479045.84,627797.4,247868.06,330490.75,0.75,0.76305807
ref,87,1,6,3,2,3.2005703,1.1123898,1.8414528,9.4039345,184.44374,0.0,-30.0,0.0,5.3939044e-07,5.3939044e-07,1.8335382e-09,2.60923e-07,1,1.0052944,0.0041986792,479045.84,627797.4,247868.06,330490.75,0.75,0.76305807
ref,88,1,6,4,2,3.2005703,1.1123898,1.8414528,10.010581,184.44374,0.0,-30.0,0.0,4.7087616e-07,4.7087616e-07,1.7707299e-09,2.1834079e-07,1,1.0062251,0.0049366714,479045.84,627797.4,247868.06,330490.75,0.75,0.76305807
ref,89,1,6,5,2,3.2005703,1.1123898,1.8414528,10.656306,184.44374,0.0,-30.0,0.0,2.614721e-07,2.614721e-07,2.1439726e-09,1.2890405e-07,1,1.0071857,0.0056984415,479045.84,627797.4,247868.06,330490.75,0.75,0.76305807
ref,90,1,6,6,2,3.2005703,1.1123898,1.8414528,11.42669,184.44374,0.0,-30.0,0.0,2.0459919e-07,2.0459919e-07,1.5907281e-09,1.0062761e-07,1,1.0084777,0.006723055,479045.84,627797.4,247868.06,330490.75,0.75,0.76305807
ref,91,1,6,7,2,3.2005703,1.1123898,1.8414528,12.544345,184.44374,0.0,-30.0,0.0,2.1670077e-07,2.1670077e-07,1.9586803e-09,1.12331506e-07,1,1.0100237,0.007949106,479045.84,627797.4,247868.06,330490.75,0.75,0.76305807
ref,92,1,7,1,2,3.2005703,1.1123898,2.2553716,8.4196,184.44374,0.0,-30.0,0.0,8.9589946e-07,8.9589946e-07,2.5491176e-09,4.2615835e-07,1,1.0021183,0.0016798734,479045.84,627797.4,247868.06,330490.75,0.75,0.76305807
ref,93,1,7,2,2,3.2005703,1.1123898,2.2553716,9.205305,184.44374,0.0,-30.0,0.0,5.5851143e-07,5.5851143e-07,2.8346592e-09,2.7272884e-07,1,1.0027232,0.002159604,479045.84,627797.4,247868.06,330490.75,0.75,0.76305807
ref,94,1,7,3,2,3.2005703,1.1123898,2.2553716,9.840343,184.44374,0.0,-30.0,0.0,4.267875e-07,4.267875e-07,1.8144644e-09,2.1464918e-07,1,1.0032575,0.0025833375,479045.84,627797.4,247868.06,330490.75,0.75,0.76305807
ref,95,1,7,4,2,3.2005703,1.1123898,2.2553716,10.446002,184.44374,0.0,-30.0,0.0,5.0438723e-07,5.0438723e-07,2.4084363e-09,2.434339e-07,1,1.0037398,0.0029658412,479045.84,627797.4,247868.06,330490.75,0.75,0.76305807
ref,96,1,7,5,2,3.2005703,1.1123898,2.2553716,11.088873,184.44374,0.0,-30.0,0.0,3.423794e-07,3.423794e-07,2.2577504e-09,1.643692e-07,1,1.0043294,0.0034333812,479045.84,627797.4,247868.06,330490.75,0.75,0.76305807
ref,97,1,7,6,2,3.2005703,1.1123898,2.2553716,11.853586,184.44374,0.0,-30.0,0.0,4.173108e-07,4.173108e-07,2.5874447e-09,2.0970744e-07,1,1.0049784,0.0039480305,479045.84,627797.4,247868.06,330490.75,0.75,0.76305807
ref,98,1,7,7,2,3.2005703,1.1123898,2.2553716,12.958938,184.44374,0.0,-30.0,0.0,2.9336314e-07,2.9336314e-07,2.4457198e-09,1.4531815e-07,1,1.0057338,0.0045471247,479045.84,627797.4,247868.06,330490.75,0.75,0.76305807
ref,99,1,1,1,3,3.8741229,1.0108348,0.7768452,6.6568193,184.44374,0.0,-30.0,0.0,2.4186792e-07,2.4186792e-07,1.1380038e-08,1.5977672e-07,1,1.1082544,0.08584902,827508.7,1084463.6,362145.6,482860.8,0.75,0.76305807
ref,100,1,1,2,3,3.8741229,1.0108348,0.7768452,7.393875,184.44374,0.0,-30.0,0.0,2.57213e-07,2.57213e-07,1.2361541e-08,1.7463417e-07,1,1.1227927,0.097378336,827508.7,1084463.6,362145.6,482860.8,0.75,0.76305807
ref,101,1,1,3,3,3.8741229,1.0108348,0.7768452,7.9978156,184.44374,0.0,-30.0,0.0,2.5689005e-07,2.5689005e-07,1.23812685e-08,1.7855045e-07,1,1.1323195,0.10493329,827508.7,1084463.6,362145.6,482860.8,0.75,0.76305807
ref,102,1,1,4,3,3.8741229,1.0108348,0.7768452,8.580277,184.44374,0.0,-30.0,0.0,2.5311547e-07,2.5311547e-07,1.2072389e-08,1.7598569e-07,1,1.1494908,0.11855072,827508.7,1084463.6,362145.6,482860.8,0.75,0.76305807
ref,103,1,1,5,3,3.8741229,1.0108348,0.7768452,9.205103,184.44374,0.0,-30.0,0.0,2.5041942e-07,2.5041942e-07,1.1880541e-08,1.7074143e-07,1,1.1787505,0.1417545,827508.7,1084463.6,362145.6,482860.8,0.75,0.76305807
ref,104,1,1,6,3,3.8741229,1.0108348,0.7768452,9.956741,184.44374,0.0,-30.0,0.0,2.3641763e-07,2.3641763e-07,1.19701635e-08,1.6057967e-07,1,1.2131773,0.16905601,827508.7,1084463.6,362145.6,482860.8,0.75,0.76305807
ref,105,1,1,7,3,3.8741229,1.0108348,0.7768452,11.058464,184.44374,0.0,-30.0,0.0,2.6523506e-07,2.6523506e-07,1.2267621e-08,1.7101188e-07,1,1.2611904,0.20713179,827508.7,1084463.6,362145.6,482860.8,0.75,0.76305807
ref,106,1,2,1,3,3.8741229,1.0108348,0.98856467,6.960857,184.44374,0.0,-30.0,0.0,2.6154805e-07,2.6154805e-07,1.1350229e-08,1.6958224e-07,1,1.0583906,0.046305515,827508.7,1084463.6,362145.6,482860.8,0.75,0.76305807
ref,107,1,2,2,3,3.8741229,1.0108348,0.98856467,7.7128434,184.44374,0.0,-30.0,0.0,2.9397413e-07,2.9397413e-07,1.2888333e-08,1.889311e-07,1,1.0655706,0.051999453,827508.7,1084463.6,362145.6,482860.8,0.75,0.76305807
ref,108,1,2,3,3,3.8741229,1.0108348,0.98856467,8.327732,184.44374,0.0,-30.0,0.0,2.7111815e-07,2.7111815e-07,1.1634962e-08,1.8047623e-07,1,1.072307,0.057341605,827508.7,1084463.6,362145.6,482860.8,0.75,0.76305807
ref,109,1,2,4,3,3.8741229,1.0108348,0.98856467,8.919738,184.44374,0.0,-30.0,0.0,2.3672837e-07,2.3672837e-07,1.1493193e-08,1.5861252e-07,1,1.0859419,0.06815452,827508.7,1084463.6,362145.6,482860.8,0.75,0.76305807
ref,110,1,2,5,3,3.8741229,1.0108348,0.98856467,9.553771,184.44374,0.0,-30.0,0.0,2.5289094e-07,2.5289094e-07,1.30770434e-08,1.7791712e-07,1,1.1028575,0.08156904,827508.7,1084463.6,362145.6,482860.8,0.75,0.76305807
ref,111,1,2,6,3,3.8741229,1.0108348,0.98856467,10.315182,184.44374,0.0,-30.0,0.0,2.53265e-07,2.53265e-07,1.2313659e-08,1.672202e-07,1,1.1220207,0.096766055,827508.7,1084463.6,362145.6,482860.8,0.75,0.76305807
ref,112,1,2,7,3,3.8741229,1.0108348,0.98856467,11.428846,184.44374,0.0,-30.0,0.0,2.916836e-07,2.916836e-07,1.26608715e-08,1.9631715e-07,1,1.1514491,0.120103665,827508.7,1084463.6,362145.6,482860.8,0.75,0.76305807
ref,113,1,3,1,3,3.8741229,1.0108348,1.1740619,7.206446,184.44374,0.0,-30.0,0.0,3.0257345e-07,3.0257345e-07,1.3091157e-08,1.9653686e-07,1,1.0370928,0.029415706,827508.7,1084463.6,362145.6,482860.8,0.75,0.76305807
ref,114,1,3,2,3,3.8741229,1.0108348,1.1740619,7.9684143,184.44374,0.0,-30.0,0.0,3.5608477e-07,3.5608477e-07,1.0324963e-08,2.2020329e-07,1,1.0412759,0.032732997,827508.7,1084463.6,362145.6,482860.8,0.75,0.76305807
ref,115,1,3,3,3,3.8741229,1.0108348,1.1740619,8.5903225,184.44374,0.0,-30.0,0.0,3.6835021e-07,3.6835021e-07,1.0402161e-08,2.2191952e-07,1,1.0474421,0.03762299,827508.7,1084463.6,362145.6,482860.8,0.75,0.76305807
ref,116,1,3,4,3,3.8741229,1.0108348,1.1740619,9.188218,184.44374,0.0,-30.0,0.0,2.8449156e-07,2.8449156e-07,1.2253312e-08,1.8715998e-07,1,1.0572984,0.045439344,827508.7,1084463.6,362145.6,482860.8,0.75,0.76305807
ref,117,1,3,5,3,3.8741229,1.0108348,1.1740619,9.827664,184.44374,0.0,-30.0,0.0,3.126342e-07,3.126342e-07,1.4044596e-08,2.0296747e-07,1,1.0680891,0.05399668,827508.7,1084463.6,362145.6,482860.8,0.75,0.76305807
ref,118,1,3,6,3,3.8741229,1.0108348,1.1740619,10.594437,184.44374,0.0,-30.0,0.0,3.0557246e-07,3.0557246e-07,1.2978569e-08,2.0340168e-07,1,1.0801773,0.063583046,827508.7,1084463.6,362145.6,482860.8,0.75,0.76305807
ref,119,1,3,7,3,3.8741229,1.0108348,1.1740619,11.713875,184.44374,0.0,-30.0,0.0,4.7134043e-07,4.7134043e-07,1.2591479e-08,2.885297e-07,1,1.0995063,0.078911476,827508.7,1084463.6,362145.6,482860.8,0.75,0.76305807
ref,120,1,4,1,3,3.8741229,1.0108348,1.3624556,7.440933,184.44374,0.0,-30.0,0.0,3.607101e-07,3.607101e-07,1.0733503e-08,2.1911549e-07,1,1.0249008,0.019747097,827508.7,1084463.6,362145.6,482860.8,0.75,0.76305807
ref,121,1,4,2,3,3.8741229,1.0108348,1.3624556,8.210707,184.44374,0.0,-30.0,0.0,3.7604505e-07,3.7604505e-07,1.0099255e-08,2.361541e-07,1,1.0277418,0.022000054,827508.7,1084463.6,362145.6,482860.8,0.75,0.76305807
ref,122,1,4,3,3,3.8741229,1.0108348,1.3624556,8.83787,184.44374,0.0,-30.0,0.0,3.7149724e-07,3.7149724e-07,1.109234e-08,2.2632393e-07,1,1.0333426,0.026441723,827508.7,1084463.6,362145.6,482860.8,0.75,0.76305807
ref,123,1,4,4,3,3.8741229,1.0108348,1.3624556,9.439931,184.44374,0.0,-30.0,0.0,3.6306875e-07,3.6306875e-07,1.1600067e-08,2.2064938e-07,1,1.0400698,0.0317766,827508.7,1084463.6,362145.6,482860.8,0.75,0.76305807
ref,124,1,4,5,3,3.8741229,1.0108348,1.3624556,10.082948,184.44374,0.0,-30.0,0.0,3.491864e-07,3.491864e-07,1.2543963e-08,2.2503572e-07,1,1.0471592,0.03739862,827508.7,1084463.6,362145.6,482860.8,0.75,0.76305807
ref,125,1,4,6,3,3.8741229,1.0108348,1.3624556,10.852851,184.44374,0.0,-30.0,0.0,2.7609002e-07,2.7609002e-07,1.2096022e-08,1.8023721e-07,1,1.0557556,0.04421586,827508.7,1084463.6,362145.6,482860.8,0.75,0.76305807
ref,126,1,4,7,3,3.8741229,1.0108348,1.3624556,11.974865,184.44374,0.0,-30.0,0.0,3.2702488e-07,3.2702488e-07,1.37363845e-08,2.0849443e-07,1,1.0681502,0.05404515,827508.7,1084463.6,362145.6,482860.8,0.75,0.76305807
ref,127,1,5,1,3,3.8741229,1.0108348,1.5742481,7.6903214,184.44374,0.0,-30.0,0.0,3.8348745e-07,3.8348745e-07,1.2618407e-08,2.4914468e-07,1,1.0168468,0.013360018,827508.7,1084463.6,362145.6,482860.8,0.75,0.76305807
ref,128,1,5,2,3,3.8741229,1.0108348,1.5742481,8.466643,184.44374,0.0,-30.0,0.0,4.4445517e-07,4.4445517e-07,1.1656321e-08,2.6239553e-07,1,1.0193919,0.015378378,827508.7,1084463.6,362145.6,482860.8,0.75,0.76305807
ref,129,1,5,3,3,3.8741229,1.0108348,1.5742481,9.097894,184.44374,0.0,-30.0,0.0,3.2121216e-07,3.2121216e-07,1.3200099e-08,2.043462e-07,1,1.0237551,0.018838443,827508.7,1084463.6,362145.6,482860.8,0.75,0.76305807
ref,130,1,5,4,3,3.8741229,1.0108348,1.5742481,9.70291,184.44374,0.0,-30.0,0.0,4.561197e-07,4.561197e-07,1.1009877e-08,2.760989e-07,1,1.0282512,0.022404028,827508.7,1084463.6,362145.6,482860.8,0.75,0.76305807
ref,131,1,5,5,3,3.8741229,1.0108348,1.5742481,10.3480835,184.44374,0.0,-30.0,0.0,4.4012944e-07,4.4012944e-07,1.2008113e-08,2.6323053e-07,1,1.0328165,0.026024453,827508.7,1084463.6,362145.6,482860.8,0.75,0.76305807
ref,132,1,5,6,3,3.8741229,1.0108348,1.5742481,11.119362,184.44374,0.0,-30.0,0.0,4.3034194e-07,4.3034194e-07,1.2683105e-08,2.679288e-07,1,1.0388631,0.030819597,827508.7,1084463.6,362145.6,482860.8,0.75,0.76305807
ref,133,1,5,7,3,3.8741229,1.0108348,1.5742481,12.241058,184.44374,0.0,-30.0,0.0,3.018686e-07,3.018686e-07,1.289688e-08,1.9366095e-07,1,1.0467172,0.037048116,827508.7,1084463.6,362145.6,482860.8,0.75,0.76305807
ref,134,1,6,1,3,3.8741229,1.0108348,1.8414528,7.987875,184.44374,0.0,-30.0,0.0,5.505904e-07,5.505904e-07,1.34863445e-08,3.4040744e-07,1,1.0109892,0.008714783,827508.7,1084463.6,362145.6,482860.8,0.75,0.76305807
ref,135,1,6,2,3,3.8741229,1.0108348,1.8414528,8.769733,184.44374,0.0,-30.0,0.0,6.8238916e-07,6.8238916e-07,1.4392868e-08,3.8874938e-07,1,1.0133971,0.010624284,827508.7,1084463.6,362145.6,482860.8,0.75,0.76305807
ref,136,1,6,3,3,3.8741229,1.0108348,1.8414528,9.4039345,184.44374,0.0,-30.0,0.0,6.018672e-07,6.018672e-07,1.3118844e-08,3.4710675e-07,1,1.0163668,0.012979385,827508.7,1084463.6,362145.6,482860.8,0.75,0.76305807
ref,137,1,6,4,3,3.8741229,1.0108348,1.8414528,10.010581,184.44374,0.0,-30.0,0.0,4.99009e-07,4.99009e-07,1.391438e-08,2.8564807e-07,1,1.0192138,0.015237127,827508.7,1084463.6,362145.6,482860.8,0.75,0.76305807
ref,138,1,6,5,3,3.8741229,1.0108348,1.8414528,10.656306,184.44374,0.0,-30.0,0.0,5.413339e-07,5.413339e-07,1.2425976e-08,3.1802918e-07,1,1.0221432,0.017560296,827508.7,1084463.6,362145.6,482860.8,0.75,0.76305807
ref,139,1,6,6,3,3.8741229,1.0108348,1.8414528,11.42669,184.44374,0.0,-30.0,0.0,3.2736872e-07,3.2736872e-07,1.527249e-08,2.0720633e-07,1,1.0260689,0.020673394,827508.7,1084463.6,362145.6,482860.8,0.75,0.76305807
ref,140,1,6,7,3,3.8741229,1.0108348,1.8414528,12.544345,184.44374,0.0,-30.0,0.0,3.914275e-07,3.914275e-07,1.5734885e-08,2.435746e-07,1,1.0307442,0.024381056,827508.7,1084463.6,362145.6,482860.8,0.75,0.76305807
ref,141,1,7,1,3,3.8741229,1.0108348,2.2553716,8.4196,184.44374,0.0,-30.0,0.0,7.46042e-07,7.46042e-07,1.4381173e-08,4.2422388e-07,1,1.0065831,0.0052206125,827508.7,1084463.6,362145.6,482860.8,0.75,0.76305807
ref,142,1,7,2,3,3.8741229,1.0108348,2.2553716,9.205305,184.44374,0.0,-30.0,0.0,8.095195e-07,8.095195e-07,1.6590407e-08,4.7753014e-07,1,1.0084546,0.0067047,827508.7,1084463.6,362145.6,482860.8,0.75,0.76305807
ref,143,1,7,3,3,3.8741229,1.0108348,2.2553716,9.840343,184.44374,0.0,-30.0,0.0,8.2184295e-07,8.2184295e-07,1.36296325e-08,4.5706835e-07,1,1.0101044,0.00801306,827508.7,1084463.6,362145.6,482860.8,0.75,0.76305807
ref,144,1,7,4,3,3.8741229,1.0108348,2.2553716,10.446002,184.44374,0.0,-30.0,0.0,5.231277e-07,5.231277e-07,1.6575084e-08,3.0606176e-07,1,1.0115911,0.009192111,827508.7,1084463.6,362145.6,482860.8,0.75,0.76305807
ref,145,1,7,5,3,3.8741229,1.0108348,2.2553716,11.088873,184.44374,0.0,-30.0,0.0,5.306574e-07,5.306574e-07,1.3176959e-08,3.0304392e-07,1,1.0134052,0.010630705,827508.7,1084463.6,362145.6,482860.8,0.75,0.76305807
ref,146,1,7,6,3,3.8741229,1.0108348,2.2553716,11.853586,184.44374,0.0,-30.0,0.0,5.839016e-07,5.839016e-07,1.4589802e-08,3.2720848e-07,1,1.0153979,0.012210983,827508.7,1084463.6,362145.6,482860.8,0.75,0.76305807
ref,147,1,7,7,3,3.8741229,1.0108348,2.2553716,12.958938,184.44374,0.0,-30.0,0.0,4.4764664e-07,4.4764664e-07,1.3804167e-08,2.7581964e-07,1,1.0177121,0.014046258,827508.7,1084463.6,362145.6,482860.8,0.75,0.76305807
ref,148,1,1,1,4,3.5883133,0.8609886,0.7768452,6.6568193,184.44374,0.0,-30.0,0.0,3.3277367e-08,3.3277367e-08,5.198122e-10,1.5427583e-08,1,1.072512,0.05750423,679644.94,890685.7,313654.03,418205.38,0.75,0.76305807
ref,149,1,1,2,4,3.5883133,0.8609886,0.7768452,7.393875,184.44374,0.0,-30.0,0.0,3.1091844e-08,3.1091844e-08,5.154415e-10,1.5364838e-08,1,1.0825942,0.06549966,679644.94,890685.7,313654.03,418205.38,0.75,0.76305807
ref,150,1,1,3,4,3.5883133,0.8609886,0.7768452,7.9978156,184.44374,0.0,-30.0,0.0,5.6173203e-08,5.6173203e-08,6.342039e-10,2.7324091e-08,1,1.0892466,0.070775285,679644.94,890685.7,313654.03,418205.38,0.75,0.76305807
ref,151,1,1,4,4,3.5883133,0.8609886,0.7768452,8.580277,184.44374,0.0,-30.0,0.0,3.2065138e-08,3.2065138e-08,5.221932e-10,1.4582492e-08,1,1.1013303,0.08035792,679644.94,890685.7,313654.03,418205.38,0.75,0.76305807
ref,152,1,1,5,4,3.5883133,0.8609886,0.7768452,9.205103,184.44374,0.0,-30.0,0.0,3.0372792e-08,3.0372792e-08,4.865933e-10,1.4099933e-08,1,1.1221998,0.09690813,679644.94,890685.7,313654.03,418205.38,0.75,0.76305807
ref,153,1,1,6,4,3.5883133,0.8609886,0.7768452,9.956741,184.44374,0.0,-30.0,0.0,2.7945072e-08,2.7945072e-08,5.1457943e-10,1.3163281e-08,1,1.1472168,0.1167473,679644.94,890685.7,313654.03,418205.38,0.75,0.76305807
ref,154,1,1,7,4,3.5883133,0.8609886,0.7768452,11.058464,184.44374,0.0,-30.0,0.0,2.9399077e-08,2.9399077e-08,5.319245e-10,1.3315568e-08,1,1.1829679,0.14509904,679644.94,890685.7,313654.03,418205.38,0.75,0.76305807
ref,155,1,2,1,4,3.5883133,0.8609886,0.98856467,6.960857,184.44374,0.0,-30.0,0.0,3.7208185e-08,3.7208185e-08,5.7798477e-10,1.7264135e-08,1,1.038561,0.030580062,679644.94,890685.7,313654.03,418205.38,0.75,0.76305807
ref,156,1,2,2,4,3.5883133,0.8609886,0.98856467,7.7128434,184.44374,0.0,-30.0,0.0,6.8369246e-08,6.8369246e-08,5.7532046e-10,3.1154293e-08,1,1.0433906,0.034410097,679644.94,890685.7,313654.03,418205.38,0.75,0.76305807
ref,157,1,2,3,4,3.5883133,0.8609886,0.98856467,8.327732,184.44374,0.0,-30.0,0.0,3.6429373e-08,3.6429373e-08,6.4808553e-10,1.7161222e-08,1,1.0479398,0.03801768,679644.94,890685.7,313654.03,418205.38,0.75,0.76305807
ref,158,1,2,4,4,3.5883133,0.8609886,0.98856467,8.919738,184.44374,0.0,-30.0,0.0,4.3280828e-08,4.3280828e-08,5.1362187e-10,1.8903417e-08,1,1.0572009,0.04536203,679644.94,890685.7,313654.03,418205.38,0.75,0.76305807
ref,159,1,2,5,4,3.5883133,0.8609886,0.98856467,9.553771,184.44374,0.0,-30.0,0.0,4.06368e-08,4.06368e-08,4.989332e-10,1.8783757e-08,1,1.0687907,0.054553043,679644.94,890685.7,313654.03,418205.38,0.75,0.76305807
ref,160,1,2,6,4,3.5883133,0.8609886,0.98856467,10.315182,184.44374,0.0,-30.0,0.0,3.8510063e-08,3.8510063e-08,4.8093196e-10,1.8532202e-08,1,1.0820566,0.06507337,679644.94,890685.7,313654.03,418205.38,0.75,0.76305807
ref,161,1,2,7,4,3.5883133,0.8609886,0.98856467,11.428846,184.44374,0.0,-30.0,0.0,2.6112502e-08,2.6112502e-08,4.729528e-10,1.2132888e-08,1,1.1027158,0.081456795,679644.94,890685.7,313654.03,418205.38,0.75,0.76305807
ref,162,1,3,1,4,3.5883133,0.8609886,1.1740619,7.206446,184.44374,0.0,-30.0,0.0,7.8566345e-08,7.8566345e-08,5.777889e-10,3.6812544e-08,1,1.0243496,0.019309934,679644.94,890685.7,313654.03,418205.38,0.75,0.76305807
ref,163,1,3,2,4,3.5883133,0.8609886,1.1740619,7.9684143,184.44374,0.0,-30.0,0.0,7.622604e-08,7.622604e-08,6.973157e-10,3.387305e-08,1,1.0271274,0.021512827,679644.94,890685.7,313654.03,418205.38,0.75,0.76305807
ref,164,1,3,3,4,3.5883133,0.8609886,1.1740619,8.5903225,184.44374,0.0,-30.0,0.0,8.4806416e-08,8.4806416e-08,6.4377514e-10,3.9719776e-08,1,1.031234,0.02476956,679644.94,890685.7,313654.03,418205.38,0.75,0.76305807
ref,165,1,3,4,4,3.5883133,0.8609886,1.1740619,9.188218,184.44374,0.0,-30.0,0.0,4.79416e-08,4.79416e-08,6.294003e-10,2.2218375e-08,1,1.0378281,0.029998792,679644.94,890685.7,313654.03,418205.38,0.75,0.76305807
ref,166,1,3,5,4,3.5883133,0.8609886,1.1740619,9.827664,184.44374,0.0,-30.0,0.0,5.8125377e-08,5.8125377e-08,8.001934e-10,2.7631872e-08,1,1.0450894,0.03575722,679644.94,890685.7,313654.03,418205.38,0.75,0.76305807
ref,167,1,3,6,4,3.5883133,0.8609886,1.1740619,10.594437,184.44374,0.0,-30.0,0.0,7.0568696e-08,7.0568696e-08,6.3479927e-10,3.1911554e-08,1,1.0532768,0.042250045,679644.94,890685.7,313654.03,418205.38,0.75,0.76305807
ref,168,1,3,7,4,3.5883133,0.8609886,1.1740619,11.713875,184.44374,0.0,-30.0,0.0,4.4047233e-08,4.4047233e-08,5.909635e-10,2.141144e-08,1,1.0664856,0.052725144,679644.94,890685.7,313654.03,418205.38,0.75,0.76305807
ref,169,1,4,1,4,3.5883133,0.8609886,1.3624556,7.440933,184.44374,0.0,-30.0,0.0,1.4695512e-07,1.4695512e-07,7.072592e-10,6.830435e-08,1,1.0162904,0.012918766,679644.94,890685.7,313654.03,418205.38,0.75,0.76305807
ref,170,1,4,2,4,3.5883133,0.8609886,1.3624556,8.210707,184.44374,0.0,-30.0,0.0,5.663987e-08,5.663987e-08,5.5608873e-10,2.685664e-08,1,1.0181634,0.014404121,679644.94,890685.7,313654.03,418205.38,0.75,0.76305807
ref,171,1,4,3,4,3.5883133,0.8609886,1.3624556,8.83787,184.44374,0.0,-30.0,0.0,8.182456e-08,8.182456e-08,6.4591976e-10,3.6615184e-08,1,1.0218648,0.01733941,679644.94,890685.7,313654.03,418205.38,0.75,0.76305807
ref,172,1,4,4,4,3.5883133,0.8609886,1.3624556,9.439931,184.44374,0.0,-30.0,0.0,1.5159198e-07,1.5159198e-07,7.044869e-10,6.757806e-08,1,1.0263258,0.020877188,679644.94,890685.7,313654.03,418205.38,0.75,0.76305807
ref,173,1,4,5,4,3.5883133,0.8609886,1.3624556,10.082948,184.44374,0.0,-30.0,0.0,7.249047e-08,7.249047e-08,5.660239e-10,3.3160674e-08,1,1.0310453,0.024619885,679644.94,890685.7,313654.03,418205.38,0.75,0.76305807
ref,174,1,4,6,4,3.5883133,0.8609886,1.3624556,10.852851,184.44374,0.0,-30.0,0.0,7.479914e-08,7.479914e-08,6.585543e-10,3.3356994e-08,1,1.0367935,0.02917835,679644.94,890685.7,313654.03,418205.38,0.75,0.76305807
ref,175,1,4,7,4,3.5883133,0.8609886,1.3624556,11.974865,184.44374,0.0,-30.0,0.0,4.9249127e-08,4.9249127e-08,6.08787e-10,2.230699e-08,1,1.0451306,0.03578994,679644.94,890685.7,313654.03,418205.38,0.75,0.76305807
ref,176,1,5,1,4,3.5883133,0.8609886,1.5742481,7.6903214,184.44374,0.0,-30.0,0.0,1.8749755e-07,1.8749755e-07,8.082389e-10,8.963526e-08,1,1.0109966,0.008720621,679644.94,890685.7,313654.03,418205.38,0.75,0.76305807
ref,177,1,5,2,4,3.5883133,0.8609886,1.5742481,8.466643,184.44374,0.0,-30.0,0.0,1.6958468e-07,1.6958468e-07,9.885731e-10,7.913171e-08,1,1.012667,0.010045222,679644.94,890685.7,313654.03,418205.38,0.75,0.76305807
ref,178,1,5,3,4,3.5883133,0.8609886,1.5742481,9.097894,184.44374,0.0,-30.0,0.0,1.365074e-07,1.365074e-07,8.2794155e-10,6.3421666e-08,1,1.0155358,0.012320364,679644.94,890685.7,313654.03,418205.38,0.75,0.76305807
ref,179,1,5,4,4,3.5883133,0.8609886,1.5742481,9.70291,184.44374,0.0,-30.0,0.0,1.81901e-07,1.81901e-07,9.288791e-10,8.155734e-08,1,1.0184996,0.014670708,679644.94,890685.7,313654.03,418205.38,0.75,0.76305807
ref,180,1,5,5,4,3.5883133,0.8609886,1.5742481,10.3480835,184.44374,0.0,-30.0,0.0,1.2957328e-07,1.2957328e-07,9.0126506e-10,5.8875404e-08,1,1.0215166,0.017063264,679644.94,890685.7,313654.03,418205.38,0.75,0.76305807
ref,181,1,5,6,4,3.5883133,0.8609886,1.5742481,11.119362,184.44374,0.0,-30.0,0.0,9.568773e-08,9.568773e-08,9.604655e-10,4.066647e-08,1,1.0255244,0.020241575,679644.94,890685.7,313654.03,418205.38,0.75,0.76305807
ref,182,1,5,7,4,3.5883133,0.8609886,1.5742481,12.241058,184.44374,0.0,-30.0,0.0,9.5732354e-08,9.5732354e-08,6.6568395e-10,4.280011e-08,1,1.0307505,0.02438611,679644.94,890685.7,313654.03,418205.38,0.75,0.76305807
ref,183,1,6,1,4,3.5883133,0.8609886,1.8414528,7.987875,184.44374,0.0,-30.0,0.0,2.511581e-07,2.511581e-07,7.359461e-10,1.1731729e-07,1,1.0071614,0.005679204,679644.94,890685.7,313654.03,418205.38,0.75,0.76305807
ref,184,1,6,2,4,3.5883133,0.8609886,1.8414528,8.769733,184.44374,0.0,-30.0,0.0,1.4164917e-07,1.4164917e-07,7.8750356e-10,6.2156666e-08,1,1.0087364,0.006928226,679644.94,890685.7,313654.03,418205.38,0.75,0.76305807
ref,185,1,6,3,4,3.5883133,0.8609886,1.8414528,9.4039345,184.44374,0.0,-30.0,0.0,2.8125362e-07,2.8125362e-07,1.1102376e-09,1.3326871e-07,1,1.0106819,0.008471032,679644.94,890685.7,313654.03,418205.38,0.75,0.76305807
ref,186,1,6,4,4,3.5883133,0.8609886,1.8414528,10.010581,184.44374,0.0,-30.0,0.0,2.2647383e-07,2.2647383e-07,1.311677e-09,1.0087696e-07,1,1.0125499,0.00995246,679644.94,890685.7,313654.03,418205.38,0.75,0.76305807
ref,187,1,6,5,4,3.5883133,0.8609886,1.8414528,10.656306,184.44374,0.0,-30.0,0.0,2.0391809e-07,2.0391809e-07,1.0231649e-09,9.58759e-08,1,1.0144752,0.011479281,679644.94,890685.7,313654.03,418205.38,0.75,0.76305807
ref,188,1,6,6,4,3.5883133,0.8609886,1.8414528,11.42669,184.44374,0.0,-30.0,0.0,1.193213e-07,1.193213e-07,9.387052e-10,5.83905e-08,1,1.0170602,0.01352918,679644.94,890685.7,313654.03,418205.38,0.75,0.76305807
ref,189,1,6,7,4,3.5883133,0.8609886,1.8414528,12.544345,184.44374,0.0,-30.0,0.0,9.98295e-08,9.98295e-08,5.9721394e-10,4.3870386e-08,1,1.0201461,0.015976468,679644.94,890685.7,313654.03,418205.38,0.75,0.76305807
ref,190,1,7,1,4,3.5883133,0.8609886,2.2553716,8.4196,184.44374,0.0,-30.0,0.0,4.8194704e-07,4.8194704e-07,1.7683123e-09,2.2451103e-07,1,1.0042847,0.003397969,679644.94,890685.7,313654.03,418205.38,0.75,0.76305807
ref,191,1,7,2,4,3.5883133,0.8609886,2.2553716,9.205305,184.44374,0.0,-30.0,0.0,4.0975806e-07,4.0975806e-07,1.0004534e-09,1.8756161e-07,1,1.0055057,0.0043662,679644.94,890685.7,313654.03,418205.38,0.75,0.76305807
ref,192,1,7,3,4,3.5883133,0.8609886,2.2553716,9.840343,184.44374,0.0,-30.0,0.0,6.9032967e-07,6.9032967e-07,1.5590594e-09,3.1733694e-07,1,1.0065831,0.0052206214,679644.94,890685.7,313654.03,418205.38,0.75,0.76305807
ref,193,1,7,4,4,3.5883133,0.8609886,2.2553716,10.446002,184.44374,0.0,-30.0,0.0,2.9631653e-07,2.9631653e-07,1.4059215e-09,1.358866e-07,1,1.0075549,0.005991271,679644.94,890685.7,313654.03,418205.38,0.75,0.76305807
ref,194,1,7,5,4,3.5883133,0.8609886,2.2553716,11.088873,184.44374,0.0,-30.0,0.0,1.9396346e-07,1.9396346e-07,1.0580175e-09,9.0726935e-08,1,1.0087417,0.006932429,679644.94,890685.7,313654.03,418205.38,0.75,0.76305807
ref,195,1,7,6,4,3.5883133,0.8609886,2.2553716,11.853586,184.44374,0.0,-30.0,0.0,1.427921e-07,1.427921e-07,9.294842e-10,6.5454095e-08,1,1.0100467,0.007967377,679644.94,890685.7,313654.03,418205.38,0.75,0.76305807
ref,196,1,7,7,4,3.5883133,0.8609886,2.2553716,12.958938,184.44374,0.0,-30.0,0.0,1.6490621e-07,1.6490621e-07,1.529596e-09,8.1738186e-08,1,1.0115643,0.009170772,679644.94,890685.7,313654.03,418205.38,0.75,0.76305807
ref,197,1,1,1,5,3.6300926,0.87201977,0.7768452,6.6568193,184.44374,0.0,-30.0,0.0,5.3492588e-08,5.3492588e-08,5.3478035e-09,2.8074714e-08,1,1.0772322,0.061247498,701259.5,919012.0,320742.5,427656.66,0.75,0.76305807
ref,198,1,1,2,5,3.6300926,0.87201977,0.7768452,7.393875,184.44374,0.0,-30.0,0.0,3.896655e-08,3.896655e-08,4.6384643e-09,2.093957e-08,1,1.0879221,0.06972489,701259.5,919012.0,320742.5,427656.66,0.75,0.76305807
ref,199,1,1,3,5,3.6300926,0.87201977,0.7768452,7.9978156,184.44374,0.0,-30.0,0.0,5.4485817e-08,5.4485817e-08,5.015661e-09,2.7672357e-08,1,1.0949692,0.075313404,701259.5,919012.0,320742.5,427656.66,0.75,0.76305807
ref,200,1,1,4,5,3.6300926,0.87201977,0.7768452,8.580277,184.44374,0.0,-30.0,0.0,4.4122658e-08,4.4122658e-08,4.7678452e-09,2.3770397e-08,1,1.1077563,0.08545397,701259.5,919012.0,320742.5,427656.66,0.75,0.76305807
ref,201,1,1,5,5,3.6300926,0.87201977,0.7768452,9.205103,184.44374,0.0,-30.0,0.0,4.3174754e-08,4.3174754e-08,4.638884e-09,2.3590035e-08,1,1.1298013,0.10293627,701259.5,919012.0,320742.5,427656.66,0.75,0.76305807
ref,202,1,1,6,5,3.6300926,0.87201977,0.7768452,9.956741,184.44374,0.0,-30.0,0.0,6.5628456e-08,6.5628456e-08,5.294356e-09,3.474737e-08,1,1.156161,0.123840295,701259.5,919012.0,320742.5,427656.66,0.75,0.76305807
ref,203,1,1,7,5,3.6300926,0.87201977,0.7768452,11.058464,184.44374,0.0,-30.0,0.0,4.782195e-08,4.782195e-08,5.339008e-09,2.7476235e-08,1,1.1937064,0.15361498,701259.5,919012.0,320742.5,427656.66,0.75,0.76305807
ref,204,1,2,1,5,3.6300926,0.87201977,0.98856467,6.960857,184.44374,0.0,-30.0,0.0,5.268063e-08,5.268063e-08,4.6516275e-09,2.7358574e-08,1,1.0411477,0.032631367,701259.5,919012.0,320742.5,427656.66,0.75,0.76305807
ref,205,1,2,2,5,3.6300926,0.87201977,0.98856467,7.7128434,184.44374,0.0,-30.0,0.0,5.1056553e-08,5.1056553e-08,5.3088773e-09,2.9421027e-08,1,1.0462891,0.036708593,701259.5,919012.0,320742.5,427656.66,0.75,0.76305807
ref,206,1,2,3,5,3.6300926,0.87201977,0.98856467,8.327732,184.44374,0.0,-30.0,0.0,8.626819e-08,8.626819e-08,5.149086e-09,4.2152564e-08,1,1.0511292,0.040547032,701259.5,919012.0,320742.5,427656.66,0.75,0.76305807
ref,207,1,2,4,5,3.6300926,0.87201977,0.98856467,8.919738,184.44374,0.0,-30.0,0.0,5.271149e-08,5.271149e-08,4.704924e-09,2.9328339e-08,1,1.0609756,0.048355445,701259.5,919012.0,320742.5,427656.66,0.75,0.76305807
ref,208,1,2,5,5,3.6300926,0.87201977,0.98856467,9.553771,184.44374,0.0,-30.0,0.0,8.080265e-08,8.080265e-08,5.2259495e-09,4.001714e-08,1,1.0732836,0.05811605,701259.5,919012.0,320742.5,427656.66,0.75,0.76305807
ref,209,1,2,6,5,3.6300926,0.87201977,0.98856467,10.315182,184.44374,0.0,-30.0,0.0,6.002333e-08,6.002333e-08,5.705278e-09,3.357374e-08,1,1.0873525,0.06927314,701259.5,919012.0,320742.5,427656.66,0.75,0.76305807
ref,210,1,2,7,5,3.6300926,0.87201977,0.98856467,11.428846,184.44374,0.0,-30.0,0.0,3.851518e-08,3.851518e-08,4.746185e-09,1.9388244e-08,1,1.1092216,0.08661597,701259.5,919012.0,320742.5,427656.66,0.75,0.76305807
ref,211,1,3,1,5,3.6300926,0.87201977,1.1740619,7.206446,184.44374,0.0,-30.0,0.0,1.0337377e-07,1.0337377e-07,4.8296216e-09,5.3063854e-08,1,1.0260032,0.020621322,701259.5,919012.0,320742.5,427656.66,0.75,0.76305807
ref,212,1,3,2,5,3.6300926,0.87201977,1.1740619,7.9684143,184.44374,0.0,-30.0,0.0,1.233188e-07,1.233188e-07,5.6952794e-09,6.477211e-08,1,1.0289652,0.022970317,701259.5,919012.0,320742.5,427656.66,0.75,0.76305807
ref,213,1,3,3,5,3.6300926,0.87201977,1.1740619,8.5903225,184.44374,0.0,-30.0,0.0,6.773871e-08,6.773871e-08,4.8936646e-09,3.4965467e-08,1,1.0333426,0.026441729,701259.5,919012.0,320742.5,427656.66,0.75,0.76305807
ref,214,1,3,4,5,3.6300926,0.87201977,1.1740619,9.188218,184.44374,0.0,-30.0,0.0,1.0733085e-07,1.0733085e-07,5.255636e-09,5.054862e-08,1,1.0403672,0.03201239,701259.5,919012.0,320742.5,427656.66,0.75,0.76305807
ref,215,1,3,5,5,3.6300926,0.87201977,1.1740619,9.827664,184.44374,0.0,-30.0,0.0,9.8487604e-08,9.8487604e-08,5.08719e-09,4.6572627e-08,1,1.0480968,0.038142145,701259.5,919012.0,320742.5,427656.66,0.75,0.76305807
ref,216,1,3,6,5,3.6300926,0.87201977,1.1740619,10.594437,184.44374,0.0,-30.0,0.0,7.707236e-08,7.707236e-08,4.9091873e-09,4.0664098e-08,1,1.0568047,0.045047794,701259.5,919012.0,320742.5,427656.66,0.75,0.76305807
ref,217,1,3,7,5,3.6300926,0.87201977,1.1740619,11.713875,184.44374,0.0,-30.0,0.0,7.093179e-08,7.093179e-08,4.9125264e-09,3.5159704e-08,1,1.070837,0.056175858,701259.5,919012.0,320742.5,427656.66,0.75,0.76305807
ref,218,1,4,1,5,3.6300926,0.87201977,1.3624556,7.440933,184.44374,0.0,-30.0,0.0,1.2569392e-07,1.2569392e-07,6.1458842e-09,6.427849e-08,1,1.0174044,0.013802221,701259.5,919012.0,320742.5,427656.66,0.75,0.76305807
ref,219,1,4,2,5,3.6300926,0.87201977,1.3624556,8.210707,184.44374,0.0,-30.0,0.0,1.2302434e-07,1.2302434e-07,4.640959e-09,5.954292e-08,1,1.0194035,0.0153875705,701259.5,919012.0,320742.5,427656.66,0.75,0.76305807
ref,220,1,4,3,5,3.6300926,0.87201977,1.3624556,8.83787,184.44374,0.0,-30.0,0.0,1.718381e-07,1.718381e-07,5.191626e-09,8.01613e-08,1,1.0233529,0.018519502,701259.5,919012.0,320742.5,427656.66,0.75,0.76305807
ref,221,1,4,4,5,3.6300926,0.87201977,1.3624556,9.439931,184.44374,0.0,-30.0,0.0,1.5553869e-07,1.5553869e-07,6.2287056e-09,7.4090565e-08,1,1.0281106,0.022292592,701259.5,919012.0,320742.5,427656.66,0.75,0.76305807
ref,222,1,4,5,5,3.6300926,0.87201977,1.3624556,10.082948,184.44374,0.0,-30.0,0.0,1.7291471e-07,1.7291471e-07,6.610499e-09,8.782321e-08,1,1.0331415,0.026282221,701259.5,919012.0,320742.5,427656.66,0.75,0.76305807
ref,223,1,4,6,5,3.6300926,0.87201977,1.3624556,10.852851,184.44374,0.0,-30.0,0.0,1.4250404e-07,1.4250404e-07,5.4741727e-09,6.896491e-08,1,1.0392654,0.03113865,701259.5,919012.0,320742.5,427656.66,0.75,0.76305807
ref,224,1,4,7,5,3.6300926,0.87201977,1.3624556,11.974865,184.44374,0.0,-30.0,0.0,1.1499045e-07,1.1499045e-07,5.1662146e-09,5.9936355e-08,1,1.0481406,0.038176958,701259.5,919012.0,320742.5,427656.66,0.75,0.76305807
ref,225,1,5,1,5,3.6300926,0.87201977,1.5742481,7.6903214,184.44374,0.0,-30.0,0.0,2.6637088e-07,2.6637088e-07,6.427424e-09,1.3060402e-07,1,1.011752,0.009319695,701259.5,919012.0,320742.5,427656.66,0.75,0.76305807
ref,226,1,5,2,5,3.6300926,0.87201977,1.5742481,8.466643,184.44374,0.0,-30.0,0.0,3.4305233e-07,3.4305233e-07,7.3956485e-09,1.6534568e-07,1,1.0135359,0.010734306,701259.5,919012.0,320742.5,427656.66,0.75,0.76305807
ref,227,1,5,3,5,3.6300926,0.87201977,1.5742481,9.097894,184.44374,0.0,-30.0,0.0,2.0407839e-07,2.0407839e-07,4.941336e-09,9.7251664e-08,1,1.0165989,0.013163444,701259.5,919012.0,320742.5,427656.66,0.75,0.76305807
ref,228,1,5,4,5,3.6300926,0.87201977,1.5742481,9.70291,184.44374,0.0,-30.0,0.0,2.5029053e-07,2.5029053e-07,5.7699254e-09,1.2016824e-07,1,1.0197623,0.015672069,701259.5,919012.0,320742.5,427656.66,0.75,0.76305807
ref,229,1,5,5,5,3.6300926,0.87201977,1.5742481,10.3480835,184.44374,0.0,-30.0,0.0,2.6391032e-07,2.6391032e-07,5.1834856e-09,1.2764286e-07,1,1.0229814,0.01822491,701259.5,919012.0,320742.5,427656.66,0.75,0.76305807
ref,230,1,5,6,5,3.6300926,0.87201977,1.5742481,11.119362,184.44374,0.0,-30.0,0.0,1.4672274e-07,1.4672274e-07,6.4590826e-09,6.9519054e-08,1,1.027256,0.02161484,701259.5,919012.0,320742.5,427656.66,0.75,0.76305807
ref,231,1,5,7,5,3.6300926,0.87201977,1.5742481,12.241058,184.44374,0.0,-30.0,0.0,1.065353e-07,1.065353e-07,6.1541217e-09,5.062116e-08,1,1.0328274,0.026033083,701259.5,919012.0,320742.5,427656.66,0.75,0.76305807
ref,232,1,6,1,5,3.6300926,0.87201977,1.8414528,7.987875,184.44374,0.0,-30.0,0.0,4.2498095e-07,4.2498095e-07,5.9121326e-09,1.9959029e-07,1,1.007655,0.0060706236,701259.5,919012.0,320742.5,427656.66,0.75,0.76305807
ref,233,1,6,2,5,3.6300926,0.87201977,1.8414528,8.769733,184.44374,0.0,-30.0,0.0,4.5544556e-07,4.5544556e-07,6.281271e-09,2.1818734e-07,1,1.0093377,0.007405089,701259.5,919012.0,320742.5,427656.66,0.75,0.76305807
ref,234,1,6,3,5,3.6300926,0.87201977,1.8414528,9.4039345,184.44374,0.0,-30.0,0.0,3.1183413e-07,3.1183413e-07,6.4663404e-09,1.4562825e-07,1,1.0114158,0.009053117,701259.5,919012.0,320742.5,427656.66,0.75,0.76305807
ref,235,1,6,4,5,3.6300926,0.87201977,1.8414528,10.010581,184.44374,0.0,-30.0,0.0,6.218105e-07,6.218105e-07,6.478097e-09,2.8851935e-07,1,1.0134109,0.01063525,701259.5,919012.0,320742.5,427656.66,0.75,0.76305807
ref,236,1,6,5,5,3.6300926,0.87201977,1.8414528,10.656306,184.44374,0.0,-30.0,0.0,2.4518226e-07,2.4518226e-07,7.4381434e-09,1.3197759e-07,1,1.0154667,0.01226552,701259.5,919012.0,320742.5,427656.66,0.75,0.76305807
ref,237,1,6,6,5,3.6300926,0.87201977,1.8414528,11.42669,184.44374,0.0,-30.0,0.0,1.6176668e-07,1.6176668e-07,4.98022e-09,7.890474e-08,1,1.018226,0.014453768,701259.5,919012.0,320742.5,427656.66,0.75,0.76305807
ref,238,1,6,7,5,3.6300926,0.87201977,1.8414528,12.544345,184.44374,0.0,-30.0,0.0,2.3579501e-07,2.3579501e-07,6.364949e-09,1.11455556e-07,1,1.0215193,0.017065411,701259.5,919012.0,320742.5,427656.66,0.75,0.76305807
ref,239,1,7,1,5,3.6300926,0.87201977,2.2553716,8.4196,184.44374,0.0,-30.0,0.0,5.371241e-07,5.371241e-07,7.3632136e-09,2.5884242e-07,1,1.0045809,0.003632737,701259.5,919012.0,320742.5,427656.66,0.75,0.76305807
ref,240,1,7,2,5,3.6300926,0.87201977,2.2553716,9.205305,184.44374,0.0,-30.0,0.0,3.0988224e-07,3.0988224e-07,6.384438e-09,1.4279114e-07,1,1.0058857,0.00466755,701259.5,919012.0,320742.5,427656.66,0.75,0.76305807
ref,241,1,7,3,5,3.6300926,0.87201977,2.2553716,9.840343,184.44374,0.0,-30.0,0.0,8.4086327e-07,8.4086327e-07,9.0954e-09,3.9043593e-07,1,1.007037,0.0055806125,701259.5,919012.0,320742.5,427656.66,0.75,0.76305807
ref,242,1,7,4,5,3.6300926,0.87201977,2.2553716,10.446002,184.44374,0.0,-30.0,0.0,4.9467724e-07,4.9467724e-07,8.482248e-09,2.3702373e-07,1,1.0080755,0.006404061,701259.5,919012.0,320742.5,427656.66,0.75,0.76305807
ref,243,1,7,5,5,3.6300926,0.87201977,2.2553716,11.088873,184.44374,0.0,-30.0,0.0,4.2478223e-07,4.2478223e-07,5.8792238e-09,1.9302453e-07,1,1.0093434,0.007409579,701259.5,919012.0,320742.5,427656.66,0.75,0.76305807
ref,244,1,7,6,5,3.6300926,0.87201977,2.2553716,11.853586,184.44374,0.0,-30.0,0.0,3.0981903e-07,3.0981903e-07,7.6329725e-09,1.582255e-07,1,1.0107375,0.008515151,701259.5,919012.0,320742.5,427656.66,0.75,0.76305807
ref,245,1,7,7,5,3.6300926,0.87201977,2.2553716,12.958938,184.44374,0.0,-30.0,0.0,3.7699456e-07,3.7699456e-07,7.0853527e-09,1.8230472e-07,1,1.0123583,0.009800465,701259.5,919012.0,320742.5,427656.66,0.75,0.76305807
ref,246,1,1,1,6,3.4916463,1.0042746,0.7768452,6.6568193,184.44374,0.0,-30.0,0.0,7.949341e-08,7.949341e-08,2.4060511e-09,4.1404917e-08,1,1.0622543,0.049369518,629634.2,825145.9,297253.16,396337.53,0.75,0.76305807
ref,247,1,1,2,6,3.4916463,1.0042746,0.7768452,7.393875,184.44374,0.0,-30.0,0.0,5.29087e-08,5.29087e-08,2.1883888e-09,2.5540361e-08,1,1.0709953,0.056301456,629634.2,825145.9,297253.16,396337.53,0.75,0.76305807
ref,248,1,1,3,6,3.4916463,1.0042746,0.7768452,7.9978156,184.44374,0.0,-30.0,0.0,7.072168e-08,7.072168e-08,2.2820392e-09,3.4253993e-08,1,1.0767745,0.060884483,629634.2,825145.9,297253.16,396337.53,0.75,0.76305807
ref,249,1,1,4,6,3.4916463,1.0042746,0.7768452,8.580277,184.44374,0.0,-30.0,0.0,6.330905e-08,6.330905e-08,2.2899775e-09,3.294103e-08,1,1.0872952,0.06922772,629634.2,825145.9,297253.16,396337.53,0.75,0.76305807
ref,250,1,1,5,6,3.4916463,1.0042746,0.7768452,9.205103,184.44374,0.0,-30.0,0.0,8.20264e-08,8.20264e-08,2.7217366e-09,4.0170466e-08,1,1.1055373,0.08369422,629634.2,825145.9,297253.16,396337.53,0.75,0.76305807
ref,251,1,1,6,6,3.4916463,1.0042746,0.7768452,9.956741,184.44374,0.0,-30.0,0.0,8.061375e-08,8.061375e-08,2.3032005e-09,3.8403666e-08,1,1.127525,0.10113115,629634.2,825145.9,297253.16,396337.53,0.75,0.76305807
ref,252,1,1,7,6,3.4916463,1.0042746,0.7768452,11.058464,184.44374,0.0,-30.0,0.0,5.7248574e-08,5.7248574e-08,2.319592e-09,2.952344e-08,1,1.1591775,0.12623255,629634.2,825145.9,297253.16,396337.53,0.75,0.76305807
ref,253,1,2,1,6,3.4916463,1.0042746,0.98856467,6.960857,184.44374,0.0,-30.0,0.0,7.860513e-08,7.860513e-08,2.5461486e-09,3.9140687e-08,1,1.0329728,0.02614845,629634.2,825145.9,297253.16,396337.53,0.75,0.76305807
ref,254,1,2,2,6,3.4916463,1.0042746,0.98856467,7.7128434,184.44374,0.0,-30.0,0.0,6.538417e-08,6.538417e-08,2.2991729e-09,3.196555e-08,1,1.0371238,0.029440297,629634.2,825145.9,297253.16,396337.53,0.75,0.76305807
ref,255,1,2,3,6,3.4916463,1.0042746,0.98856467,8.327732,184.44374,0.0,-30.0,0.0,9.2362825e-08,9.2362825e-08,2.206058e-09,4.27126e-08,1,1.041038,0.0325444,629634.2,825145.9,297253.16,396337.53,0.75,0.76305807
ref,256,1,2,4,6,3.4916463,1.0042746,0.98856467,8.919738,184.44374,0.0,-30.0,0.0,8.458877e-08,8.458877e-08,1.9199888e-09,3.8706435e-08,1,1.0490198,0.03887414,629634.2,825145.9,297253.16,396337.53,0.75,0.76305807
ref,257,1,2,5,6,3.4916463,1.0042746,0.98856467,9.553771,184.44374,0.0,-30.0,0.0,8.773548e-08,8.773548e-08,2.0409836e-09,4.0313818e-08,1,1.0590332,0.046815075,629634.2,825145.9,297253.16,396337.53,0.75,0.76305807
ref,258,1,2,6,6,3.4916463,1.0042746,0.98856467,10.315182,184.44374,0.0,-30.0,0.0,1.053695e-07,1.053695e-07,2.124544e-09,4.9149083e-08,1,1.0705287,0.055931445,629634.2,825145.9,297253.16,396337.53,0.75,0.76305807
ref,259,1,2,7,6,3.4916463,1.0042746,0.98856467,11.428846,184.44374,0.0,-30.0,0.0,1.1636406e-07,1.1636406e-07,2.3522204e-09,5.3748863e-08,1,1.0885036,0.07018601,629634.2,825145.9,297253.16,396337.53,0.75,0.76305807
ref,260,1,3,1,6,3.4916463,1.0042746,1.1740619,7.206446,184.44374,0.0,-30.0,0.0,1.4997114e-07,1.4997114e-07,3.3290037e-09,7.747488e-08,1,1.0207858,0.016483797,629634.2,825145.9,297253.16,396337.53,0.75,0.76305807
ref,261,1,3,2,6,3.4916463,1.0042746,1.1740619,7.9684143,184.44374,0.0,-30.0,0.0,9.733815e-08,9.733815e-08,2.6103373e-09,4.969912e-08,1,1.0231647,0.018370323,629634.2,825145.9,297253.16,396337.53,0.75,0.76305807
ref,262,1,3,3,6,3.4916463,1.0042746,1.1740619,8.5903225,184.44374,0.0,-30.0,0.0,1.4751136e-07,1.4751136e-07,2.8736777e-09,7.031334e-08,1,1.0266845,0.021161614,629634.2,825145.9,297253.16,396337.53,0.75,0.76305807
ref,263,1,3,4,6,3.4916463,1.0042746,1.1740619,9.188218,184.44374,0.0,-30.0,0.0,1.351293e-07,1.351293e-07,2.7789673e-09,6.4466455e-08,1,1.0323433,0.025649186,629634.2,825145.9,297253.16,396337.53,0.75,0.76305807
ref,264,1,3,5,6,3.4916463,1.0042746,1.1740619,9.827664,184.44374,0.0,-30.0,0.0,8.8843805e-08,8.8843805e-08,2.7988676e-09,4.5377682e-08,1,1.038585,0.030599024,629634.2,825145.9,297253.16,396337.53,0.75,0.76305807
ref,265,1,3,6,6,3.4916463,1.0042746,1.1740619,10.594437,184.44374,0.0,-30.0,0.0,9.107911e-08,9.107911e-08,2.6676439e-09,4.3530267e-08,1,1.0456356,0.036190372,629634.2,825145.9,297253.16,396337.53,0.75,0.76305807
ref,266,1,3,7,6,3.4916463,1.0042746,1.1740619,11.713875,184.44374,0.0,-30.0,0.0,7.270998e-08,7.270998e-08,2.3722309e-09,3.5483442e-08,1,1.0570395,0.045234047,629634.2,825145.9,297253.16,396337.53,0.75,0.76305807
ref,267,1,4,1,6,3.4916463,1.0042746,1.3624556,7.440933,184.44374,0.0,-30.0,0.0,2.2471751e-07,2.2471751e-07,2.7617946e-09,1.0833248e-07,1,1.0138929,0.011017511,629634.2,825145.9,297253.16,396337.53,0.75,0.76305807
ref,268,1,4,2,6,3.4916463,1.0042746,1.3624556,8.210707,184.44374,0.0,-30.0,0.0,2.1782708e-07,2.1782708e-07,2.5459455e-09,1.0601961e-07,1,1.0154938,0.012286987,629634.2,825145.9,297253.16,396337.53,0.75,0.76305807
ref,269,1,4,3,6,3.4916463,1.0042746,1.3624556,8.83787,184.44374,0.0,-30.0,0.0,1.6666117e-07,1.6666117e-07,2.5353653e-09,8.209475e-08,1,1.0186592,0.0147973215,629634.2,825145.9,297253.16,396337.53,0.75,0.76305807
ref,270,1,4,4,6,3.4916463,1.0042746,1.3624556,9.439931,184.44374,0.0,-30.0,0.0,2.574702e-07,2.574702e-07,3.0450702e-09,1.243732e-07,1,1.0224781,0.017825844,629634.2,825145.9,297253.16,396337.53,0.75,0.76305807
ref,271,1,4,5,6,3.4916463,1.0042746,1.3624556,10.082948,184.44374,0.0,-30.0,0.0,1.0756654e-07,1.0756654e-07,2.6143274e-09,5.159187e-08,1,1.0265226,0.02103327,629634.2,825145.9,297253.16,396337.53,0.75,0.76305807
ref,272,1,4,6,6,3.4916463,1.0042746,1.3624556,10.852851,184.44374,0.0,-30.0,0.0,1.3325842e-07,1.3325842e-07,2.6388047e-09,6.1862245e-08,1,1.0314548,0.024944643,629634.2,825145.9,297253.16,396337.53,0.75,0.76305807
ref,273,1,4,7,6,3.4916463,1.0042746,1.3624556,11.974865,184.44374,0.0,-30.0,0.0,1.4335737e-07,1.4335737e-07,2.9304457e-09,6.570286e-08,1,1.0386205,0.030627172,629634.2,825145.9,297253.16,396337.53,0.75,0.76305807
ref,274,1,5,1,6,3.4916463,1.0042746,1.5742481,7.6903214,184.44374,0.0,-30.0,0.0,2.5187376e-07,2.5187376e-07,3.1830603e-09,1.18113846e-07,1,1.0093724,0.0074325544,629634.2,825145.9,297253.16,396337.53,0.75,0.76305807
ref,275,1,5,2,6,3.4916463,1.0042746,1.5742481,8.466643,184.44374,0.0,-30.0,0.0,2.75579e-07,2.75579e-07,3.230897e-09,1.3957067e-07,1,1.0107981,0.008563197,629634.2,825145.9,297253.16,396337.53,0.75,0.76305807
ref,276,1,5,3,6,3.4916463,1.0042746,1.5742481,9.097894,184.44374,0.0,-30.0,0.0,1.9223951e-07,1.9223951e-07,2.5457185e-09,9.088773e-08,1,1.0132482,0.010506239,629634.2,825145.9,297253.16,396337.53,0.75,0.76305807
ref,277,1,5,4,6,3.4916463,1.0042746,1.5742481,9.70291,184.44374,0.0,-30.0,0.0,1.7688312e-07,1.7688312e-07,3.3742382e-09,8.071349e-08,1,1.015781,0.012514889,629634.2,825145.9,297253.16,396337.53,0.75,0.76305807
ref,278,1,5,5,6,3.4916463,1.0042746,1.5742481,10.3480835,184.44374,0.0,-30.0,0.0,2.030703e-07,2.030703e-07,2.751001e-09,9.2076e-08,1,1.0183613,0.014561061,629634.2,825145.9,297253.16,396337.53,0.75,0.76305807
ref,279,1,5,6,6,3.4916463,1.0042746,1.5742481,11.119362,184.44374,0.0,-30.0,0.0,1.5557013e-07,1.5557013e-07,3.0620206e-09,7.2067515e-08,1,1.0217917,0.01728149,629634.2,825145.9,297253.16,396337.53,0.75,0.76305807
ref,280,1,5,7,6,3.4916463,1.0042746,1.5742481,12.241058,184.44374,0.0,-30.0,0.0,2.2690594e-07,2.2690594e-07,2.8798042e-09,1.0698369e-07,1,1.0262699,0.020832824,629634.2,825145.9,297253.16,396337.53,0.75,0.76305807
ref,281,1,6,1,6,3.4916463,1.0042746,1.8414528,7.987875,184.44374,0.0,-30.0,0.0,4.4748046e-07,4.4748046e-07,4.0683124e-09,2.255592e-07,1,1.0061009,0.0048381733,629634.2,825145.9,297253.16,396337.53,0.75,0.76305807
ref,282,1,6,2,6,3.4916463,1.0042746,1.8414528,8.769733,184.44374,0.0,-30.0,0.0,3.6895614e-07,3.6895614e-07,3.1969416e-09,1.7095256e-07,1,1.007444,0.005903326,629634.2,825145.9,297253.16,396337.53,0.75,0.76305807
ref,283,1,6,3,6,3.4916463,1.0042746,1.8414528,9.4039345,184.44374,0.0,-30.0,0.0,2.3929132e-07,2.3929132e-07,2.5539282e-09,1.0936857e-07,1,1.0091038,0.0072195623,629634.2,825145.9,297253.16,396337.53,0.75,0.76305807
ref,284,1,6,4,6,3.4916463,1.0042746,1.8414528,10.010581,184.44374,0.0,-30.0,0.0,4.7012935e-07,4.7012935e-07,3.9857926e-09,2.3181948e-07,1,1.0106982,0.008484004,629634.2,825145.9,297253.16,396337.53,0.75,0.76305807
ref,285,1,6,5,6,3.4916463,1.0042746,1.8414528,10.656306,184.44374,0.0,-30.0,0.0,3.2192443e-07,3.2192443e-07,3.9766594e-09,1.5424621e-07,1,1.0123422,0.009787775,629634.2,825145.9,297253.16,396337.53,0.75,0.76305807
ref,286,1,6,6,6,3.4916463,1.0042746,1.8414528,11.42669,184.44374,0.0,-30.0,0.0,2.851896e-07,2.851896e-07,3.867926e-09,1.3670417e-07,1,1.0145507,0.011539141,629634.2,825145.9,297253.16,396337.53,0.75,0.76305807
ref,287,1,6,7,6,3.4916463,1.0042746,1.8414528,12.544345,184.44374,0.0,-30.0,0.0,2.2941384e-07,2.2941384e-07,3.2563763e-09,1.1162472e-07,1,1.017189,0.013631425,629634.2,825145.9,297253.16,396337.53,0.75,0.76305807
ref,288,1,7,1,6,3.4916463,1.0042746,2.2553716,8.4196,184.44374,0.0,-30.0,0.0,6.948649e-07,6.948649e-07,3.6409191e-09,3.3327044e-07,1,1.003649,0.0028937822,629634.2,825145.9,297253.16,396337.53,0.75,0.76305807
ref,289,1,7,2,6,3.4916463,1.0042746,2.2553716,9.205305,184.44374,0.0,-30.0,0.0,8.5627306e-07,8.5627306e-07,3.8314347e-09,3.937646e-07,1,1.0046895,0.003718884,629634.2,825145.9,297253.16,396337.53,0.75,0.76305807
ref,290,1,7,3,6,3.4916463,1.0042746,2.2553716,9.840343,184.44374,0.0,-30.0,0.0,5.253468e-07,5.253468e-07,4.719101e-09,2.5980538e-07,1,1.0056078,0.004447198,629634.2,825145.9,297253.16,396337.53,0.75,0.76305807
ref,291,1,7,4,6,3.4916463,1.0042746,2.2553716,10.446002,184.44374,0.0,-30.0,0.0,3.631755e-07,3.631755e-07,3.294795e-09,1.7469912e-07,1,1.0064363,0.005104264,629634.2,825145.9,297253.16,396337.53,0.75,0.76305807
ref,292,1,7,5,6,3.4916463,1.0042746,2.2553716,11.088873,184.44374,0.0,-30.0,0.0,3.7470153e-07,3.7470153e-07,4.4944275e-09,1.7936325e-07,1,1.0074486,0.005906911,629634.2,825145.9,297253.16,396337.53,0.75,0.76305807
ref,293,1,7,6,6,3.4916463,1.0042746,2.2553716,11.853586,184.44374,0.0,-30.0,0.0,3.1393603e-07,3.1393603e-07,4.1532955e-09,1.5160123e-07,1,1.0085618,0.0067898054,629634.2,825145.9,297253.16,396337.53,0.75,0.76305807
ref,294,1,7,7,6,3.4916463,1.0042746,2.2553716,12.958938,184.44374,0.0,-30.0,0.0,2.2020639e-07,2.2020639e-07,5.649816e-09,1.13189074e-07,1,1.0098568,0.007816741,629634.2,825145.9,297253.16,396337.53,0.75,0.76305807
ref,295,2,1,1,1,4.146646,1.0507336,0.82649165,6.7308545,232.33914,0.0,-30.0,0.0,4.6486514e-07,4.6486514e-07,1.6360778e-08,2.788082e-07,1,1.1354165,0.10738937,1018000.2,1334105.8,416179.6,554906.1,0.75,0.76305807
ref,296,2,1,2,1,4.146646,1.0507336,0.82649165,7.47181,232.33914,0.0,-30.0,0.0,4.987024e-07,4.987024e-07,1.7247235e-08,2.9537864e-07,1,1.1525354,0.12096517,1018000.2,1334105.8,416179.6,554906.1,0.75,0.76305807
ref,297,2,1,3,1,4.146646,1.0507336,0.82649165,8.078644,232.33914,0.0,-30.0,0.0,5.782001e-07,5.782001e-07,1.5815894e-08,3.3582677e-07,1,1.163691,0.12981188,1018000.2,1334105.8,416179.6,554906.1,0.75,0.76305807
ref,298,2,1,4,1,4.146646,1.0507336,0.82649165,8.663665,232.33914,0.0,-30.0,0.0,5.649624e-07,5.649624e-07,1.7111955e-08,3.2708897e-07,1,1.187134,0.14840287,1018000.2,1334105.8,416179.6,554906.1,0.75,0.76305807
ref,299,2,1,5,1,4.146646,1.0507336,0.82649165,9.290994,232.33914,0.0,-30.0,0.0,6.326707e-07,6.326707e-07,1.7969295e-08,3.7397402e-07,1,1.2218984,0.17597207,1018000.2,1334105.8,416179.6,554906.1,0.75,0.76305807
ref,300,2,1,6,1,4.146646,1.0507336,0.82649165,10.04534,232.33914,0.0,-30.0,0.0,6.509634e-07,6.509634e-07,1.8923922e-08,3.825539e-07,1,1.2616814,0.20752127,1018000.2,1334105.8,416179.6,554906.1,0.75,0.76305807
ref,301,2,1,7,1,4.146646,1.0507336,0.82649165,11.1504755,232.33914,0.0,-30.0,0.0,5.8746485e-07,5.8746485e-07,1.6165819e-08,3.5224724e-07,1,1.316909,0.25131828,1018000.2,1334105.8,416179.6,554906.1,0.75,0.76305807
ref,302,2,2,1,1,4.146646,1.0507336,1.0485919,7.042159,232.33914,0.0,-30.0,0.0,5.5356287e-07,5.5356287e-07,1.6587455e-08,3.3011432e-07,1,1.0744019,0.05900293,1018000.2,1334105.8,416179.6,554906.1,0.75,0.76305807
ref,303,2,2,2,1,4.146646,1.0507336,1.0485919,7.797659,232.33914,0.0,-30.0,0.0,5.761872e-07,5.761872e-07,1.6006286e-08,3.409782e-07,1,1.0831006,0.065901235,1018000.2,1334105.8,416179.6,554906.1,0.75,0.76305807
ref,304,2,2,3,1,4.146646,1.0507336,1.0485919,8.415051,232.33914,0.0,-30.0,0.0,5.7796143e-07,5.7796143e-07,1.6765137e-08,3.2943993e-07,1,1.0924989,0.07335438,1018000.2,1334105.8,416179.6,554906.1,0.75,0.76305807
ref,305,2,2,4,1,4.146646,1.0507336,1.0485919,9.009185,232.33914,0.0,-30.0,0.0,5.9414356e-07,5.9414356e-07,1.4942367e-08,3.4347158e-07,1,1.1102719,0.08744892,1018000.2,1334105.8,416179.6,554906.1,0.75,0.76305807
ref,306,2,2,5,1,4.146646,1.0507336,1.0485919,9.645206,232.33914,0.0,-30.0,0.0,6.0726296e-07,6.0726296e-07,1.5652754e-08,3.5226924e-07,1,1.1309367,0.10383673,1018000.2,1334105.8,416179.6,554906.1,0.75,0.76305807
ref,307,2,2,6,1,4.146646,1.0507336,1.0485919,10.408617,232.33914,0.0,-30.0,0.0,5.677685e-07,5.677685e-07,1.737304e-08,3.4485916e-07,1,1.1538976,0.12204543,1018000.2,1334105.8,416179.6,554906.1,0.75,0.76305807
ref,308,2,2,7,1,4.146646,1.0507336,1.0485919,11.524556,232.33914,0.0,-30.0,0.0,5.4390034e-07,5.4390034e-07,1.5069691e-08,3.2111166e-07,1,1.1893034,0.15012325,1018000.2,1334105.8,416179.6,554906.1,0.75,0.76305807
ref,309,2,3,1,1,4.146646,1.0507336,1.2427105,7.2934513,232.33914,0.0,-30.0,0.0,7.720606e-07,7.720606e-07,1.6486712e-08,4.3611246e-07,1,1.0477513,0.03786818,1018000.2,1334105.8,416179.6,554906.1,0.75,0.76305807
ref,310,2,3,2,1,4.146646,1.0507336,1.2427105,8.058513,232.33914,0.0,-30.0,0.0,5.665926e-07,5.665926e-07,1.552617e-08,3.3648004e-07,1,1.0528913,0.041944385,1018000.2,1334105.8,416179.6,554906.1,0.75,0.76305807
ref,311,2,3,3,1,4.146646,1.0507336,1.2427105,8.682527,232.33914,0.0,-30.0,0.0,6.9816264e-07,6.9816264e-07,1.8041748e-08,3.963371e-07,1,1.0618504,0.04904926,1018000.2,1334105.8,416179.6,554906.1,0.75,0.76305807
ref,312,2,3,4,1,4.146646,1.0507336,1.2427105,9.28213,232.33914,0.0,-30.0,0.0,5.874857e-07,5.874857e-07,1.5550945e-08,3.4891207e-07,1,1.0743527,0.05896396,1018000.2,1334105.8,416179.6,554906.1,0.75,0.76305807
ref,313,2,3,5,1,4.146646,1.0507336,1.2427105,9.923076,232.33914,0.0,-30.0,0.0,6.4406373e-07,6.4406373e-07,1.7590219e-08,3.7861005e-07,1,1.0877734,0.06960697,1018000.2,1334105.8,416179.6,554906.1,0.75,0.76305807
ref,314,2,3,6,1,4.146646,1.0507336,1.2427105,10.69124,232.33914,0.0,-30.0,0.0,6.194029e-07,6.194029e-07,1.6937213e-08,3.6331852e-07,1,1.1030887,0.08175244,1018000.2,1334105.8,416179.6,554906.1,0.75,0.76305807
ref,315,2,3,7,1,4.146646,1.0507336,1.2427105,11.811968,232.33914,0.0,-30.0,0.0,5.715194e-07,5.715194e-07,1.5925306e-08,3.336507e-07,1,1.1264108,0.1002476,1018000.2,1334105.8,416179.6,554906.1,0.75,0.76305807
ref,316,2,4,1,1,4.146646,1.0507336,1.4394752,7.533223,232.33914,0.0,-30.0,0.0,6.928835e-07,6.928835e-07,1.8491034e-08,3.9856303e-07,1,1.0322984,0.02561366,1018000.2,1334105.8,416179.6,554906.1,0.75,0.76305807
ref,317,2,4,2,1,4.146646,1.0507336,1.4394752,8.305609,232.33914,0.0,-30.0,0.0,9.020637e-07,9.020637e-07,1.7192932e-08,4.997647e-07,1,1.0363997,0.02886609,1018000.2,1334105.8,416179.6,554906.1,0.75,0.76305807
ref,318,2,4,3,1,4.146646,1.0507336,1.4394752,8.934455,232.33914,0.0,-30.0,0.0,6.87398e-07,6.87398e-07,1.7317296e-08,3.9473565e-07,1,1.0439749,0.03487342,1018000.2,1334105.8,416179.6,554906.1,0.75,0.76305807
ref,319,2,4,4,1,4.146646,1.0507336,1.4394752,9.537786,232.33914,0.0,-30.0,0.0,7.0315355e-07,7.0315355e-07,1.684589e-08,4.0235582e-07,1,1.0525203,0.041650113,1018000.2,1334105.8,416179.6,554906.1,0.75,0.76305807
ref,320,2,4,5,1,4.146646,1.0507336,1.4394752,10.181785,232.33914,0.0,-30.0,0.0,6.301004e-07,6.301004e-07,1.7150679e-08,3.5573663e-07,1,1.0613295,0.04863617,1018000.2,1334105.8,416179.6,554906.1,0.75,0.76305807
ref,321,2,4,6,1,4.146646,1.0507336,1.4394752,10.952437,232.33914,0.0,-30.0,0.0,7.145277e-07,7.145277e-07,1.7488759e-08,4.1220832e-07,1,1.0723798,0.057399336,1018000.2,1334105.8,416179.6,554906.1,0.75,0.76305807
ref,322,2,4,7,1,4.146646,1.0507336,1.4394752,12.074673,232.33914,0.0,-30.0,0.0,6.2508667e-07,6.2508667e-07,1.5495543e-08,3.6431024e-07,1,1.0875564,0.06943483,1018000.2,1334105.8,416179.6,554906.1,0.75,0.76305807
ref,323,2,5,1,1,4.146646,1.0507336,1.6603044,7.7880535,232.33914,0.0,-30.0,0.0,7.5509007e-07,7.5509007e-07,1.9033468e-08,4.2055711e-07,1,1.0219927,0.017440833,1018000.2,1334105.8,416179.6,554906.1,0.75,0.76305807
ref,324,2,5,2,1,4.146646,1.0507336,1.6603044,8.566452,232.33914,0.0,-30.0,0.0,9.784966e-07,9.784966e-07,1.9161249e-08,5.2469915e-07,1,1.0257081,0.020387325,1018000.2,1334105.8,416179.6,554906.1,0.75,0.76305807
ref,325,2,5,3,1,4.146646,1.0507336,1.6603044,9.1988945,232.33914,0.0,-30.0,0.0,8.437902e-07,8.437902e-07,2.3575264e-08,4.7527638e-07,1,1.031511,0.024989104,1018000.2,1334105.8,416179.6,554906.1,0.75,0.76305807
ref,326,2,5,4,1,4.146646,1.0507336,1.6603044,9.8046665,232.33914,0.0,-30.0,0.0,6.9335283e-07,6.9335283e-07,1.6162561e-08,3.930516e-07,1,1.0372651,0.02955235,1018000.2,1334105.8,416179.6,554906.1,0.75,0.76305807
ref,327,2,5,5,1,4.146646,1.0507336,1.6603044,10.450261,232.33914,0.0,-30.0,0.0,8.0704785e-07,8.0704785e-07,1.7901932e-08,4.5462235e-07,1,1.0430256,0.03412063,1018000.2,1334105.8,416179.6,554906.1,0.75,0.76305807
ref,328,2,5,6,1,4.146646,1.0507336,1.6603044,11.221538,232.33914,0.0,-30.0,0.0,7.2077626e-07,7.2077626e-07,1.6394264e-08,4.0292488e-07,1,1.0508401,0.04031771,1018000.2,1334105.8,416179.6,554906.1,0.75,0.76305807
ref,329,2,5,7,1,4.146646,1.0507336,1.6603044,12.34232,232.33914,0.0,-30.0,0.0,6.648298e-07,6.648298e-07,1.7566125e-08,3.8687276e-07,1,1.0605619,0.04802743,1018000.2,1334105.8,416179.6,554906.1,0.75,0.76305807
ref,330,2,6,1,1,4.146646,1.0507336,1.9384179,8.09189,232.33914,0.0,-30.0,0.0,9.685821e-07,9.685821e-07,1.7915433e-08,5.169117e-07,1,1.0144362,0.011448352,1018000.2,1334105.8,416179.6,554906.1,0.75,0.76305807
ref,331,2,6,2,1,4.146646,1.0507336,1.9384179,8.875121,232.33914,0.0,-30.0,0.0,1.1774663e-06,1.1774663e-06,1.9791194e-08,6.605476e-07,1,1.0180234,0.014293096,1018000.2,1334105.8,416179.6,554906.1,0.75,0.76305807
ref,332,2,6,3,1,4.146646,1.0507336,1.9384179,9.509885,232.33914,0.0,-30.0,0.0,1.0285994e-06,1.0285994e-06,2.5448214e-08,5.752112e-07,1,1.0218767,0.017348893,1018000.2,1334105.8,416179.6,554906.1,0.75,0.76305807
ref,333,2,6,4,1,4.146646,1.0507336,1.9384179,10.116645,232.33914,0.0,-30.0,0.0,9.95948e-07,9.95948e-07,2.1667477e-08,5.5167436e-07,1,1.025492,0.020215921,1018000.2,1334105.8,416179.6,554906.1,0.75,0.76305807
ref,334,2,6,5,1,4.146646,1.0507336,1.9384179,10.762061,232.33914,0.0,-30.0,0.0,9.997365e-07,9.997365e-07,1.9770749e-08,5.549824e-07,1,1.0293921,0.023308843,1018000.2,1334105.8,416179.6,554906.1,0.75,0.76305807
ref,335,2,6,6,1,4.146646,1.0507336,1.9384179,11.531534,232.33914,0.0,-30.0,0.0,7.026634e-07,7.026634e-07,1.63288e-08,4.0254915e-07,1,1.0343423,0.027234478,1018000.2,1334105.8,416179.6,554906.1,0.75,0.76305807
ref,336,2,6,7,1,4.146646,1.0507336,1.9384179,12.646887,232.33914,0.0,-30.0,0.0,6.7446786e-07,6.7446786e-07,1.8787887e-08,3.9048734e-07,1,1.0401814,0.031865012,1018000.2,1334105.8,416179.6,554906.1,0.75,0.76305807
ref,337,2,7,1,1,4.146646,1.0507336,2.3682826,8.5323105,232.33914,0.0,-30.0,0.0,1.5638094e-06,1.5638094e-06,1.995905e-08,8.3715935e-07,1,1.0088744,0.0070376447,1018000.2,1334105.8,416179.6,554906.1,0.75,0.76305807
ref,338,2,7,2,1,4.146646,1.0507336,2.3682826,9.3182745,232.33914,0.0,-30.0,0.0,1.26865e-06,1.26865e-06,2.5800732e-08,6.889796e-07,1,1.0114318,0.009065777,1018000.2,1334105.8,416179.6,554906.1,0.75,0.76305807
ref,339,2,7,3,1,4.146646,1.0507336,2.3682826,9.952883,232.33914,0.0,-30.0,0.0,1.455016e-06,1.455016e-06,2.4079377e-08,7.9619e-07,1,1.0135818,0.010770752,1018000.2,1334105.8,416179.6,554906.1,0.75,0.76305807
ref,340,2,7,4,1,4.146646,1.0507336,2.3682826,10.557669,232.33914,0.0,-30.0,0.0,9.541504e-07,9.541504e-07,2.2198e-08,5.1429413e-07,1,1.0154945,0.01228758,1018000.2,1334105.8,416179.6,554906.1,0.75,0.76305807
ref,341,2,7,5,1,4.146646,1.0507336,2.3682826,11.199149,232.33914,0.0,-30.0,0.0,9.4432573e-07,9.4432573e-07,1.6252587e-08,5.364694e-07,1,1.0179129,0.014205426,1018000.2,1334105.8,416179.6,554906.1,0.75,0.76305807
ref,342,2,7,6,1,4.146646,1.0507336,2.3682826,11.961595,232.33914,0.0,-30.0,0.0,8.8130275e-07,8.8130275e-07,1.8128944e-08,4.867019e-07,1,1.0204403,0.016209843,1018000.2,1334105.8,416179.6,554906.1,0.75,0.76305807
ref,343,2,7,7,1,4.146646,1.0507336,2.3682826,13.062611,232.33914,0.0,-30.0,0.0,7.578566e-07,7.578566e-07,1.5732834e-08,4.3838386e-07,1,1.0233556,0.018521694,1018000.2,1334105.8,416179.6,554906.1,0.75,0.76305807
ref,344,2,1,1,2,3.9839456,0.9964736,0.82649165,6.7308545,232.33914,0.0,-30.0,0.0,3.329155e-07,3.329155e-07,1.8427649e-08,2.1466099e-07,1,1.1063908,0.08437111,884325.56,1158923.0,380778.56,507704.72,0.75,0.76305807
ref,345,2,1,2,2,3.9839456,0.9964736,0.82649165,7.47181,232.33914,0.0,-30.0,0.0,3.0128498e-07,3.0128498e-07,2.0514758e-08,2.0296065e-07,1,1.1202323,0.09534785,884325.56,1158923.0,380778.56,507704.72,0.75,0.76305807
ref,346,2,1,3,2,3.9839456,0.9964736,0.82649165,8.078644,232.33914,0.0,-30.0,0.0,3.604446e-07,3.604446e-07,1.9759248e-08,2.327447e-07,1,1.1293011,0.10253961,884325.56,1158923.0,380778.56,507704.72,0.75,0.76305807
ref,347,2,1,4,2,3.9839456,0.9964736,0.82649165,8.663665,232.33914,0.0,-30.0,0.0,3.3672305e-07,3.3672305e-07,1.834615e-08,2.2083707e-07,1,1.1484853,0.11775333,884325.56,1158923.0,380778.56,507704.72,0.75,0.76305807
ref,348,2,1,5,2,3.9839456,0.9964736,0.82649165,9.290994,232.33914,0.0,-30.0,0.0,3.1563462e-07,3.1563462e-07,1.9419952e-08,2.087874e-07,1,1.177255,0.14056854,884325.56,1158923.0,380778.56,507704.72,0.75,0.76305807
ref,349,2,1,6,2,3.9839456,0.9964736,0.82649165,10.04534,232.33914,0.0,-30.0,0.0,3.3537262e-07,3.3537262e-07,2.0606318e-08,2.3291541e-07,1,1.2106569,0.16705722,884325.56,1158923.0,380778.56,507704.72,0.75,0.76305807
ref,350,2,1,7,2,3.9839456,0.9964736,0.82649165,11.1504755,232.33914,0.0,-30.0,0.0,3.5531923e-07,3.5531923e-07,2.0461414e-08,2.4472277e-07,1,1.2578948,0.20451826,884325.56,1158923.0,380778.56,507704.72,0.75,0.76305807
ref,351,2,2,1,2,3.9839456,0.9964736,1.0485919,7.042159,232.33914,0.0,-30.0,0.0,3.0446543e-07,3.0446543e-07,1.7993454e-08,1.99134e-07,1,1.0577829,0.04582358,884325.56,1158923.0,380778.56,507704.72,0.75,0.76305807
ref,352,2,2,2,2,3.9839456,0.9964736,1.0485919,7.797659,232.33914,0.0,-30.0,0.0,3.4802372e-07,3.4802372e-07,1.7571164e-08,2.3336361e-07,1,1.0646445,0.05126497,884325.56,1158923.0,380778.56,507704.72,0.75,0.76305807
ref,353,2,2,3,2,3.9839456,0.9964736,1.0485919,8.415051,232.33914,0.0,-30.0,0.0,3.86571e-07,3.86571e-07,1.9683672e-08,2.4912606e-07,1,1.0720831,0.057164118,884325.56,1158923.0,380778.56,507704.72,0.75,0.76305807
ref,354,2,2,4,2,3.9839456,0.9964736,1.0485919,9.009185,232.33914,0.0,-30.0,0.0,3.8951396e-07,3.8951396e-07,1.8437564e-08,2.5213697e-07,1,1.0862229,0.06837736,884325.56,1158923.0,380778.56,507704.72,0.75,0.76305807
ref,355,2,2,5,2,3.9839456,0.9964736,1.0485919,9.645206,232.33914,0.0,-30.0,0.0,4.4845402e-07,4.4845402e-07,2.509779e-08,2.9253522e-07,1,1.1027836,0.081510425,884325.56,1158923.0,380778.56,507704.72,0.75,0.76305807
ref,356,2,2,6,2,3.9839456,0.9964736,1.0485919,10.408617,232.33914,0.0,-30.0,0.0,3.581241e-07,3.581241e-07,2.1386276e-08,2.437901e-07,1,1.1213377,0.09622438,884325.56,1158923.0,380778.56,507704.72,0.75,0.76305807
ref,357,2,2,7,2,3.9839456,0.9964736,1.0485919,11.524556,232.33914,0.0,-30.0,0.0,3.8298288e-07,3.8298288e-07,1.7544084e-08,2.4537405e-07,1,1.1502694,0.11916812,884325.56,1158923.0,380778.56,507704.72,0.75,0.76305807
ref,358,2,3,1,2,3.9839456,0.9964736,1.2427105,7.2934513,232.33914,0.0,-30.0,0.0,4.3251265e-07,4.3251265e-07,1.9307812e-08,2.757498e-07,1,1.0369,0.029262843,884325.56,1158923.0,380778.56,507704.72,0.75,0.76305807
ref,359,2,3,2,2,3.9839456,0.9964736,1.2427105,8.058513,232.33914,0.0,-30.0,0.0,3.9017132e-07,3.9017132e-07,1.911862e-08,2.5026839e-07,1,1.0409114,0.03244399,884325.56,1158923.0,380778.56,507704.72,0.75,0.76305807
ref,360,2,3,3,2,3.9839456,0.9964736,1.2427105,8.682527,232.33914,0.0,-30.0,0.0,4.1837737e-07,4.1837737e-07,2.1685507e-08,2.7516944e-07,1,1.0479218,0.038003445,884325.56,1158923.0,380778.56,507704.72,0.75,0.76305807
ref,361,2,3,4,2,3.9839456,0.9964736,1.2427105,9.28213,232.33914,0.0,-30.0,0.0,3.8642318e-07,3.8642318e-07,1.761357e-08,2.4612694e-07,1,1.0577443,0.045792893,884325.56,1158923.0,380778.56,507704.72,0.75,0.76305807
ref,362,2,3,5,2,3.9839456,0.9964736,1.2427105,9.923076,232.33914,0.0,-30.0,0.0,3.289747e-07,3.289747e-07,1.8884394e-08,2.1073207e-07,1,1.0683397,0.054195434,884325.56,1158923.0,380778.56,507704.72,0.75,0.76305807
ref,363,2,3,6,2,3.9839456,0.9964736,1.2427105,10.69124,232.33914,0.0,-30.0,0.0,3.5314628e-07,3.5314628e-07,1.9677072e-08,2.2547782e-07,1,1.0804967,0.063836314,884325.56,1158923.0,380778.56,507704.72,0.75,0.76305807
ref,364,2,3,7,2,3.9839456,0.9964736,1.2427105,11.811968,232.33914,0.0,-30.0,0.0,3.6732973e-07,3.6732973e-07,1.6893255e-08,2.3367966e-07,1,1.0991454,0.0786253,884325.56,1158923.0,380778.56,507704.72,0.75,0.76305807
ref,365,2,4,1,2,3.9839456,0.9964736,1.4394752,7.533223,232.33914,0.0,-30.0,0.0,4.158024e-07,4.158024e-07,1.8479312e-08,2.635061e-07,1,1.0248868,0.019735975,884325.56,1158923.0,380778.56,507704.72,0.75,0.76305807
ref,366,2,4,2,2,3.9839456,0.9964736,1.4394752,8.305609,232.33914,0.0,-30.0,0.0,4.461569e-07,4.461569e-07,1.9262927e-08,2.7083902e-07,1,1.0280684,0.022259103,884325.56,1158923.0,380778.56,507704.72,0.75,0.76305807
ref,367,2,4,3,2,3.9839456,0.9964736,1.4394752,8.934455,232.33914,0.0,-30.0,0.0,4.2101598e-07,4.2101598e-07,2.0216033e-08,2.6691617e-07,1,1.0339578,0.026929578,884325.56,1158923.0,380778.56,507704.72,0.75,0.76305807
ref,368,2,4,4,2,3.9839456,0.9964736,1.4394752,9.537786,232.33914,0.0,-30.0,0.0,4.5655932e-07,4.5655932e-07,2.1426708e-08,2.987355e-07,1,1.0406215,0.03221413,884325.56,1158923.0,380778.56,507704.72,0.75,0.76305807
ref,369,2,4,5,2,3.9839456,0.9964736,1.4394752,10.181785,232.33914,0.0,-30.0,0.0,3.9647236e-07,3.9647236e-07,1.8990294e-08,2.4737795e-07,1,1.0475136,0.0376797,884325.56,1158923.0,380778.56,507704.72,0.75,0.76305807
ref,370,2,4,6,2,3.9839456,0.9964736,1.4394752,10.952437,232.33914,0.0,-30.0,0.0,4.6590728e-07,4.6590728e-07,2.0397827e-08,2.927778e-07,1,1.0561911,0.04456122,884325.56,1158923.0,380778.56,507704.72,0.75,0.76305807
ref,371,2,4,7,2,3.9839456,0.9964736,1.4394752,12.074673,232.33914,0.0,-30.0,0.0,4.2055126e-07,4.2055126e-07,2.294775e-08,2.783134e-07,1,1.0681679,0.054059193,884325.56,1158923.0,380778.56,507704.72,0.75,0.76305807
ref,372,2,5,1,2,3.9839456,0.9964736,1.6603044,7.7880535,232.33914,0.0,-30.0,0.0,5.9931796e-07,5.9931796e-07,2.033085e-08,3.655261e-07,1,1.0169133,0.013412787,884325.56,1158923.0,380778.56,507704.72,0.75,0.76305807
ref,373,2,5,2,2,3.9839456,0.9964736,1.6603044,8.566452,232.33914,0.0,-30.0,0.0,6.9382673e-07,6.9382673e-07,2.2509765e-08,4.035335e-07,1,1.0197845,0.01568964,884325.56,1158923.0,380778.56,507704.72,0.75,0.76305807
ref,374,2,5,3,2,3.9839456,0.9964736,1.6603044,9.1988945,232.33914,0.0,-30.0,0.0,4.874769e-07,4.874769e-07,2.0073832e-08,2.975467e-07,1,1.0242764,0.019251905,884325.56,1158923.0,380778.56,507704.72,0.75,0.76305807
ref,375,2,5,4,2,3.9839456,0.9964736,1.6603044,9.8046665,232.33914,0.0,-30.0,0.0,4.5481542e-07,4.5481542e-07,2.1177959e-08,2.8678042e-07,1,1.0287404,0.022791976,884325.56,1158923.0,380778.56,507704.72,0.75,0.76305807
ref,376,2,5,5,2,3.9839456,0.9964736,1.6603044,10.450261,232.33914,0.0,-30.0,0.0,4.8783295e-07,4.8783295e-07,2.3083567e-08,3.00387e-07,1,1.0332189,0.02634359,884325.56,1158923.0,380778.56,507704.72,0.75,0.76305807
ref,377,2,5,6,2,3.9839456,0.9964736,1.6603044,11.221538,232.33914,0.0,-30.0,0.0,5.0323285e-07,5.0323285e-07,2.4533298e-08,3.1970123e-07,1,1.0393097,0.03117377,884325.56,1158923.0,380778.56,507704.72,0.75,0.76305807
ref,378,2,5,7,2,3.9839456,0.9964736,1.6603044,12.34232,232.33914,0.0,-30.0,0.0,3.856949e-07,3.856949e-07,2.2290555e-08,2.496731e-07,1,1.0469122,0.03720273,884325.56,1158923.0,380778.56,507704.72,0.75,0.76305807
ref,379,2,6,1,2,3.9839456,0.9964736,1.9384179,8.09189,232.33914,0.0,-30.0,0.0,9.510517e-07,9.510517e-07,2.340645e-08,5.4413266e-07,1,1.0110865,0.008791915,884325.56,1158923.0,380778.56,507704.72,0.75,0.76305807
ref,380,2,6,2,2,3.9839456,0.9964736,1.9384179,8.875121,232.33914,0.0,-30.0,0.0,6.714919e-07,6.714919e-07,2.2369298e-08,4.0572021e-07,1,1.0138506,0.010983909,884325.56,1158923.0,380778.56,507704.72,0.75,0.76305807
ref,381,2,6,3,2,3.9839456,0.9964736,1.9384179,9.509885,232.33914,0.0,-30.0,0.0,8.3726957e-07,8.3726957e-07,2.6417373e-08,5.197955e-07,1,1.0168238,0.013341793,884325.56,1158923.0,380778.56,507704.72,0.75,0.76305807
ref,382,2,6,4,2,3.9839456,0.9964736,1.9384179,10.116645,232.33914,0.0,-30.0,0.0,5.5783744e-07,5.5783744e-07,2.0679995e-08,3.5191806e-07,1,1.0196173,0.015557103,884325.56,1158923.0,380778.56,507704.72,0.75,0.76305807
ref,383,2,6,5,2,3.9839456,0.9964736,1.9384179,10.762061,232.33914,0.0,-30.0,0.0,6.388405e-07,6.388405e-07,2.1877609e-08,3.9487637e-07,1,1.0226351,0.017950311,884325.56,1158923.0,380778.56,507704.72,0.75,0.76305807
ref,384,2,6,6,2,3.9839456,0.9964736,1.9384179,11.531534,232.33914,0.0,-30.0,0.0,5.3036536e-07,5.3036536e-07,2.3778732e-08,3.2531875e-07,1,1.0264717,0.020992868,884325.56,1158923.0,380778.56,507704.72,0.75,0.76305807
ref,385,2,6,7,2,3.9839456,0.9964736,1.9384179,12.646887,232.33914,0.0,-30.0,0.0,4.828131e-07,4.828131e-07,2.319997e-08,3.1148866e-07,1,1.0310063,0.024588998,884325.56,1158923.0,380778.56,507704.72,0.75,0.76305807
ref,386,2,7,1,2,3.9839456,0.9964736,2.3682826,8.5323105,232.33914,0.0,-30.0,0.0,1.2961076e-06,1.2961076e-06,3.0676148e-08,6.9306355e-07,1,1.0068082,0.0053990637,884325.56,1158923.0,380778.56,507704.72,0.75,0.76305807
ref,387,2,7,2,2,3.9839456,0.9964736,2.3682826,9.3182745,232.33914,0.0,-30.0,0.0,1.2407647e-06,1.2407647e-06,2.473906e-08,6.605596e-07,1,1.0087743,0.0069582937,884325.56,1158923.0,380778.56,507704.72,0.75,0.76305807
ref,388,2,7,3,2,3.9839456,0.9964736,2.3682826,9.952883,232.33914,0.0,-30.0,0.0,1.1704303e-06,1.1704303e-06,2.8019329e-08,6.684167e-07,1,1.0104287,0.008270228,884325.56,1158923.0,380778.56,507704.72,0.75,0.76305807
ref,389,2,7,4,2,3.9839456,0.9964736,2.3682826,10.557669,232.33914,0.0,-30.0,0.0,8.9032767e-07,8.9032767e-07,2.5153769e-08,5.019695e-07,1,1.0119015,0.009438272,884325.56,1158923.0,380778.56,507704.72,0.75,0.76305807
ref,390,2,7,5,2,3.9839456,0.9964736,2.3682826,11.199149,232.33914,0.0,-30.0,0.0,1.2481395e-06,1.2481395e-06,3.099658e-08,6.684455e-07,1,1.0137653,0.010916311,884325.56,1158923.0,380778.56,507704.72,0.75,0.76305807
ref,391,2,7,6,2,3.9839456,0.9964736,2.3682826,11.961595,232.33914,0.0,-30.0,0.0,7.235633e-07,7.235633e-07,2.1919123e-08,4.3373888e-07,1,1.015715,0.012462495,884325.56,1158923.0,380778.56,507704.72,0.75,0.76305807
ref,392,2,7,7,2,3.9839456,0.9964736,2.3682826,13.062611,232.33914,0.0,-30.0,0.0,5.971874e-07,5.971874e-07,2.3324327e-08,3.64963e-07,1,1.017966,0.014247637,884325.56,1158923.0,380778.56,507704.72,0.75,0.76305807
ref,393,2,1,1,3,4.0060463,0.7696029,0.82649165,6.7308545,232.33914,0.0,-30.0,0.0,1.8370098e-07,1.8370098e-07,1.0974102e-08,1.0635831e-07,1,1.1095403,0.086868756,897800.44,1176582.0,384849.72,513132.97,0.75,0.76305807
ref,394,2,1,2,3,4.0060463,0.7696029,0.82649165,7.47181,232.33914,0.0,-30.0,0.0,1.5645797e-07,1.5645797e-07,1.0385066e-08,9.4453384e-08,1,1.1237477,0.09813561,897800.44,1176582.0,384849.72,513132.97,0.75,0.76305807
ref,395,2,1,3,3,4.0060463,0.7696029,0.82649165,8.078644,232.33914,0.0,-30.0,0.0,1.7577878e-07,1.7577878e-07,1.119205e-08,1.02108935e-07,1,1.1330506,0.10551311,897800.44,1176582.0,384849.72,513132.97,0.75,0.76305807
ref,396,2,1,4,3,4.0060463,0.7696029,0.82649165,8.663665,232.33914,0.0,-30.0,0.0,1.7040595e-07,1.7040595e-07,1.1565091e-08,9.830011e-08,1,1.1527162,0.12110847,897800.44,1176582.0,384849.72,513132.97,0.75,0.76305807
ref,397,2,1,5,3,4.0060463,0.7696029,0.82649165,9.290994,232.33914,0.0,-30.0,0.0,2.3155751e-07,2.3155751e-07,1.128532e-08,1.3351887e-07,1,1.1821713,0.14446731,897800.44,1176582.0,384849.72,513132.97,0.75,0.76305807
ref,398,2,1,6,3,4.0060463,0.7696029,0.82649165,10.04534,232.33914,0.0,-30.0,0.0,2.2188046e-07,2.2188046e-07,1.1711813e-08,1.2156097e-07,1,1.2163147,0.17154403,897800.44,1176582.0,384849.72,513132.97,0.75,0.76305807
ref,399,2,1,7,3,4.0060463,0.7696029,0.82649165,11.1504755,232.33914,0.0,-30.0,0.0,1.9114088e-07,1.9114088e-07,1.2693443e-08,1.1220511e-07,1,1.2645018,0.20975782,897800.44,1176582.0,384849.72,513132.97,0.75,0.76305807
ref,400,2,2,1,3,4.0060463,0.7696029,1.0485919,7.042159,232.33914,0.0,-30.0,0.0,2.0996308e-07,2.0996308e-07,1.0780063e-08,1.1645911e-07,1,1.0595677,0.047238972,897800.44,1176582.0,384849.72,513132.97,0.75,0.76305807
ref,401,2,2,2,3,4.0060463,0.7696029,1.0485919,7.797659,232.33914,0.0,-30.0,0.0,2.2998812e-07,2.2998812e-07,1.0559808e-08,1.3539871e-07,1,1.0666294,0.052839126,897800.44,1176582.0,384849.72,513132.97,0.75,0.76305807
ref,402,2,2,3,3,4.0060463,0.7696029,1.0485919,8.415051,232.33914,0.0,-30.0,0.0,2.0640093e-07,2.0640093e-07,9.674433e-09,1.049172e-07,1,1.0742824,0.058908165,897800.44,1176582.0,384849.72,513132.97,0.75,0.76305807
ref,403,2,2,4,3,4.0060463,0.7696029,1.0485919,9.009185,232.33914,0.0,-30.0,0.0,2.2290729e-07,2.2290729e-07,1.0157192e-08,1.2279632e-07,1,1.0888213,0.07043796,897800.44,1176582.0,384849.72,513132.97,0.75,0.76305807
ref,404,2,2,5,3,4.0060463,0.7696029,1.0485919,9.645206,232.33914,0.0,-30.0,0.0,2.2714788e-07,2.2714788e-07,1.1879081e-08,1.2308634e-07,1,1.105836,0.08393114,897800.44,1176582.0,384849.72,513132.97,0.75,0.76305807
ref,405,2,2,6,3,4.0060463,0.7696029,1.0485919,10.408617,232.33914,0.0,-30.0,0.0,2.6235116e-07,2.6235116e-07,1.2467274e-08,1.4762651e-07,1,1.1248817,0.099034965,897800.44,1176582.0,384849.72,513132.97,0.75,0.76305807
ref,406,2,2,7,3,4.0060463,0.7696029,1.0485919,11.524556,232.33914,0.0,-30.0,0.0,1.8378937e-07,1.8378937e-07,1.107962e-08,1.05794754e-07,1,1.1545439,0.122557975,897800.44,1176582.0,384849.72,513132.97,0.75,0.76305807
ref,407,2,3,1,3,4.0060463,0.7696029,1.2427105,7.2934513,232.33914,0.0,-30.0,0.0,3.636866e-07,3.636866e-07,1.1461094e-08,2.009735e-07,1,1.0380602,0.030182889,897800.44,1176582.0,384849.72,513132.97,0.75,0.76305807
ref,408,2,3,2,3,4.0060463,0.7696029,1.2427105,8.058513,232.33914,0.0,-30.0,0.0,2.694471e-07,2.694471e-07,1.14537615e-08,1.525584e-07,1,1.0421934,0.033460606,897800.44,1176582.0,384849.72,513132.97,0.75,0.76305807
ref,409,2,3,3,3,4.0060463,0.7696029,1.2427105,8.682527,232.33914,0.0,-30.0,0.0,2.887274e-07,2.887274e-07,1.1565056e-08,1.563222e-07,1,1.0494145,0.03918721,897800.44,1176582.0,384849.72,513132.97,0.75,0.76305807
ref,410,2,3,4,3,4.0060463,0.7696029,1.2427105,9.28213,232.33914,0.0,-30.0,0.0,3.1794997e-07,3.1794997e-07,1.0887697e-08,1.8090265e-07,1,1.0595279,0.04720738,897800.44,1176582.0,384849.72,513132.97,0.75,0.76305807
ref,411,2,3,5,3,4.0060463,0.7696029,1.2427105,9.923076,232.33914,0.0,-30.0,0.0,3.0177978e-07,3.0177978e-07,1.1943742e-08,1.6412461e-07,1,1.0704315,0.055854276,897800.44,1176582.0,384849.72,513132.97,0.75,0.76305807
ref,412,2,3,6,3,4.0060463,0.7696029,1.2427105,10.69124,232.33914,0.0,-30.0,0.0,2.759352e-07,2.759352e-07,1.1788075e-08,1.4844935e-07,1,1.0829347,0.065769725,897800.44,1176582.0,384849.72,513132.97,0.75,0.76305807
ref,413,2,3,7,3,4.0060463,0.7696029,1.2427105,11.811968,232.33914,0.0,-30.0,0.0,2.9351776e-07,2.9351776e-07,1.0168998e-08,1.6046765e-07,1,1.1020994,0.08096789,897800.44,1176582.0,384849.72,513132.97,0.75,0.76305807
ref,414,2,4,1,3,4.0060463,0.7696029,1.4394752,7.533223,232.33914,0.0,-30.0,0.0,3.1468733e-07,3.1468733e-07,1.2485807e-08,1.777595e-07,1,1.0256772,0.020362772,897800.44,1176582.0,384849.72,513132.97,0.75,0.76305807
ref,415,2,4,2,3,4.0060463,0.7696029,1.4394752,8.305609,232.33914,0.0,-30.0,0.0,3.2788935e-07,3.2788935e-07,1.1941097e-08,1.7847256e-07,1,1.0289575,0.022964155,897800.44,1176582.0,384849.72,513132.97,0.75,0.76305807
ref,416,2,4,3,3,4.0060463,0.7696029,1.4394752,8.934455,232.33914,0.0,-30.0,0.0,3.0157125e-07,3.0157125e-07,1.0896517e-08,1.4802694e-07,1,1.0350281,0.027778363,897800.44,1176582.0,384849.72,513132.97,0.75,0.76305807
ref,417,2,4,4,3,4.0060463,0.7696029,1.4394752,9.537786,232.33914,0.0,-30.0,0.0,3.8430142e-07,3.8430142e-07,1.4574943e-08,2.1365756e-07,1,1.0418948,0.033223793,897800.44,1176582.0,384849.72,513132.97,0.75,0.76305807
ref,418,2,4,5,3,4.0060463,0.7696029,1.4394752,10.181785,232.33914,0.0,-30.0,0.0,4.430272e-07,4.430272e-07,1.14131655e-08,2.3402592e-07,1,1.0489941,0.038853783,897800.44,1176582.0,384849.72,513132.97,0.75,0.76305807
ref,419,2,4,6,3,4.0060463,0.7696029,1.4394752,10.952437,232.33914,0.0,-30.0,0.0,2.8404827e-07,2.8404827e-07,1.3419593e-08,1.583661e-07,1,1.057929,0.045939494,897800.44,1176582.0,384849.72,513132.97,0.75,0.76305807
ref,420,2,4,7,3,4.0060463,0.7696029,1.4394752,12.074673,232.33914,0.0,-30.0,0.0,2.2513805e-07,2.2513805e-07,1.0778889e-08,1.2278625e-07,1,1.0702547,0.05571411,897800.44,1176582.0,384849.72,513132.97,0.75,0.76305807
ref,421,2,5,1,3,4.0060463,0.7696029,1.6603044,7.7880535,232.33914,0.0,-30.0,0.0,5.1999154e-07,5.1999154e-07,1.2520129e-08,2.7472288e-07,1,1.017454,0.013841601,897800.44,1176582.0,384849.72,513132.97,0.75,0.76305807
ref,422,2,5,2,3,4.0060463,0.7696029,1.6603044,8.566452,232.33914,0.0,-30.0,0.0,4.515107e-07,4.515107e-07,1.3828602e-08,2.4909252e-07,1,1.0204154,0.01619005,897800.44,1176582.0,384849.72,513132.97,0.75,0.76305807
ref,423,2,5,3,3,4.0060463,0.7696029,1.6603044,9.1988945,232.33914,0.0,-30.0,0.0,4.571139e-07,4.571139e-07,1.471578e-08,2.5367075e-07,1,1.0250478,0.01986364,897800.44,1176582.0,384849.72,513132.97,0.75,0.76305807
ref,424,2,5,4,3,4.0060463,0.7696029,1.6603044,9.8046665,232.33914,0.0,-30.0,0.0,4.272452e-07,4.272452e-07,1.0800106e-08,2.2021821e-07,1,1.0296502,0.0235135,897800.44,1176582.0,384849.72,513132.97,0.75,0.76305807
ref,425,2,5,5,3,4.0060463,0.7696029,1.6603044,10.450261,232.33914,0.0,-30.0,0.0,4.4293503e-07,4.4293503e-07,1.11190674e-08,2.437906e-07,1,1.0342666,0.02717442,897800.44,1176582.0,384849.72,513132.97,0.75,0.76305807
ref,426,2,5,6,3,4.0060463,0.7696029,1.6603044,11.221538,232.33914,0.0,-30.0,0.0,4.365178e-07,4.365178e-07,1.2874275e-08,2.40434e-07,1,1.0405431,0.032151904,897800.44,1176582.0,384849.72,513132.97,0.75,0.76305807
ref,427,2,5,7,3,4.0060463,0.7696029,1.6603044,12.34232,232.33914,0.0,-30.0,0.0,2.9259235e-07,2.9259235e-07,1.1719829e-08,1.6867645e-07,1,1.0483747,0.038362548,897800.44,1176582.0,384849.72,513132.97,0.75,0.76305807
ref,428,2,6,1,3,4.0060463,0.7696029,1.9384179,8.09189,232.33914,0.0,-30.0,0.0,6.768491e-07,6.768491e-07,1.2937532e-08,3.5223445e-07,1,1.0114427,0.009074356,897800.44,1176582.0,384849.72,513132.97,0.75,0.76305807
ref,429,2,6,2,3,4.0060463,0.7696029,1.9384179,8.875121,232.33914,0.0,-30.0,0.0,5.6403377e-07,5.6403377e-07,1.0772727e-08,2.8125518e-07,1,1.0142945,0.011335962,897800.44,1176582.0,384849.72,513132.97,0.75,0.76305807
ref,430,2,6,3,3,4.0060463,0.7696029,1.9384179,9.509885,232.33914,0.0,-30.0,0.0,6.821834e-07,6.821834e-07,1.3085661e-08,3.6693905e-07,1,1.0173618,0.013768369,897800.44,1176582.0,384849.72,513132.97,0.75,0.76305807
ref,431,2,6,4,3,4.0060463,0.7696029,1.9384179,10.116645,232.33914,0.0,-30.0,0.0,6.3966155e-07,6.3966155e-07,1.626544e-08,3.3190406e-07,1,1.020243,0.016053356,897800.44,1176582.0,384849.72,513132.97,0.75,0.76305807
ref,432,2,6,5,3,4.0060463,0.7696029,1.9384179,10.762061,232.33914,0.0,-30.0,0.0,4.7579454e-07,4.7579454e-07,1.2548952e-08,2.4329782e-07,1,1.0233554,0.01852147,897800.44,1176582.0,384849.72,513132.97,0.75,0.76305807
ref,433,2,6,6,3,4.0060463,0.7696029,1.9384179,11.531534,232.33914,0.0,-30.0,0.0,3.8544553e-07,3.8544553e-07,1.259064e-08,2.1173409e-07,1,1.0273113,0.021658702,897800.44,1176582.0,384849.72,513132.97,0.75,0.76305807
ref,434,2,6,7,3,4.0060463,0.7696029,1.9384179,12.646887,232.33914,0.0,-30.0,0.0,4.47115e-07,4.47115e-07,1.3045936e-08,2.4102513e-07,1,1.0319861,0.025365936,897800.44,1176582.0,384849.72,513132.97,0.75,0.76305807
ref,435,2,7,1,3,4.0060463,0.7696029,2.3682826,8.5323105,232.33914,0.0,-30.0,0.0,1.1667458e-06,1.1667458e-06,1.34792355e-08,5.944388e-07,1,1.0070276,0.0055731223,897800.44,1176582.0,384849.72,513132.97,0.75,0.76305807
ref,436,2,7,2,3,4.0060463,0.7696029,2.3682826,9.3182745,232.33914,0.0,-30.0,0.0,1.591006e-06,1.591006e-06,1.8630212e-08,7.9133315e-07,1,1.0090567,0.0071822563,897800.44,1176582.0,384849.72,513132.97,0.75,0.76305807
ref,437,2,7,3,3,4.0060463,0.7696029,2.3682826,9.952883,232.33914,0.0,-30.0,0.0,6.5393294e-07,6.5393294e-07,1.3835521e-08,3.4073676e-07,1,1.0107639,0.008536055,897800.44,1176582.0,384849.72,513132.97,0.75,0.76305807
ref,438,2,7,4,3,4.0060463,0.7696029,2.3682826,10.557669,232.33914,0.0,-30.0,0.0,7.402339e-07,7.402339e-07,1.4005691e-08,3.9588016e-07,1,1.0122836,0.009741273,897800.44,1176582.0,384849.72,513132.97,0.75,0.76305807
ref,439,2,7,5,3,4.0060463,0.7696029,2.3682826,11.199149,232.33914,0.0,-30.0,0.0,8.919859e-07,8.919859e-07,1.9376236e-08,4.869141e-07,1,1.0142065,0.011266223,897800.44,1176582.0,384849.72,513132.97,0.75,0.76305807
ref,440,2,7,6,3,4.0060463,0.7696029,2.3682826,11.961595,232.33914,0.0,-30.0,0.0,7.17683e-07,7.17683e-07,1.6455665e-08,3.7866653e-07,1,1.016218,0.012861324,897800.44,1176582.0,384849.72,513132.97,0.75,0.76305807
ref,441,2,7,7,3,4.0060463,0.7696029,2.3682826,13.062611,232.33914,0.0,-30.0,0.0,4.2227046e-07,4.2227046e-07,1.5344034e-08,2.0686718e-07,1,1.0185399,0.014702745,897800.44,1176582.0,384849.72,513132.97,0.75,0.76305807
ref,442,2,1,1,4,4.2877717,0.82387424,0.82649165,6.7308545,232.33914,0.0,-30.0,0.0,1.6865498e-07,1.6865498e-07,2.1364704e-08,1.2013678e-07,1,1.1641847,0.13020341,1138649.4,1492218.6,447626.62,596835.5,0.75,0.76305807
ref,443,2,1,2,4,4.2877717,0.82387424,0.82649165,7.47181,232.33914,0.0,-30.0,0.0,2.5964488e-07,2.5964488e-07,1.9819293e-08,1.6778476e-07,1,1.1843448,0.14619093,1138649.4,1492218.6,447626.62,596835.5,0.75,0.76305807
ref,444,2,1,3,4,4.2877717,0.82387424,0.82649165,8.078644,232.33914,0.0,-30.0,0.0,2.8979613e-07,2.8979613e-07,1.895272e-08,1.7953829e-07,1,1.1974124,0.15655395,1138649.4,1492218.6,447626.62,596835.5,0.75,0.76305807
ref,445,2,1,4,4,4.2877717,0.82387424,0.82649165,8.663665,232.33914,0.0,-30.0,0.0,2.8195188e-07,2.8195188e-07,2.1532797e-08,1.8240405e-07,1,1.2246958,0.17819054,1138649.4,1492218.6,447626.62,596835.5,0.75,0.76305807
ref,446,2,1,5,4,4.2877717,0.82387424,0.82649165,9.290994,232.33914,0.0,-30.0,0.0,2.4642526e-07,2.4642526e-07,2.1896337e-08,1.6115007e-07,1,1.264718,0.20992935,1138649.4,1492218.6,447626.62,596835.5,0.75,0.76305807
ref,447,2,1,6,4,4.2877717,0.82387424,0.82649165,10.04534,232.33914,0.0,-30.0,0.0,3.1686784e-07,3.1686784e-07,2.5599018e-08,2.134834e-07,1,1.3098886,0.24575095,1138649.4,1492218.6,447626.62,596835.5,0.75,0.76305807
ref,448,2,1,7,4,4.2877717,0.82387424,0.82649165,11.1504755,232.33914,0.0,-30.0,0.0,2.7468127e-07,2.7468127e-07,2.2128619e-08,1.783203e-07,1,1.3715076,0.29461673,1138649.4,1492218.6,447626.62,596835.5,0.75,0.76305807
ref,449,2,2,1,4,4.2877717,0.82387424,1.0485919,7.042159,232.33914,0.0,-30.0,0.0,1.8621532e-07,1.8621532e-07,2.02813e-08,1.2639964e-07,1,1.0912589,0.072371066,1138649.4,1492218.6,447626.62,596835.5,0.75,0.76305807
ref,450,2,2,2,4,4.2877717,0.82387424,1.0485919,7.797659,232.33914,0.0,-30.0,0.0,2.757584e-07,2.757584e-07,1.92844e-08,1.787237e-07,1,1.1017594,0.08069827,1138649.4,1492218.6,447626.62,596835.5,0.75,0.76305807
ref,451,2,2,3,4,4.2877717,0.82387424,1.0485919,8.415051,232.33914,0.0,-30.0,0.0,2.8777663e-07,2.8777663e-07,1.768173e-08,1.714589e-07,1,1.1130654,0.08966426,1138649.4,1492218.6,447626.62,596835.5,0.75,0.76305807
ref,452,2,2,4,4,4.2877717,0.82387424,1.0485919,9.009185,232.33914,0.0,-30.0,0.0,2.875388e-07,2.875388e-07,1.7311107e-08,1.7644003e-07,1,1.1343359,0.10653234,1138649.4,1492218.6,447626.62,596835.5,0.75,0.76305807
ref,453,2,2,5,4,4.2877717,0.82387424,1.0485919,9.645206,232.33914,0.0,-30.0,0.0,3.6746837e-07,3.6746837e-07,1.7927652e-08,2.3385044e-07,1,1.1588875,0.12600258,1138649.4,1492218.6,447626.62,596835.5,0.75,0.76305807
ref,454,2,2,6,4,4.2877717,0.82387424,1.0485919,10.408617,232.33914,0.0,-30.0,0.0,2.6989878e-07,2.6989878e-07,2.284233e-08,1.7090944e-07,1,1.1859434,0.14745867,1138649.4,1492218.6,447626.62,596835.5,0.75,0.76305807
ref,455,2,2,7,4,4.2877717,0.82387424,1.0485919,11.524556,232.33914,0.0,-30.0,0.0,2.2773969e-07,2.2773969e-07,2.0648505e-08,1.5139308e-07,1,1.2272085,0.18018317,1138649.4,1492218.6,447626.62,596835.5,0.75,0.76305807
ref,456,2,3,1,4,4.2877717,0.82387424,1.2427105,7.2934513,232.33914,0.0,-30.0,0.0,2.9681993e-07,2.9681993e-07,2.2036717e-08,1.9346578e-07,1,1.0588697,0.04668544,1138649.4,1492218.6,447626.62,596835.5,0.75,0.76305807
ref,457,2,3,2,4,4.2877717,0.82387424,1.2427105,8.058513,232.33914,0.0,-30.0,0.0,2.788479e-07,2.788479e-07,2.0182163e-08,1.7528941e-07,1,1.0651423,0.051659793,1138649.4,1492218.6,447626.62,596835.5,0.75,0.76305807
ref,458,2,3,3,4,4.2877717,0.82387424,1.2427105,8.682527,232.33914,0.0,-30.0,0.0,3.1704263e-07,3.1704263e-07,1.935762e-08,1.9856597e-07,1,1.076046,0.06030675,1138649.4,1492218.6,447626.62,596835.5,0.75,0.76305807
ref,459,2,3,4,4,4.2877717,0.82387424,1.2427105,9.28213,232.33914,0.0,-30.0,0.0,2.8532807e-07,2.8532807e-07,2.1557186e-08,1.7624069e-07,1,1.0911995,0.07232395,1138649.4,1492218.6,447626.62,596835.5,0.75,0.76305807
ref,460,2,3,5,4,4.2877717,0.82387424,1.2427105,9.923076,232.33914,0.0,-30.0,0.0,2.8740945e-07,2.8740945e-07,2.2506617e-08,1.7977509e-07,1,1.1073859,0.0851602,1138649.4,1492218.6,447626.62,596835.5,0.75,0.76305807
ref,461,2,3,6,4,4.2877717,0.82387424,1.2427105,10.69124,232.33914,0.0,-30.0,0.0,2.6463331e-07,2.6463331e-07,1.999381e-08,1.6638299e-07,1,1.1257564,0.099728614,1138649.4,1492218.6,447626.62,596835.5,0.75,0.76305807
ref,462,2,3,7,4,4.2877717,0.82387424,1.2427105,11.811968,232.33914,0.0,-30.0,0.0,2.984386e-07,2.984386e-07,2.0008363e-08,2.0062564e-07,1,1.1535268,0.12175137,1138649.4,1492218.6,447626.62,596835.5,0.75,0.76305807
ref,463,2,4,1,4,4.2877717,0.82387424,1.4394752,7.533223,232.33914,0.0,-30.0,0.0,3.7916888e-07,3.7916888e-07,1.826881e-08,2.310197e-07,1,1.0399374,0.031671498,1138649.4,1492218.6,447626.62,596835.5,0.75,0.76305807
ref,464,2,4,2,4,4.2877717,0.82387424,1.4394752,8.305609,232.33914,0.0,-30.0,0.0,3.8529552e-07,3.8529552e-07,2.030854e-08,2.3382889e-07,1,1.044973,0.035664994,1138649.4,1492218.6,447626.62,596835.5,0.75,0.76305807
ref,465,2,4,3,4,4.2877717,0.82387424,1.4394752,8.934455,232.33914,0.0,-30.0,0.0,3.200098e-07,3.200098e-07,2.082948e-08,2.0015409e-07,1,1.0542533,0.04302456,1138649.4,1492218.6,447626.62,596835.5,0.75,0.76305807
ref,466,2,4,4,4,4.2877717,0.82387424,1.4394752,9.537786,232.33914,0.0,-30.0,0.0,3.785654e-07,3.785654e-07,2.4286713e-08,2.3882055e-07,1,1.0646899,0.05130101,1138649.4,1492218.6,447626.62,596835.5,0.75,0.76305807
ref,467,2,4,5,4,4.2877717,0.82387424,1.4394752,10.181785,232.33914,0.0,-30.0,0.0,4.749491e-07,4.749491e-07,1.8036461e-08,2.8228092e-07,1,1.0754131,0.059804812,1138649.4,1492218.6,447626.62,596835.5,0.75,0.76305807
ref,468,2,4,6,4,4.2877717,0.82387424,1.4394752,10.952437,232.33914,0.0,-30.0,0.0,3.259063e-07,3.259063e-07,2.443792e-08,2.0863936e-07,1,1.088813,0.07043135,1138649.4,1492218.6,447626.62,596835.5,0.75,0.76305807
ref,469,2,4,7,4,4.2877717,0.82387424,1.4394752,12.074673,232.33914,0.0,-30.0,0.0,3.4594882e-07,3.4594882e-07,2.274337e-08,2.2145717e-07,1,1.1071247,0.084953114,1138649.4,1492218.6,447626.62,596835.5,0.75,0.76305807
ref,470,2,5,1,4,4.2877717,0.82387424,1.6603044,7.7880535,232.33914,0.0,-30.0,0.0,4.524637e-07,4.524637e-07,2.2082522e-08,2.6081477e-07,1,1.0272481,0.021608595,1138649.4,1492218.6,447626.62,596835.5,0.75,0.76305807
ref,471,2,5,2,4,4.2877717,0.82387424,1.6603044,8.566452,232.33914,0.0,-30.0,0.0,3.7981036e-07,3.7981036e-07,1.8423904e-08,2.1569642e-07,1,1.0318286,0.02524111,1138649.4,1492218.6,447626.62,596835.5,0.75,0.76305807
ref,472,2,5,3,4,4.2877717,0.82387424,1.6603044,9.1988945,232.33914,0.0,-30.0,0.0,4.461755e-07,4.461755e-07,2.302021e-08,2.7309542e-07,1,1.0389694,0.030903911,1138649.4,1492218.6,447626.62,596835.5,0.75,0.76305807
ref,473,2,5,4,4,4.2877717,0.82387424,1.6603044,9.8046665,232.33914,0.0,-30.0,0.0,4.3239004e-07,4.3239004e-07,2.1191948e-08,2.5360293e-07,1,1.0460346,0.036506813,1138649.4,1492218.6,447626.62,596835.5,0.75,0.76305807
ref,474,2,5,5,4,4.2877717,0.82387424,1.6603044,10.450261,232.33914,0.0,-30.0,0.0,3.514006e-07,3.514006e-07,2.0999575e-08,2.2825611e-07,1,1.0530919,0.042103495,1138649.4,1492218.6,447626.62,596835.5,0.75,0.76305807
ref,475,2,5,6,4,4.2877717,0.82387424,1.6603044,11.221538,232.33914,0.0,-30.0,0.0,3.6661993e-07,3.6661993e-07,2.1133792e-08,2.2610834e-07,1,1.0626405,0.049675874,1138649.4,1492218.6,447626.62,596835.5,0.75,0.76305807
ref,476,2,5,7,4,4.2877717,0.82387424,1.6603044,12.34232,232.33914,0.0,-30.0,0.0,3.544358e-07,3.544358e-07,2.34598e-08,2.2473077e-07,1,1.07448,0.059064966,1138649.4,1492218.6,447626.62,596835.5,0.75,0.76305807
ref,477,2,6,1,4,4.2877717,0.82387424,1.9384179,8.09189,232.33914,0.0,-30.0,0.0,5.1510153e-07,5.1510153e-07,2.3121652e-08,3.0940777e-07,1,1.017912,0.014204819,1138649.4,1492218.6,447626.62,596835.5,0.75,0.76305807
ref,478,2,6,2,4,4.2877717,0.82387424,1.9384179,8.875121,232.33914,0.0,-30.0,0.0,7.121784e-07,7.121784e-07,2.7900207e-08,3.94283e-07,1,1.0223475,0.017722225,1138649.4,1492218.6,447626.62,596835.5,0.75,0.76305807
ref,479,2,6,3,4,4.2877717,0.82387424,1.9384179,9.509885,232.33914,0.0,-30.0,0.0,5.985242e-07,5.985242e-07,2.7240157e-08,3.4420162e-07,1,1.0271051,0.021495165,1138649.4,1492218.6,447626.62,596835.5,0.75,0.76305807
ref,480,2,6,4,4,4.2877717,0.82387424,1.9384179,10.116645,232.33914,0.0,-30.0,0.0,4.877003e-07,4.877003e-07,1.9891816e-08,2.7252378e-07,1,1.0315624,0.02502994,1138649.4,1492218.6,447626.62,596835.5,0.75,0.76305807
ref,481,2,6,5,4,4.2877717,0.82387424,1.9384179,10.762061,232.33914,0.0,-30.0,0.0,5.745937e-07,5.745937e-07,2.0120535e-08,3.2704574e-07,1,1.036364,0.028837705,1138649.4,1492218.6,447626.62,596835.5,0.75,0.76305807
ref,482,2,6,6,4,4.2877717,0.82387424,1.9384179,11.531534,232.33914,0.0,-30.0,0.0,4.3127662e-07,4.3127662e-07,2.5441183e-08,2.502763e-07,1,1.0424478,0.033662405,1138649.4,1492218.6,447626.62,596835.5,0.75,0.76305807
ref,483,2,6,7,4,4.2877717,0.82387424,1.9384179,12.646887,232.33914,0.0,-30.0,0.0,3.1938802e-07,3.1938802e-07,2.4190864e-08,1.9754631e-07,1,1.0496093,0.039341643,1138649.4,1492218.6,447626.62,596835.5,0.75,0.76305807
ref,484,2,7,1,4,4.2877717,0.82387424,2.3682826,8.5323105,232.33914,0.0,-30.0,0.0,6.720478e-07,6.720478e-07,2.6419086e-08,3.9078472e-07,1,1.0110229,0.0087415185,1138649.4,1492218.6,447626.62,596835.5,0.75,0.76305807
ref,485,2,7,2,4,4.2877717,0.82387424,2.3682826,9.3182745,232.33914,0.0,-30.0,0.0,9.972011e-07,9.972011e-07,2.351102e-08,5.199359e-07,1,1.0141926,0.011255113,1138649.4,1492218.6,447626.62,596835.5,0.75,0.76305807
ref,486,2,7,3,4,4.2877717,0.82387424,2.3682826,9.952883,232.33914,0.0,-30.0,0.0,1.0260875e-06,1.0260875e-06,2.9160779e-08,5.7235627e-07,1,1.0168546,0.013366277,1138649.4,1492218.6,447626.62,596835.5,0.75,0.76305807
ref,487,2,7,4,4,4.2877717,0.82387424,2.3682826,10.557669,232.33914,0.0,-30.0,0.0,7.949081e-07,7.949081e-07,1.9291784e-08,4.488234e-07,1,1.0192212,0.015242997,1138649.4,1492218.6,447626.62,596835.5,0.75,0.76305807
ref,488,2,7,5,4,4.2877717,0.82387424,2.3682826,11.199149,232.33914,0.0,-30.0,0.0,7.259619e-07,7.259619e-07,2.5183533e-08,3.8358317e-07,1,1.0222108,0.017613897,1138649.4,1492218.6,447626.62,596835.5,0.75,0.76305807
ref,489,2,7,6,4,4.2877717,0.82387424,2.3682826,11.961595,232.33914,0.0,-30.0,0.0,4.7184727e-07,4.7184727e-07,2.3634563e-08,2.794146e-07,1,1.0253326,0.020089455,1138649.4,1492218.6,447626.62,596835.5,0.75,0.76305807
ref,490,2,7,7,4,4.2877717,0.82387424,2.3682826,13.062611,232.33914,0.0,-30.0,0.0,4.3969547e-07,4.3969547e-07,2.1953996e-08,2.5851236e-07,1,1.0289292,0.022941714,1138649.4,1492218.6,447626.62,596835.5,0.75,0.76305807
ref,491,2,1,1,5,4.325093,1.2971356,0.82649165,6.7308545,232.33914,0.0,-30.0,0.0,3.5554496e-07,3.5554496e-07,2.9259192e-08,2.2400475e-07,1,1.1722333,0.13658625,1170555.2,1534031.6,455942.84,607923.75,0.75,0.76305807
ref,492,2,1,2,5,4.325093,1.2971356,0.82649165,7.47181,232.33914,0.0,-30.0,0.0,3.5725154e-07,3.5725154e-07,2.681051e-08,2.299394e-07,1,1.1932076,0.15321946,1170555.2,1534031.6,455942.84,607923.75,0.75,0.76305807
ref,493,2,1,3,5,4.325093,1.2971356,0.82649165,8.078644,232.33914,0.0,-30.0,0.0,4.3946778e-07,4.3946778e-07,2.5060949e-08,2.6968024e-07,1,1.2067828,0.16398501,1170555.2,1534031.6,455942.84,607923.75,0.75,0.76305807
ref,494,2,1,4,5,4.325093,1.2971356,0.82649165,8.663665,232.33914,0.0,-30.0,0.0,4.7714065e-07,4.7714065e-07,3.30069e-08,2.9976897e-07,1,1.2350751,0.18642163,1170555.2,1534031.6,455942.84,607923.75,0.75,0.76305807
ref,495,2,1,5,5,4.325093,1.2971356,0.82649165,9.290994,232.33914,0.0,-30.0,0.0,4.6209377e-07,4.6209377e-07,3.079747e-08,2.9335405e-07,1,1.2764529,0.21923542,1170555.2,1534031.6,455942.84,607923.75,0.75,0.76305807
ref,496,2,1,6,5,4.325093,1.2971356,0.82649165,10.04534,232.33914,0.0,-30.0,0.0,5.1172435e-07,5.1172435e-07,2.9434803e-08,3.340236e-07,1,1.3229767,0.2561302,1170555.2,1534031.6,455942.84,607923.75,0.75,0.76305807
ref,497,2,1,7,5,4.325093,1.2971356,0.82649165,11.1504755,232.33914,0.0,-30.0,0.0,4.7294424e-07,4.7294424e-07,3.005483e-08,2.9319173e-07,1,1.3861417,0.30622187,1170555.2,1534031.6,455942.84,607923.75,0.75,0.76305807
ref,498,2,2,1,5,4.325093,1.2971356,1.0485919,7.042159,232.33914,0.0,-30.0,0.0,3.9163473e-07,3.9163473e-07,2.5304216e-08,2.5664735e-07,1,1.0960457,0.076167114,1170555.2,1534031.6,455942.84,607923.75,0.75,0.76305807
ref,499,2,2,2,5,4.325093,1.2971356,1.0485919,7.797659,232.33914,0.0,-30.0,0.0,4.7071816e-07,4.7071816e-07,2.8393636e-08,2.8252083e-07,1,1.1070466,0.084891126,1170555.2,1534031.6,455942.84,607923.75,0.75,0.76305807
ref,500,2,2,3,5,4.325093,1.2971356,1.0485919,8.415051,232.33914,0.0,-30.0,0.0,5.018261e-07,5.018261e-07,2.6581683e-08,3.0694352e-07,1,1.1188797,0.09427519,1170555.2,1534031.6,455942.84,607923.75,0.75,0.76305807
ref,501,2,2,4,5,4.325093,1.2971356,1.0485919,9.009185,232.33914,0.0,-30.0,0.0,4.505397e-07,4.505397e-07,2.6906225e-08,2.9495504e-07,1,1.1411095,0.11190408,1170555.2,1534031.6,455942.84,607923.75,0.75,0.76305807
ref,502,2,2,5,5,4.325093,1.2971356,1.0485919,9.645206,232.33914,0.0,-30.0,0.0,4.7022922e-07,4.7022922e-07,2.495223e-08,2.8224616e-07,1,1.166716,0.13221079,1170555.2,1534031.6,455942.84,607923.75,0.75,0.76305807
ref,503,2,2,6,5,4.325093,1.2971356,1.0485919,10.408617,232.33914,0.0,-30.0,0.0,5.8262134e-07,5.8262134e-07,3.314538e-08,3.6415258e-07,1,1.1948692,0.15453713,1170555.2,1534031.6,455942.84,607923.75,0.75,0.76305807
ref,504,2,2,7,5,4.325093,1.2971356,1.0485919,11.524556,232.33914,0.0,-30.0,0.0,4.7000034e-07,4.7000034e-07,2.8414409e-08,3.0094606e-07,1,1.2376772,0.18848519,1170555.2,1534031.6,455942.84,607923.75,0.75,0.76305807
ref,505,2,3,1,5,4.325093,1.2971356,1.2427105,7.2934513,232.33914,0.0,-30.0,0.0,5.509175e-07,5.509175e-07,2.405619e-08,3.3393977e-07,1,1.0620477,0.049205676,1170555.2,1534031.6,455942.84,607923.75,0.75,0.76305807
ref,506,2,3,2,5,4.325093,1.2971356,1.2427105,8.058513,232.33914,0.0,-30.0,0.0,4.9164714e-07,4.9164714e-07,2.4107102e-08,3.015676e-07,1,1.0686395,0.05443323,1170555.2,1534031.6,455942.84,607923.75,0.75,0.76305807
ref,507,2,3,3,5,4.325093,1.2971356,1.2427105,8.682527,232.33914,0.0,-30.0,0.0,5.028963e-07,5.028963e-07,3.1871394e-08,3.202253e-07,1,1.0800894,0.06351332,1170555.2,1534031.6,455942.84,607923.75,0.75,0.76305807
ref,508,2,3,4,5,4.325093,1.2971356,1.2427105,9.28213,232.33914,0.0,-30.0,0.0,5.983389e-07,5.983389e-07,3.2080948e-08,3.8048444e-07,1,1.0959834,0.076117724,1170555.2,1534031.6,455942.84,607923.75,0.75,0.76305807
ref,509,2,3,5,5,4.325093,1.2971356,1.2427105,9.923076,232.33914,0.0,-30.0,0.0,4.849494e-07,4.849494e-07,2.9181434e-08,3.043462e-07,1,1.1129369,0.08956231,1170555.2,1534031.6,455942.84,607923.75,0.75,0.76305807
ref,510,2,3,6,5,4.325093,1.2971356,1.2427105,10.69124,232.33914,0.0,-30.0,0.0,5.5578033e-07,5.5578033e-07,2.56166e-08,3.3185788e-07,1,1.1321483,0.10479753,1170555.2,1534031.6,455942.84,607923.75,0.75,0.76305807
ref,511,2,3,7,5,4.325093,1.2971356,1.2427105,11.811968,232.33914,0.0,-30.0,0.0,4.8154186e-07,4.8154186e-07,3.017208e-08,2.9273363e-07,1,1.1611298,0.12778075,1170555.2,1534031.6,455942.84,607923.75,0.75,0.76305807
ref,512,2,4,1,5,4.325093,1.2971356,1.4394752,7.533223,232.33914,0.0,-30.0,0.0,5.7334523e-07,5.7334523e-07,2.7664571e-08,3.4922573e-07,1,1.042129,0.033409636,1170555.2,1534031.6,455942.84,607923.75,0.75,0.76305807
ref,513,2,4,2,5,4.325093,1.2971356,1.4394752,8.305609,232.33914,0.0,-30.0,0.0,6.290097e-07,6.290097e-07,2.593131e-08,3.9360881e-07,1,1.0474305,0.037613787,1170555.2,1534031.6,455942.84,607923.75,0.75,0.76305807
ref,514,2,4,3,5,4.325093,1.2971356,1.4394752,8.934455,232.33914,0.0,-30.0,0.0,6.1594716e-07,6.1594716e-07,2.3226214e-08,3.6906528e-07,1,1.057194,0.04535657,1170555.2,1534031.6,455942.84,607923.75,0.75,0.76305807
ref,515,2,4,4,5,4.325093,1.2971356,1.4394752,9.537786,232.33914,0.0,-30.0,0.0,6.0312476e-07,6.0312476e-07,3.113288e-08,3.695941e-07,1,1.0681642,0.054056283,1170555.2,1534031.6,455942.84,607923.75,0.75,0.76305807
ref,516,2,4,5,5,4.325093,1.2971356,1.4394752,10.181785,232.33914,0.0,-30.0,0.0,7.2333455e-07,7.2333455e-07,2.8507888e-08,4.372861e-07,1,1.0794251,0.062986486,1170555.2,1534031.6,455942.84,607923.75,0.75,0.76305807
ref,517,2,4,6,5,4.325093,1.2971356,1.4394752,10.952437,232.33914,0.0,-30.0,0.0,6.2627396e-07,6.2627396e-07,3.0629838e-08,3.71641e-07,1,1.0934817,0.07413378,1170555.2,1534031.6,455942.84,607923.75,0.75,0.76305807
ref,518,2,4,7,5,4.325093,1.2971356,1.4394752,12.074673,232.33914,0.0,-30.0,0.0,4.4118093e-07,4.4118093e-07,2.6927063e-08,2.7104824e-07,1,1.1126635,0.08934556,1170555.2,1534031.6,455942.84,607923.75,0.75,0.76305807
ref,519,2,5,1,5,4.325093,1.2971356,1.6603044,7.7880535,232.33914,0.0,-30.0,0.0,8.18162e-07,8.18162e-07,3.4628645e-08,4.864843e-07,1,1.02876,0.022807486,1170555.2,1534031.6,455942.84,607923.75,0.75,0.76305807
ref,520,2,5,2,5,4.325093,1.2971356,1.6603044,8.566452,232.33914,0.0,-30.0,0.0,6.5585243e-07,6.5585243e-07,2.5775307e-08,3.880051e-07,1,1.0335877,0.026636055,1170555.2,1534031.6,455942.84,607923.75,0.75,0.76305807
ref,521,2,5,3,5,4.325093,1.2971356,1.6603044,9.1988945,232.33914,0.0,-30.0,0.0,7.20143e-07,7.20143e-07,2.5951573e-08,4.0665302e-07,1,1.0411098,0.03260134,1170555.2,1534031.6,455942.84,607923.75,0.75,0.76305807
ref,522,2,5,4,5,4.325093,1.2971356,1.6603044,9.8046665,232.33914,0.0,-30.0,0.0,7.6652896e-07,7.6652896e-07,3.2907053e-08,4.6276867e-07,1,1.0485476,0.038499765,1170555.2,1534031.6,455942.84,607923.75,0.75,0.76305807
ref,523,2,5,5,5,4.325093,1.2971356,1.6603044,10.450261,232.33914,0.0,-30.0,0.0,5.4854604e-07,5.4854604e-07,2.8532197e-08,3.2493287e-07,1,1.0559726,0.044387903,1170555.2,1534031.6,455942.84,607923.75,0.75,0.76305807
ref,524,2,5,6,5,4.325093,1.2971356,1.6603044,11.221538,232.33914,0.0,-30.0,0.0,7.3589104e-07,7.3589104e-07,2.0292783e-08,4.2055527e-07,1,1.066011,0.05234868,1170555.2,1534031.6,455942.84,607923.75,0.75,0.76305807
ref,525,2,5,7,5,4.325093,1.2971356,1.6603044,12.34232,232.33914,0.0,-30.0,0.0,5.7804607e-07,5.7804607e-07,2.298623e-08,3.4302084e-07,1,1.0784458,0.06220988,1170555.2,1534031.6,455942.84,607923.75,0.75,0.76305807
ref,526,2,6,1,5,4.325093,1.2971356,1.9384179,8.09189,232.33914,0.0,-30.0,0.0,8.4283477e-07,8.4283477e-07,2.4867028e-08,4.5511237e-07,1,1.0189139,0.01499923,1170555.2,1534031.6,455942.84,607923.75,0.75,0.76305807
ref,527,2,6,2,5,4.325093,1.2971356,1.9384179,8.875121,232.33914,0.0,-30.0,0.0,9.1773063e-07,9.1773063e-07,2.6423688e-08,5.083919e-07,1,1.0235926,0.018709615,1170555.2,1534031.6,455942.84,607923.75,0.75,0.76305807
ref,528,2,6,3,5,4.325093,1.2971356,1.9384179,9.509885,232.33914,0.0,-30.0,0.0,7.8139766e-07,7.8139766e-07,2.7972842e-08,4.5955665e-07,1,1.0286092,0.02268791,1170555.2,1534031.6,455942.84,607923.75,0.75,0.76305807
ref,529,2,6,4,5,4.325093,1.2971356,1.9384179,10.116645,232.33914,0.0,-30.0,0.0,9.208996e-07,9.208996e-07,3.051535e-08,5.103836e-07,1,1.0333071,0.026413532,1170555.2,1534031.6,455942.84,607923.75,0.75,0.76305807
ref,530,2,6,5,5,4.325093,1.2971356,1.9384179,10.762061,232.33914,0.0,-30.0,0.0,9.4685896e-07,9.4685896e-07,2.8488461e-08,5.2323594e-07,1,1.0383657,0.030425211,1170555.2,1534031.6,455942.84,607923.75,0.75,0.76305807
ref,531,2,6,6,5,4.325093,1.2971356,1.9384179,11.531534,232.33914,0.0,-30.0,0.0,6.046745e-07,6.046745e-07,2.4935408e-08,3.7312384e-07,1,1.0447724,0.035505798,1170555.2,1534031.6,455942.84,607923.75,0.75,0.76305807
ref,532,2,6,7,5,4.325093,1.2971356,1.9384179,12.646887,232.33914,0.0,-30.0,0.0,6.480042e-07,6.480042e-07,2.9906733e-08,3.9663522e-07,1,1.0523092,0.04148269,1170555.2,1534031.6,455942.84,607923.75,0.75,0.76305807
ref,533,2,7,1,5,4.325093,1.2971356,2.3682826,8.5323105,232.33914,0.0,-30.0,0.0,2.004311e-06,2.004311e-06,4.475257e-08,1.0442697e-06,1,1.011643,0.009233254,1170555.2,1534031.6,455942.84,607923.75,0.75,0.76305807
ref,534,2,7,2,5,4.325093,1.2971356,2.3682826,9.3182745,232.33914,0.0,-30.0,0.0,1.492187e-06,1.492187e-06,2.6514398e-08,7.9786986e-07,1,1.0149888,0.01188655,1170555.2,1534031.6,455942.84,607923.75,0.75,0.76305807
ref,535,2,7,3,5,4.325093,1.2971356,2.3682826,9.952883,232.33914,0.0,-30.0,0.0,1.1798908e-06,1.1798908e-06,3.5132867e-08,6.569671e-07,1,1.0177982,0.014114464,1170555.2,1534031.6,455942.84,607923.75,0.75,0.76305807
ref,536,2,7,4,5,4.325093,1.2971356,2.3682826,10.557669,232.33914,0.0,-30.0,0.0,1.1509691e-06,1.1509691e-06,3.3324543e-08,6.4648924e-07,1,1.020295,0.01609452,1170555.2,1534031.6,455942.84,607923.75,0.75,0.76305807
ref,537,2,7,5,5,4.325093,1.2971356,2.3682826,11.199149,232.33914,0.0,-30.0,0.0,9.1535054e-07,9.1535054e-07,2.8335844e-08,5.232182e-07,1,1.0234485,0.018595366,1170555.2,1534031.6,455942.84,607923.75,0.75,0.76305807
ref,538,2,7,6,5,4.325093,1.2971356,2.3682826,11.961595,232.33914,0.0,-30.0,0.0,9.349897e-07,9.349897e-07,2.8463608e-08,5.3974e-07,1,1.0267403,0.021205889,1170555.2,1534031.6,455942.84,607923.75,0.75,0.76305807
ref,539,2,7,7,5,4.325093,1.2971356,2.3682826,13.062611,232.33914,0.0,-30.0,0.0,8.9554914e-07,8.9554914e-07,3.3744044e-08,4.781207e-07,1,1.0305319,0.02421274,1170555.2,1534031.6,455942.84,607923.75,0.75,0.76305807
ref,540,2,1,1,6,4.6571035,0.92222315,0.82649165,6.7308545,232.33914,0.0,-30.0,0.0,1.8194356e-07,1.8194356e-07,2.8307255e-08,1.18707085e-07,1,1.2508802,0.1989556,1454393.2,1906006.0,529924.8,706566.4,0.75,0.76305807
ref,541,2,1,2,6,4.6571035,0.92222315,0.82649165,7.47181,232.33914,0.0,-30.0,0.0,1.6913475e-07,1.6913475e-07,2.524981e-08,1.1272928e-07,1,1.2789779,0.22123785,1454393.2,1906006.0,529924.8,706566.4,0.75,0.76305807
ref,542,2,1,3,6,4.6571035,0.92222315,0.82649165,8.078644,232.33914,0.0,-30.0,0.0,2.1834784e-07,2.1834784e-07,2.801295e-08,1.3700046e-07,1,1.2969038,0.23545367,1454393.2,1906006.0,529924.8,706566.4,0.75,0.76305807
ref,543,2,1,4,6,4.6571035,0.92222315,0.82649165,8.663665,232.33914,0.0,-30.0,0.0,2.4627417e-07,2.4627417e-07,2.9793284e-08,1.5938852e-07,1,1.3336244,0.2645741,1454393.2,1906006.0,529924.8,706566.4,0.75,0.76305807
ref,544,2,1,5,6,4.6571035,0.92222315,0.82649165,9.290994,232.33914,0.0,-30.0,0.0,2.5247965e-07,2.5247965e-07,2.9817205e-08,1.5879102e-07,1,1.3858249,0.30597076,1454393.2,1906006.0,529924.8,706566.4,0.75,0.76305807
ref,545,2,1,6,6,4.6571035,0.92222315,0.82649165,10.04534,232.33914,0.0,-30.0,0.0,2.1807489e-07,2.1807489e-07,2.8158533e-08,1.4001411e-07,1,1.4424825,0.35090187,1454393.2,1906006.0,529924.8,706566.4,0.75,0.76305807
ref,546,2,1,7,6,4.6571035,0.92222315,0.82649165,11.1504755,232.33914,0.0,-30.0,0.0,2.4747334e-07,2.4747334e-07,2.8122095e-08,1.7131633e-07,1,1.5161585,0.40932915,1454393.2,1906006.0,529924.8,706566.4,0.75,0.76305807
ref,547,2,2,1,6,4.6571035,0.92222315,1.0485919,7.042159,232.33914,0.0,-30.0,0.0,2.0646543e-07,2.0646543e-07,2.5484416e-08,1.2597583e-07,1,1.144521,0.11460947,1454393.2,1906006.0,529924.8,706566.4,0.75,0.76305807
ref,548,2,2,2,6,4.6571035,0.92222315,1.0485919,7.797659,232.33914,0.0,-30.0,0.0,2.5770447e-07,2.5770447e-07,2.3783619e-08,1.6055729e-07,1,1.16031,0.12713066,1454393.2,1906006.0,529924.8,706566.4,0.75,0.76305807
ref,549,2,2,3,6,4.6571035,0.92222315,1.0485919,8.415051,232.33914,0.0,-30.0,0.0,2.5924362e-07,2.5924362e-07,2.628947e-08,1.544541e-07,1,1.1771272,0.14046726,1454393.2,1906006.0,529924.8,706566.4,0.75,0.76305807
ref,550,2,2,4,6,4.6571035,0.92222315,1.0485919,9.009185,232.33914,0.0,-30.0,0.0,2.0637295e-07,2.0637295e-07,2.2887138e-08,1.2672193e-07,1,1.2082629,0.16515872,1454393.2,1906006.0,529924.8,706566.4,0.75,0.76305807
ref,551,2,2,5,6,4.6571035,0.92222315,1.0485919,9.645206,232.33914,0.0,-30.0,0.0,2.8086205e-07,2.8086205e-07,2.5486496e-08,1.7879945e-07,1,1.2434068,0.19302885,1454393.2,1906006.0,529924.8,706566.4,0.75,0.76305807
ref,552,2,2,6,6,4.6571035,0.92222315,1.0485919,10.408617,232.33914,0.0,-30.0,0.0,2.5463362e-07,2.5463362e-07,2.586097e-08,1.5631589e-07,1,1.2811829,0.22298642,1454393.2,1906006.0,529924.8,706566.4,0.75,0.76305807
ref,553,2,2,7,6,4.6571035,0.92222315,1.0485919,11.524556,232.33914,0.0,-30.0,0.0,2.0562915e-07,2.0562915e-07,2.5973048e-08,1.3557069e-07,1,1.336959,0.26721865,1454393.2,1906006.0,529924.8,706566.4,0.75,0.76305807
ref,554,2,3,1,6,4.6571035,0.92222315,1.2427105,7.2934513,232.33914,0.0,-30.0,0.0,2.8370613e-07,2.8370613e-07,2.7025402e-08,1.820292e-07,1,1.0947596,0.0751472,1454393.2,1906006.0,529924.8,706566.4,0.75,0.76305807
ref,555,2,3,2,6,4.6571035,0.92222315,1.2427105,8.058513,232.33914,0.0,-30.0,0.0,2.7385983e-07,2.7385983e-07,2.3576396e-08,1.5914176e-07,1,1.1045238,0.08289047,1454393.2,1906006.0,529924.8,706566.4,0.75,0.76305807
ref,556,2,3,3,6,4.6571035,0.92222315,1.2427105,8.682527,232.33914,0.0,-30.0,0.0,2.9026216e-07,2.9026216e-07,2.3409893e-08,1.7423552e-07,1,1.1213503,0.09623444,1454393.2,1906006.0,529924.8,706566.4,0.75,0.76305807
ref,557,2,3,4,6,4.6571035,0.92222315,1.2427105,9.28213,232.33914,0.0,-30.0,0.0,2.659604e-07,2.659604e-07,2.4234803e-08,1.5924685e-07,1,1.1444311,0.114538245,1454393.2,1906006.0,529924.8,706566.4,0.75,0.76305807
ref,558,2,3,5,6,4.6571035,0.92222315,1.2427105,9.923076,232.33914,0.0,-30.0,0.0,3.6551634e-07,3.6551634e-07,2.2305182e-08,2.0670092e-07,1,1.1687027,0.1337863,1454393.2,1906006.0,529924.8,706566.4,0.75,0.76305807
ref,559,2,3,6,6,4.6571035,0.92222315,1.2427105,10.69124,232.33914,0.0,-30.0,0.0,3.302249e-07,3.302249e-07,2.8291186e-08,2.0815204e-07,1,1.1957825,0.15526144,1454393.2,1906006.0,529924.8,706566.4,0.75,0.76305807
ref,560,2,3,7,6,4.6571035,0.92222315,1.2427105,11.811968,232.33914,0.0,-30.0,0.0,2.3110832e-07,2.3110832e-07,2.289184e-08,1.381289e-07,1,1.2358046,0.18700008,1454393.2,1906006.0,529924.8,706566.4,0.75,0.76305807
ref,561,2,4,1,6,4.6571035,0.92222315,1.4394752,7.533223,232.33914,0.0,-30.0,0.0,3.774698e-07,3.774698e-07,2.6234215e-08,2.3019676e-07,1,1.0649083,0.051474236,1454393.2,1906006.0,529924.8,706566.4,0.75,0.76305807
ref,562,2,4,2,6,4.6571035,0.92222315,1.4394752,8.305609,232.33914,0.0,-30.0,0.0,3.755356e-07,3.755356e-07,2.2509898e-08,2.2084538e-07,1,1.0729047,0.057815608,1454393.2,1906006.0,529924.8,706566.4,0.75,0.76305807
ref,563,2,4,3,6,4.6571035,0.92222315,1.4394752,8.934455,232.33914,0.0,-30.0,0.0,4.612388e-07,4.612388e-07,2.4204539e-08,2.4332695e-07,1,1.0875338,0.06941698,1454393.2,1906006.0,529924.8,706566.4,0.75,0.76305807
ref,564,2,4,4,6,4.6571035,0.92222315,1.4394752,9.537786,232.33914,0.0,-30.0,0.0,3.3475396e-07,3.3475396e-07,2.7795169e-08,2.0782007e-07,1,1.1038216,0.082333624,1454393.2,1906006.0,529924.8,706566.4,0.75,0.76305807
ref,565,2,4,5,6,4.6571035,0.92222315,1.4394752,10.181785,232.33914,0.0,-30.0,0.0,3.8741035e-07,3.8741035e-07,2.3323878e-08,2.2430774e-07,1,1.1203786,0.09546385,1454393.2,1906006.0,529924.8,706566.4,0.75,0.76305807
ref,566,2,4,6,6,4.6571035,0.92222315,1.4394752,10.952437,232.33914,0.0,-30.0,0.0,2.854093e-07,2.854093e-07,2.144055e-08,1.6749047e-07,1,1.1408193,0.11167394,1454393.2,1906006.0,529924.8,706566.4,0.75,0.76305807
ref,567,2,4,7,6,4.6571035,0.92222315,1.4394752,12.074673,232.33914,0.0,-30.0,0.0,2.97963e-07,2.97963e-07,2.294231e-08,1.6909357e-07,1,1.1683142,0.13347821,1454393.2,1906006.0,529924.8,706566.4,0.75,0.76305807
ref,568,2,5,1,6,4.6571035,0.92222315,1.6603044,7.7880535,232.33914,0.0,-30.0,0.0,4.7147327e-07,4.7147327e-07,2.4730905e-08,2.7630452e-07,1,1.0445747,0.03534915,1454393.2,1906006.0,529924.8,706566.4,0.75,0.76305807
ref,569,2,5,2,6,4.6571035,0.92222315,1.6603044,8.566452,232.33914,0.0,-30.0,0.0,5.054943e-07,5.054943e-07,2.6274755e-08,2.7687938e-07,1,1.0519454,0.04119427,1454393.2,1906006.0,529924.8,706566.4,0.75,0.76305807
ref,570,2,5,3,6,4.6571035,0.92222315,1.6603044,9.1988945,232.33914,0.0,-30.0,0.0,5.131868e-07,5.131868e-07,2.6474309e-08,2.9941424e-07,1,1.0633667,0.050251625,1454393.2,1906006.0,529924.8,706566.4,0.75,0.76305807
ref,571,2,5,4,6,4.6571035,0.92222315,1.6603044,9.8046665,232.33914,0.0,-30.0,0.0,4.0922762e-07,4.0922762e-07,2.577627e-08,2.4045167e-07,1,1.0745851,0.05914819,1454393.2,1906006.0,529924.8,706566.4,0.75,0.76305807
ref,572,2,5,5,6,4.6571035,0.92222315,1.6603044,10.450261,232.33914,0.0,-30.0,0.0,3.7610502e-07,3.7610502e-07,2.1644222e-08,2.0841031e-07,1,1.0857105,0.067971036,1454393.2,1906006.0,529924.8,706566.4,0.75,0.76305807
ref,573,2,5,6,6,4.6571035,0.92222315,1.6603044,11.221538,232.33914,0.0,-30.0,0.0,3.633022e-07,3.633022e-07,2.5142702e-08,2.0870053e-07,1,1.100637,0.07980812,1454393.2,1906006.0,529924.8,706566.4,0.75,0.76305807
ref,574,2,5,7,6,4.6571035,0.92222315,1.6603044,12.34232,232.33914,0.0,-30.0,0.0,3.3749566e-07,3.3749566e-07,2.3523679e-08,1.9706805e-07,1,1.1189452,0.09432713,1454393.2,1906006.0,529924.8,706566.4,0.75,0.76305807
ref,575,2,6,1,6,4.6571035,0.92222315,1.9384179,8.09189,232.33914,0.0,-30.0,0.0,5.812702e-07,5.812702e-07,2.8228316e-08,3.2128906e-07,1,1.0294437,0.02334979,1454393.2,1906006.0,529924.8,706566.4,0.75,0.76305807
ref,576,2,6,2,6,4.6571035,0.92222315,1.9384179,8.875121,232.33914,0.0,-30.0,0.0,5.6504814e-07,5.6504814e-07,2.6358338e-08,3.2002424e-07,1,1.0366504,0.029064912,1454393.2,1906006.0,529924.8,706566.4,0.75,0.76305807
ref,577,2,6,3,6,4.6571035,0.92222315,1.9384179,9.509885,232.33914,0.0,-30.0,0.0,7.9404145e-07,7.9404145e-07,2.4820064e-08,4.2470785e-07,1,1.0443441,0.035166185,1454393.2,1906006.0,529924.8,706566.4,0.75,0.76305807
ref,578,2,6,4,6,4.6571035,0.92222315,1.9384179,10.116645,232.33914,0.0,-30.0,0.0,5.0617103e-07,5.0617103e-07,2.429175e-08,2.7691098e-07,1,1.0515178,0.04085523,1454393.2,1906006.0,529924.8,706566.4,0.75,0.76305807
ref,579,2,6,5,6,4.6571035,0.92222315,1.9384179,10.762061,232.33914,0.0,-30.0,0.0,5.3582676e-07,5.3582676e-07,2.7807044e-08,3.1633172e-07,1,1.059209,0.046954524,1454393.2,1906006.0,529924.8,706566.4,0.75,0.76305807
ref,580,2,6,6,6,4.6571035,0.92222315,1.9384179,11.531534,232.33914,0.0,-30.0,0.0,4.247982e-07,4.247982e-07,3.1778484e-08,2.4665985e-07,1,1.0689,0.05463973,1454393.2,1906006.0,529924.8,706566.4,0.75,0.76305807
ref,581,2,6,7,6,4.6571035,0.92222315,1.9384179,12.646887,232.33914,0.0,-30.0,0.0,2.9469766e-07,2.9469766e-07,2.5481137e-08,1.6938453e-07,1,1.0802304,0.06362507,1454393.2,1906006.0,529924.8,706566.4,0.75,0.76305807
ref,582,2,7,1,6,4.6571035,0.92222315,2.3682826,8.5323105,232.33914,0.0,-30.0,0.0,1.4118622e-06,1.4118622e-06,2.689669e-08,6.8258424e-07,1,1.0181843,0.014420704,1454393.2,1906006.0,529924.8,706566.4,0.75,0.76305807
ref,583,2,7,2,6,4.6571035,0.92222315,2.3682826,9.3182745,232.33914,0.0,-30.0,0.0,1.6265025e-06,1.6265025e-06,4.1272322e-08,8.4501374e-07,1,1.0233747,0.018536791,1454393.2,1906006.0,529924.8,706566.4,0.75,0.76305807
ref,584,2,7,3,6,4.6571035,0.92222315,2.3682826,9.952883,232.33914,0.0,-30.0,0.0,7.4971297e-07,7.4971297e-07,2.4836567e-08,4.0894486e-07,1,1.0277208,0.02198344,1454393.2,1906006.0,529924.8,706566.4,0.75,0.76305807
ref,585,2,7,4,6,4.6571035,0.92222315,2.3682826,10.557669,232.33914,0.0,-30.0,0.0,6.765663e-07,6.765663e-07,2.7292351e-08,3.69993e-07,1,1.0315742,0.025039364,1454393.2,1906006.0,529924.8,706566.4,0.75,0.76305807
ref,586,2,7,5,6,4.6571035,0.92222315,2.3682826,11.199149,232.33914,0.0,-30.0,0.0,5.1905397e-07,5.1905397e-07,2.8621674e-08,2.8235505e-07,1,1.036429,0.028889293,1454393.2,1906006.0,529924.8,706566.4,0.75,0.76305807
ref,587,2,7,6,6,4.6571035,0.92222315,2.3682826,11.961595,232.33914,0.0,-30.0,0.0,6.955156e-07,6.955156e-07,2.7862418e-08,4.063431e-07,1,1.041482,0.032896493,1454393.2,1906006.0,529924.8,706566.4,0.75,0.76305807
ref,588,2,7,7,6,4.6571035,0.92222315,2.3682826,13.062611,232.33914,0.0,-30.0,0.0,5.483961e-07,5.483961e-07,3.4538957e-08,3.190457e-07,1,1.0472838,0.03749749,1454393.2,1906006.0,529924.8,706566.4,0.75,0.76305807
ref,589,3,1,1,1,5.434057,1.3696417,0.8891675,6.8217683,273.8455,0.0,-30.0,0.0,1.8256103e-06,1.8256103e-06,7.250167e-08,1.1257555e-06,1,1.4318572,0.34247577,2301307.8,3015901.0,725070.44,966760.56,0.75,0.76305807
ref,590,3,1,2,1,5.434057,1.3696417,0.8891675,7.5672855,273.8455,0.0,-30.0,0.0,2.0613438e-06,2.0613438e-06,7.9326824e-08,1.2498534e-06,1,1.4692767,0.37215045,2301307.8,3015901.0,725070.44,966760.56,0.75,0.76305807
ref,591,3,1,3,1,5.434057,1.3696417,0.8891675,8.177478,273.8455,0.0,-30.0,0.0,2.2693018e-06,2.2693018e-06,8.2669786e-08,1.379363e-06,1,1.4936618,0.39148858,2301307.8,3015901.0,725070.44,966760.56,0.75,0.76305807
ref,592,3,1,4,1,5.434057,1.3696417,0.8891675,8.765438,273.8455,0.0,-30.0,0.0,2.3139123e-06,2.3139123e-06,7.7925414e-08,1.407849e-06,1,1.5463446,0.4332677,2301307.8,3015901.0,725070.44,966760.56,0.75,0.76305807
ref,593,3,1,5,1,5.434057,1.3696417,0.8891675,9.395609,273.8455,0.0,-30.0,0.0,2.4391095e-06,2.4391095e-06,8.0758106e-08,1.4340848e-06,1,1.6093459,0.4832296,2301307.8,3015901.0,725070.44,966760.56,0.75,0.76305807
ref,594,3,1,6,1,5.434057,1.3696417,0.8891675,10.152984,273.8455,0.0,-30.0,0.0,2.7909468e-06,2.7909468e-06,9.174385e-08,1.7058226e-06,1,1.6716641,0.5326498,2301307.8,3015901.0,725070.44,966760.56,0.75,0.76305807
ref,595,3,1,7,1,5.434057,1.3696417,0.8891675,11.26187,273.8455,0.0,-30.0,0.0,2.902004e-06,2.902004e-06,8.7726754e-08,1.7644201e-06,1,1.7479844,0.59317404,2301307.8,3015901.0,725070.44,966760.56,0.75,0.76305807
ref,596,3,2,1,1,5.434057,1.3696417,1.1239094,7.1416383,273.8455,0.0,-30.0,0.0,1.9019901e-06,1.9019901e-06,7.3301294e-08,1.2006345e-06,1,1.2713346,0.21517648,2301307.8,3015901.0,725070.44,966760.56,0.75,0.76305807
ref,597,3,2,2,1,5.434057,1.3696417,1.1239094,7.9011517,273.8455,0.0,-30.0,0.0,2.062688e-06,2.062688e-06,6.9674144e-08,1.2440995e-06,1,1.2962205,0.23491174,2301307.8,3015901.0,725070.44,966760.56,0.75,0.76305807
ref,598,3,2,3,1,5.434057,1.3696417,1.1239094,8.521367,273.8455,0.0,-30.0,0.0,2.3880038e-06,2.3880038e-06,6.810862e-08,1.4286284e-06,1,1.3264707,0.25890106,2301307.8,3015901.0,725070.44,966760.56,0.75,0.76305807
ref,599,3,2,4,1,5.434057,1.3696417,1.1239094,9.117864,273.8455,0.0,-30.0,0.0,2.2474933e-06,2.2474933e-06,7.2526866e-08,1.3271742e-06,1,1.3767908,0.29880637,2301307.8,3015901.0,725070.44,966760.56,0.75,0.76305807
ref,600,3,2,5,1,5.434057,1.3696417,1.1239094,9.756045,273.8455,0.0,-30.0,0.0,2.4694498e-06,2.4694498e-06,7.81585e-08,1.4688947e-06,1,1.427347,0.338899,2301307.8,3015901.0,725070.44,966760.56,0.75,0.76305807
ref,601,3,2,6,1,5.434057,1.3696417,1.1239094,10.521618,273.8455,0.0,-30.0,0.0,2.4402098e-06,2.4402098e-06,7.083062e-08,1.4534002e-06,1,1.4782952,0.3793024,2301307.8,3015901.0,725070.44,966760.56,0.75,0.76305807
ref,602,3,2,7,1,5.434057,1.3696417,1.1239094,11.639872,273.8455,0.0,-30.0,0.0,2.4370518e-06,2.4370518e-06,6.875546e-08,1.4649426e-06,1,1.5502017,0.4363264,2301307.8,3015901.0,725070.44,966760.56,0.75,0.76305807
ref,603,3,3,1,1,5.434057,1.3696417,1.3284773,7.3996058,273.8455,0.0,-30.0,0.0,1.9274798e-06,1.9274798e-06,6.505397e-08,1.1880962e-06,1,1.1862442,0.14769726,2301307.8,3015901.0,725070.44,966760.56,0.75,0.76305807
ref,604,3,3,2,1,5.434057,1.3696417,1.3284773,8.16812,273.8455,0.0,-30.0,0.0,2.0506545e-06,2.0506545e-06,6.5312165e-08,1.2317884e-06,1,1.2034492,0.16134135,2301307.8,3015901.0,725070.44,966760.56,0.75,0.76305807
ref,605,3,3,3,1,5.434057,1.3696417,1.3284773,8.794457,273.8455,0.0,-30.0,0.0,2.0749198e-06,2.0749198e-06,5.973481e-08,1.2349407e-06,1,1.2370883,0.18801813,2301307.8,3015901.0,725070.44,966760.56,0.75,0.76305807
ref,606,3,3,4,1,5.434057,1.3696417,1.3284773,9.395885,273.8455,0.0,-30.0,0.0,2.3048701e-06,2.3048701e-06,7.414022e-08,1.3944621e-06,1,1.2761497,0.21899505,2301307.8,3015901.0,725070.44,966760.56,0.75,0.76305807
ref,607,3,3,5,1,5.434057,1.3696417,1.3284773,10.03838,273.8455,0.0,-30.0,0.0,2.7333488e-06,2.7333488e-06,6.963382e-08,1.6108991e-06,1,1.3149427,0.24975908,2301307.8,3015901.0,725070.44,966760.56,0.75,0.76305807
ref,608,3,3,6,1,5.434057,1.3696417,1.3284773,10.807868,273.8455,0.0,-30.0,0.0,2.359377e-06,2.359377e-06,7.137775e-08,1.4144989e-06,1,1.3579158,0.28383797,2301307.8,3015901.0,725070.44,966760.56,0.75,0.76305807
ref,609,3,3,7,1,5.434057,1.3696417,1.3284773,11.929632,273.8455,0.0,-30.0,0.0,2.3067114e-06,2.3067114e-06,6.614834e-08,1.3888098e-06,1,1.4153949,0.3294206,2301307.8,3015901.0,725070.44,966760.56,0.75,0.76305807
ref,610,3,4,1,1,5.434057,1.3696417,1.5353351,7.645489,273.8455,0.0,-30.0,0.0,2.321429e-06,2.321429e-06,7.302788e-08,1.3700103e-06,1,1.1315006,0.10428395,2301307.8,3015901.0,725070.44,966760.56,0.75,0.76305807
ref,611,3,4,2,1,5.434057,1.3696417,1.5353351,8.420766,273.8455,0.0,-30.0,0.0,2.2221006e-06,2.2221006e-06,6.8713625e-08,1.3234592e-06,1,1.1485692,0.117819846,2301307.8,3015901.0,725070.44,966760.56,0.75,0.76305807
ref,612,3,4,3,1,5.434057,1.3696417,1.5353351,9.051391,273.8455,0.0,-30.0,0.0,2.272506e-06,2.272506e-06,7.524918e-08,1.3849443e-06,1,1.1773545,0.14064738,2301307.8,3015901.0,725070.44,966760.56,0.75,0.76305807
ref,613,3,4,4,1,5.434057,1.3696417,1.5353351,9.655982,273.8455,0.0,-30.0,0.0,2.192632e-06,2.192632e-06,6.5146054e-08,1.3024528e-06,1,1.2064499,0.16372094,2301307.8,3015901.0,725070.44,966760.56,0.75,0.76305807
ref,614,3,4,5,1,5.434057,1.3696417,1.5353351,10.300895,273.8455,0.0,-30.0,0.0,2.3289938e-06,2.3289938e-06,7.01336e-08,1.3810527e-06,1,1.2347921,0.18619716,2301307.8,3015901.0,725070.44,966760.56,0.75,0.76305807
ref,615,3,4,6,1,5.434057,1.3696417,1.5353351,11.072073,273.8455,0.0,-30.0,0.0,2.2582137e-06,2.2582137e-06,6.261504e-08,1.3246348e-06,1,1.269949,0.21407767,2301307.8,3015901.0,725070.44,966760.56,0.75,0.76305807
ref,616,3,4,7,1,5.434057,1.3696417,1.5353351,12.194033,273.8455,0.0,-30.0,0.0,2.1811552e-06,2.1811552e-06,6.648148e-08,1.3423172e-06,1,1.3133917,0.24852903,2301307.8,3015901.0,725070.44,966760.56,0.75,0.76305807
ref,617,3,5,1,1,5.434057,1.3696417,1.7669977,7.906661,273.8455,0.0,-30.0,0.0,2.4079127e-06,2.4079127e-06,7.4666595e-08,1.4439265e-06,1,1.0923936,0.07327096,2301307.8,3015901.0,725070.44,966760.56,0.75,0.76305807
ref,618,3,5,2,1,5.434057,1.3696417,1.7669977,8.687243,273.8455,0.0,-30.0,0.0,2.6081877e-06,2.6081877e-06,6.854964e-08,1.5604719e-06,1,1.1094266,0.086778626,2301307.8,3015901.0,725070.44,966760.56,0.75,0.76305807
ref,619,3,5,3,1,5.434057,1.3696417,1.7669977,9.320833,273.8455,0.0,-30.0,0.0,2.5313486e-06,2.5313486e-06,5.5898187e-08,1.4728978e-06,1,1.131643,0.10439691,2301307.8,3015901.0,725070.44,966760.56,0.75,0.76305807
ref,620,3,5,4,1,5.434057,1.3696417,1.7669977,9.927229,273.8455,0.0,-30.0,0.0,2.3890468e-06,2.3890468e-06,6.758045e-08,1.4346941e-06,1,1.1526818,0.12108124,2301307.8,3015901.0,725070.44,966760.56,0.75,0.76305807
ref,621,3,5,5,1,5.434057,1.3696417,1.7669977,10.57302,273.8455,0.0,-30.0,0.0,2.2249446e-06,2.2249446e-06,6.630492e-08,1.3620235e-06,1,1.1729753,0.13717458,2301307.8,3015901.0,725070.44,966760.56,0.75,0.76305807
ref,622,3,5,6,1,5.434057,1.3696417,1.7669977,11.343906,273.8455,0.0,-30.0,0.0,2.5455681e-06,2.5455681e-06,6.254972e-08,1.482341e-06,1,1.200248,0.15880264,2301307.8,3015901.0,725070.44,966760.56,0.75,0.76305807
ref,623,3,5,7,1,5.434057,1.3696417,1.7669977,12.463043,273.8455,0.0,-30.0,0.0,2.1577168e-06,2.1577168e-06,6.352059e-08,1.3013714e-06,1,1.2314022,0.18350886,2301307.8,3015901.0,725070.44,966760.56,0.75,0.76305807
ref,624,3,6,1,1,5.434057,1.3696417,2.0580757,8.217703,273.8455,0.0,-30.0,0.0,2.8942543e-06,2.8942543e-06,7.553634e-08,1.7016757e-06,1,1.0628808,0.049866334,2301307.8,3015901.0,725070.44,966760.56,0.75,0.76305807
ref,625,3,6,2,1,5.434057,1.3696417,2.0580757,9.002217,273.8455,0.0,-30.0,0.0,2.632667e-06,2.632667e-06,6.738429e-08,1.5515594e-06,1,1.0790381,0.06267959,2301307.8,3015901.0,725070.44,966760.56,0.75,0.76305807
ref,626,3,6,3,1,5.434057,1.3696417,2.0580757,9.637345,273.8455,0.0,-30.0,0.0,2.6183782e-06,2.6183782e-06,7.04164e-08,1.5020777e-06,1,1.0943406,0.07481489,2301307.8,3015901.0,725070.44,966760.56,0.75,0.76305807
ref,627,3,6,4,1,5.434057,1.3696417,2.0580757,10.243939,273.8455,0.0,-30.0,0.0,2.5153215e-06,2.5153215e-06,6.9717835e-08,1.4940059e-06,1,1.1081265,0.08574757,2301307.8,3015901.0,725070.44,966760.56,0.75,0.76305807
ref,628,3,6,5,1,5.434057,1.3696417,2.0580757,10.888654,273.8455,0.0,-30.0,0.0,2.5488828e-06,2.5488828e-06,6.998715e-08,1.4957914e-06,1,1.1235365,0.09796813,2301307.8,3015901.0,725070.44,966760.56,0.75,0.76305807
ref,629,3,6,6,1,5.434057,1.3696417,2.0580757,11.65663,273.8455,0.0,-30.0,0.0,2.36572e-06,2.36572e-06,5.9905965e-08,1.3842917e-06,1,1.1415284,0.112236254,2301307.8,3015901.0,725070.44,966760.56,0.75,0.76305807
ref,630,3,6,7,1,5.434057,1.3696417,2.0580757,12.768616,273.8455,0.0,-30.0,0.0,2.257243e-06,2.257243e-06,6.7920595e-08,1.3222362e-06,1,1.1620353,0.12849888,2301307.8,3015901.0,725070.44,966760.56,0.75,0.76305807
ref,631,3,7,1,1,5.434057,1.3696417,2.5067868,8.668053,273.8455,0.0,-30.0,0.0,3.5099017e-06,3.5099017e-06,6.702914e-08,1.9718575e-06,1,1.040371,0.032015394,2301307.8,3015901.0,725070.44,966760.56,0.75,0.76305807
ref,632,3,7,2,1,5.434057,1.3696417,2.5067868,9.45386,273.8455,0.0,-30.0,0.0,3.0727786e-06,3.0727786e-06,6.683515e-08,1.7222114e-06,1,1.0513668,0.040735457,2301307.8,3015901.0,725070.44,966760.56,0.75,0.76305807
ref,633,3,7,3,1,5.434057,1.3696417,2.5067868,10.08765,273.8455,0.0,-30.0,0.0,3.0436227e-06,3.0436227e-06,9.032101e-08,1.7201379e-06,1,1.0601805,0.047724977,2301307.8,3015901.0,725070.44,966760.56,0.75,0.76305807
ref,634,3,7,4,1,5.434057,1.3696417,2.5067868,10.691081,273.8455,0.0,-30.0,0.0,3.8869475e-06,3.8869475e-06,6.952839e-08,2.1101105e-06,1,1.068402,0.05424485,2301307.8,3015901.0,725070.44,966760.56,0.75,0.76305807
ref,635,3,7,5,1,5.434057,1.3696417,2.5067868,11.330537,273.8455,0.0,-30.0,0.0,2.5158333e-06,2.5158333e-06,6.324457e-08,1.4499525e-06,1,1.0780141,0.061867554,2301307.8,3015901.0,725070.44,966760.56,0.75,0.76305807
ref,636,3,7,6,1,5.434057,1.3696417,2.5067868,12.089865,273.8455,0.0,-30.0,0.0,2.8109332e-06,2.8109332e-06,5.6134148e-08,1.6121885e-06,1,1.0878402,0.06965993,2301307.8,3015901.0,725070.44,966760.56,0.75,0.76305807
ref,637,3,7,7,1,5.434057,1.3696417,2.5067868,13.1850815,273.8455,0.0,-30.0,0.0,2.5168745e-06,2.5168745e-06,6.823477e-08,1.5004749e-06,1,1.0989498,0.078470185,2301307.8,3015901.0,725070.44,966760.56,0.75,0.76305807
ref,638,3,1,1,2,5.301981,1.3754362,0.8891675,6.8217683,273.8455,0.0,-30.0,0.0,1.074639e-06,1.074639e-06,1.059904e-07,6.972232e-07,1,1.389423,0.30882415,2132805.0,2795075.8,688940.5,918587.4,0.75,0.76305807
ref,639,3,1,2,2,5.301981,1.3754362,0.8891675,7.5672855,273.8455,0.0,-30.0,0.0,1.2715775e-06,1.2715775e-06,9.602547e-08,7.796831e-07,1,1.4250505,0.3370778,2132805.0,2795075.8,688940.5,918587.4,0.75,0.76305807
ref,640,3,1,3,2,5.301981,1.3754362,0.8891675,8.177478,273.8455,0.0,-30.0,0.0,1.3401722e-06,1.3401722e-06,1.0995892e-07,8.262798e-07,1,1.4484391,0.35562572,2132805.0,2795075.8,688940.5,918587.4,0.75,0.76305807
ref,641,3,1,4,2,5.301981,1.3754362,0.8891675,8.765438,273.8455,0.0,-30.0,0.0,1.2868343e-06,1.2868343e-06,1.0957155e-07,7.9684855e-07,1,1.4994372,0.3960687,2132805.0,2795075.8,688940.5,918587.4,0.75,0.76305807
ref,642,3,1,5,2,5.301981,1.3754362,0.8891675,9.395609,273.8455,0.0,-30.0,0.0,1.5029718e-06,1.5029718e-06,1.08921775e-07,9.160505e-07,1,1.5612776,0.44511002,2132805.0,2795075.8,688940.5,918587.4,0.75,0.76305807
ref,643,3,1,6,2,5.301981,1.3754362,0.8891675,10.152984,273.8455,0.0,-30.0,0.0,1.4733187e-06,1.4733187e-06,1.08479696e-07,9.140313e-07,1,1.6233827,0.49436116,2132805.0,2795075.8,688940.5,918587.4,0.75,0.76305807
ref,644,3,1,7,2,5.301981,1.3754362,0.8891675,11.26187,273.8455,0.0,-30.0,0.0,1.4314602e-06,1.4314602e-06,1.0108043e-07,9.2152277e-07,1,1.7007402,0.555708,2132805.0,2795075.8,688940.5,918587.4,0.75,0.76305807
ref,645,3,2,1,2,5.301981,1.3754362,1.1239094,7.1416383,273.8455,0.0,-30.0,0.0,1.0729744e-06,1.0729744e-06,8.518113e-08,6.7679036e-07,1,1.2401056,0.19041099,2132805.0,2795075.8,688940.5,918587.4,0.75,0.76305807
ref,646,3,2,2,2,5.301981,1.3754362,1.1239094,7.9011517,273.8455,0.0,-30.0,0.0,1.3026627e-06,1.3026627e-06,8.844774e-08,8.207236e-07,1,1.2628882,0.20847821,2132805.0,2795075.8,688940.5,918587.4,0.75,0.76305807
ref,647,3,2,3,2,5.301981,1.3754362,1.1239094,8.521367,273.8455,0.0,-30.0,0.0,1.331131e-06,1.331131e-06,8.7573454e-08,8.2302876e-07,1,1.2907603,0.23058167,2132805.0,2795075.8,688940.5,918587.4,0.75,0.76305807
ref,648,3,2,4,2,5.301981,1.3754362,1.1239094,9.117864,273.8455,0.0,-30.0,0.0,1.24497e-06,1.24497e-06,8.2998405e-08,7.6795436e-07,1,1.3375645,0.2676987,2132805.0,2795075.8,688940.5,918587.4,0.75,0.76305807
ref,649,3,2,5,2,5.301981,1.3754362,1.1239094,9.756045,273.8455,0.0,-30.0,0.0,1.3323871e-06,1.3323871e-06,9.91004e-08,8.663898e-07,1,1.3851501,0.30543557,2132805.0,2795075.8,688940.5,918587.4,0.75,0.76305807
ref,650,3,2,6,2,5.301981,1.3754362,1.1239094,10.521618,273.8455,0.0,-30.0,0.0,1.353919e-06,1.353919e-06,1.0907421e-07,8.5674696e-07,1,1.4336847,0.34392494,2132805.0,2795075.8,688940.5,918587.4,0.75,0.76305807
ref,651,3,2,7,2,5.301981,1.3754362,1.1239094,11.639872,273.8455,0.0,-30.0,0.0,1.489497e-06,1.489497e-06,9.338591e-08,9.023118e-07,1,1.5031962,0.3990497,2132805.0,2795075.8,688940.5,918587.4,0.75,0.76305807
ref,652,3,3,1,2,5.301981,1.3754362,1.3284773,7.3996058,273.8455,0.0,-30.0,0.0,1.1607628e-06,1.1607628e-06,9.034214e-08,7.117344e-07,1,1.1631937,0.12941752,2132805.0,2795075.8,688940.5,918587.4,0.75,0.76305807
ref,653,3,3,2,2,5.301981,1.3754362,1.3284773,8.16812,273.8455,0.0,-30.0,0.0,1.2641917e-06,1.2641917e-06,7.9435736e-08,7.5524497e-07,1,1.1786233,0.14165361,2132805.0,2795075.8,688940.5,918587.4,0.75,0.76305807
ref,654,3,3,3,2,5.301981,1.3754362,1.3284773,8.794457,273.8455,0.0,-30.0,0.0,1.3455345e-06,1.3455345e-06,9.174844e-08,8.098448e-07,1,1.2089686,0.16571838,2132805.0,2795075.8,688940.5,918587.4,0.75,0.76305807
ref,655,3,3,4,2,5.301981,1.3754362,1.3284773,9.395885,273.8455,0.0,-30.0,0.0,1.2363796e-06,1.2363796e-06,8.744383e-08,7.742142e-07,1,1.2445035,0.19389865,2132805.0,2795075.8,688940.5,918587.4,0.75,0.76305807
ref,656,3,3,5,2,5.301981,1.3754362,1.3284773,10.03838,273.8455,0.0,-30.0,0.0,1.2173296e-06,1.2173296e-06,9.0328946e-08,7.495233e-07,1,1.2801154,0.22213992,2132805.0,2795075.8,688940.5,918587.4,0.75,0.76305807
ref,657,3,3,6,2,5.301981,1.3754362,1.3284773,10.807868,273.8455,0.0,-30.0,0.0,1.2561312e-06,1.2561312e-06,8.541956e-08,7.875371e-07,1,1.3199434,0.25372475,2132805.0,2795075.8,688940.5,918587.4,0.75,0.76305807
ref,658,3,3,7,2,5.301981,1.3754362,1.3284773,11.929632,273.8455,0.0,-30.0,0.0,1.3464244e-06,1.3464244e-06,9.095825e-08,8.2010104e-07,1,1.3738488,0.29647335,2132805.0,2795075.8,688940.5,918587.4,0.75,0.76305807
ref,659,3,4,1,2,5.301981,1.3754362,1.5353351,7.645489,273.8455,0.0,-30.0,0.0,1.3524972e-06,1.3524972e-06,8.1823664e-08,7.6416865e-07,1,1.1145036,0.09080481,2132805.0,2795075.8,688940.5,918587.4,0.75,0.76305807
ref,660,3,4,2,2,5.301981,1.3754362,1.5353351,8.420766,273.8455,0.0,-30.0,0.0,1.3828006e-06,1.3828006e-06,8.908081e-08,8.2137865e-07,1,1.1296192,0.10279191,2132805.0,2795075.8,688940.5,918587.4,0.75,0.76305807
ref,661,3,4,3,2,5.301981,1.3754362,1.5353351,9.051391,273.8455,0.0,-30.0,0.0,1.3838571e-06,1.3838571e-06,8.85568e-08,8.7852527e-07,1,1.1552452,0.12311414,2132805.0,2795075.8,688940.5,918587.4,0.75,0.76305807
ref,662,3,4,4,2,5.301981,1.3754362,1.5353351,9.655982,273.8455,0.0,-30.0,0.0,1.2929582e-06,1.2929582e-06,9.322258e-08,7.9362525e-07,1,1.1813205,0.14379261,2132805.0,2795075.8,688940.5,918587.4,0.75,0.76305807
ref,663,3,4,5,2,5.301981,1.3754362,1.5353351,10.300895,273.8455,0.0,-30.0,0.0,1.4832848e-06,1.4832848e-06,9.534687e-08,9.2113163e-07,1,1.2068897,0.16406974,2132805.0,2795075.8,688940.5,918587.4,0.75,0.76305807
ref,664,3,4,6,2,5.301981,1.3754362,1.5353351,11.072073,273.8455,0.0,-30.0,0.0,1.2819766e-06,1.2819766e-06,9.48786e-08,7.8138555e-07,1,1.238841,0.18940812,2132805.0,2795075.8,688940.5,918587.4,0.75,0.76305807
ref,665,3,4,7,2,5.301981,1.3754362,1.5353351,12.194033,273.8455,0.0,-30.0,0.0,1.2570919e-06,1.2570919e-06,8.4646956e-08,8.072248e-07,1,1.2786853,0.22100583,2132805.0,2795075.8,688940.5,918587.4,0.75,0.76305807
ref,666,3,5,1,2,5.301981,1.3754362,1.7669977,7.906661,273.8455,0.0,-30.0,0.0,1.5487216e-06,1.5487216e-06,8.873443e-08,9.0336795e-07,1,1.080093,0.06351613,2132805.0,2795075.8,688940.5,918587.4,0.75,0.76305807
ref,667,3,5,2,2,5.301981,1.3754362,1.7669977,8.687243,273.8455,0.0,-30.0,0.0,1.4477309e-06,1.4477309e-06,9.254562e-08,8.6864696e-07,1,1.0950427,0.07537173,2132805.0,2795075.8,688940.5,918587.4,0.75,0.76305807
ref,668,3,5,3,2,5.301981,1.3754362,1.7669977,9.320833,273.8455,0.0,-30.0,0.0,1.3448174e-06,1.3448174e-06,9.249341e-08,7.971418e-07,1,1.1146295,0.09090465,2132805.0,2795075.8,688940.5,918587.4,0.75,0.76305807
ref,669,3,5,4,2,5.301981,1.3754362,1.7669977,9.927229,273.8455,0.0,-30.0,0.0,1.3866654e-06,1.3866654e-06,9.23474e-08,8.4456923e-07,1,1.13327,0.10568716,2132805.0,2795075.8,688940.5,918587.4,0.75,0.76305807
ref,670,3,5,5,2,5.301981,1.3754362,1.7669977,10.57302,273.8455,0.0,-30.0,0.0,1.3344386e-06,1.3344386e-06,8.21725e-08,8.401205e-07,1,1.1513357,0.12001379,2132805.0,2795075.8,688940.5,918587.4,0.75,0.76305807
ref,671,3,5,6,2,5.301981,1.3754362,1.7669977,11.343906,273.8455,0.0,-30.0,0.0,1.5290091e-06,1.5290091e-06,9.888717e-08,9.062637e-07,1,1.1757478,0.13937321,2132805.0,2795075.8,688940.5,918587.4,0.75,0.76305807
ref,672,3,5,7,2,5.301981,1.3754362,1.7669977,12.463043,273.8455,0.0,-30.0,0.0,1.3101104e-06,1.3101104e-06,8.56497e-08,8.003934e-07,1,1.2038226,0.16163747,2132805.0,2795075.8,688940.5,918587.4,0.75,0.76305807
ref,673,3,6,1,2,5.301981,1.3754362,2.0580757,8.217703,273.8455,0.0,-30.0,0.0,1.7528931e-06,1.7528931e-06,8.937701e-08,9.874657e-07,1,1.0543265,0.043082587,2132805.0,2795075.8,688940.5,918587.4,0.75,0.76305807
ref,674,3,6,2,2,5.301981,1.3754362,2.0580757,9.002217,273.8455,0.0,-30.0,0.0,1.8882085e-06,1.8882085e-06,8.878827e-08,1.0844382e-06,1,1.0684114,0.054252278,2132805.0,2795075.8,688940.5,918587.4,0.75,0.76305807
ref,675,3,6,3,2,5.301981,1.3754362,2.0580757,9.637345,273.8455,0.0,-30.0,0.0,1.7857623e-06,1.7857623e-06,8.732034e-08,9.659736e-07,1,1.0817988,0.0648689,2132805.0,2795075.8,688940.5,918587.4,0.75,0.76305807
ref,676,3,6,4,2,5.301981,1.3754362,2.0580757,10.243939,273.8455,0.0,-30.0,0.0,1.6704882e-06,1.6704882e-06,7.649071e-08,9.4498387e-07,1,1.0938995,0.074465156,2132805.0,2795075.8,688940.5,918587.4,0.75,0.76305807
ref,677,3,6,5,2,5.301981,1.3754362,2.0580757,10.888654,273.8455,0.0,-30.0,0.0,1.6114569e-06,1.6114569e-06,9.9530894e-08,9.486555e-07,1,1.1074709,0.08522766,2132805.0,2795075.8,688940.5,918587.4,0.75,0.76305807
ref,678,3,6,6,2,5.301981,1.3754362,2.0580757,11.65663,273.8455,0.0,-30.0,0.0,1.3911483e-06,1.3911483e-06,8.687558e-08,8.005591e-07,1,1.1233768,0.09784152,2132805.0,2795075.8,688940.5,918587.4,0.75,0.76305807
ref,679,3,6,7,2,5.301981,1.3754362,2.0580757,12.768616,273.8455,0.0,-30.0,0.0,1.8092676e-06,1.8092676e-06,7.501749e-08,1.089029e-06,1,1.1415863,0.11228221,2132805.0,2795075.8,688940.5,918587.4,0.75,0.76305807
ref,680,3,7,1,2,5.301981,1.3754362,2.5067868,8.668053,273.8455,0.0,-30.0,0.0,2.7988258e-06,2.7988258e-06,1.12131964e-07,1.5340893e-06,1,1.03479,0.02758955,2132805.0,2795075.8,688940.5,918587.4,0.75,0.76305807
ref,681,3,7,2,2,5.301981,1.3754362,2.5067868,9.45386,273.8455,0.0,-30.0,0.0,2.6974328e-06,2.6974328e-06,8.188664e-08,1.4548655e-06,1,1.0443211,0.035147913,2132805.0,2795075.8,688940.5,918587.4,0.75,0.76305807
ref,682,3,7,3,2,5.301981,1.3754362,2.5067868,10.08765,273.8455,0.0,-30.0,0.0,2.2545426e-06,2.2545426e-06,7.508211e-08,1.2101887e-06,1,1.0519778,0.041219905,2132805.0,2795075.8,688940.5,918587.4,0.75,0.76305807
ref,683,3,7,4,2,5.301981,1.3754362,2.5067868,10.691081,273.8455,0.0,-30.0,0.0,1.7347963e-06,1.7347963e-06,7.521057e-08,9.55362e-07,1,1.0591338,0.046894856,2132805.0,2795075.8,688940.5,918587.4,0.75,0.76305807
ref,684,3,7,5,2,5.301981,1.3754362,2.5067868,11.330537,273.8455,0.0,-30.0,0.0,1.8487181e-06,1.8487181e-06,1.0359936e-07,1.0843437e-06,1,1.0675173,0.053543184,2132805.0,2795075.8,688940.5,918587.4,0.75,0.76305807
ref,685,3,7,6,2,5.301981,1.3754362,2.5067868,12.089865,273.8455,0.0,-30.0,0.0,1.7031158e-06,1.7031158e-06,9.3898564e-08,9.48846e-07,1,1.0761062,0.06035454,2132805.0,2795075.8,688940.5,918587.4,0.75,0.76305807
ref,686,3,7,7,2,5.301981,1.3754362,2.5067868,13.1850815,273.8455,0.0,-30.0,0.0,2.1059357e-06,2.1059357e-06,9.48842e-08,1.2489244e-06,1,1.0858403,0.06807401,2132805.0,2795075.8,688940.5,918587.4,0.75,0.76305807
ref,687,3,1,1,3,6.1910534,1.1919358,0.8891675,6.8217683,273.8455,0.0,-30.0,0.0,1.5605841e-06,1.5605841e-06,8.0954486e-08,9.4302766e-07,1,1.6707674,0.5319387,3363041.0,4407320.0,940431.4,1253908.5,0.75,0.76305807
ref,688,3,1,2,3,6.1910534,1.1919358,0.8891675,7.5672855,273.8455,0.0,-30.0,0.0,1.5943284e-06,1.5943284e-06,8.572192e-08,9.285262e-07,1,1.7111328,0.56394964,3363041.0,4407320.0,940431.4,1253908.5,0.75,0.76305807
ref,689,3,1,3,3,6.1910534,1.1919358,0.8891675,8.177478,273.8455,0.0,-30.0,0.0,1.5950208e-06,1.5950208e-06,9.303476e-08,1.0138247e-06,1,1.736396,0.58398414,3363041.0,4407320.0,940431.4,1253908.5,0.75,0.76305807
ref,690,3,1,4,3,6.1910534,1.1919358,0.8891675,8.765438,273.8455,0.0,-30.0,0.0,1.8401762e-06,1.8401762e-06,9.015492e-08,1.0865712e-06,1,1.7883685,0.62519985,3363041.0,4407320.0,940431.4,1253908.5,0.75,0.76305807
ref,691,3,1,5,3,6.1910534,1.1919358,0.8891675,9.395609,273.8455,0.0,-30.0,0.0,1.8687097e-06,1.8687097e-06,8.604229e-08,1.1322766e-06,1,1.8462309,0.67108643,3363041.0,4407320.0,940431.4,1253908.5,0.75,0.76305807
ref,692,3,1,6,3,6.1910534,1.1919358,0.8891675,10.152984,273.8455,0.0,-30.0,0.0,1.7361327e-06,1.7361327e-06,1.0606831e-07,1.0797519e-06,1,1.8993402,0.7132037,3363041.0,4407320.0,940431.4,1253908.5,0.75,0.76305807
ref,693,3,1,7,3,6.1910534,1.1919358,0.8891675,11.26187,273.8455,0.0,-30.0,0.0,1.8727388e-06,1.8727388e-06,9.13665e-08,1.1065578e-06,1,1.9594139,0.760844,3363041.0,4407320.0,940431.4,1253908.5,0.75,0.76305807
ref,694,3,2,1,3,6.1910534,1.1919358,1.1239094,7.1416383,273.8455,0.0,-30.0,0.0,1.4217567e-06,1.4217567e-06,7.336624e-08,8.4229526e-07,1,1.4719939,0.37430534,3363041.0,4407320.0,940431.4,1253908.5,0.75,0.76305807
ref,695,3,2,2,3,6.1910534,1.1919358,1.1239094,7.9011517,273.8455,0.0,-30.0,0.0,1.5351656e-06,1.5351656e-06,8.0171944e-08,8.9699694e-07,1,1.5058762,0.40117502,3363041.0,4407320.0,940431.4,1253908.5,0.75,0.76305807
ref,696,3,2,3,3,6.1910534,1.1919358,1.1239094,8.521367,273.8455,0.0,-30.0,0.0,1.7599516e-06,1.7599516e-06,8.0746894e-08,1.0804847e-06,1,1.5454323,0.43254417,3363041.0,4407320.0,940431.4,1253908.5,0.75,0.76305807
ref,697,3,2,4,3,6.1910534,1.1919358,1.1239094,9.117864,273.8455,0.0,-30.0,0.0,1.7576446e-06,1.7576446e-06,9.261132e-08,1.0244446e-06,1,1.60756,0.48181337,3363041.0,4407320.0,940431.4,1253908.5,0.75,0.76305807
ref,698,3,2,5,3,6.1910534,1.1919358,1.1239094,9.756045,273.8455,0.0,-30.0,0.0,1.922768e-06,1.922768e-06,7.625361e-08,1.1183062e-06,1,1.6657655,0.52797204,3363041.0,4407320.0,940431.4,1253908.5,0.75,0.76305807
ref,699,3,2,6,3,6.1910534,1.1919358,1.1239094,10.521618,273.8455,0.0,-30.0,0.0,1.7551774e-06,1.7551774e-06,8.860284e-08,1.029633e-06,1,1.720569,0.5714328,3363041.0,4407320.0,940431.4,1253908.5,0.75,0.76305807
ref,700,3,2,7,3,6.1910534,1.1919358,1.1239094,11.639872,273.8455,0.0,-30.0,0.0,1.8030302e-06,1.8030302e-06,7.878575e-08,1.0815485e-06,1,1.7920405,0.62811184,3363041.0,4407320.0,940431.4,1253908.5,0.75,0.76305807
ref,701,3,3,1,3,6.1910534,1.1919358,1.3284773,7.3996058,273.8455,0.0,-30.0,0.0,1.7781782e-06,1.7781782e-06,8.4368494e-08,1.0188899e-06,1,1.3459756,0.27436906,3363041.0,4407320.0,940431.4,1253908.5,0.75,0.76305807
ref,702,3,3,2,3,6.1910534,1.1919358,1.3284773,8.16812,273.8455,0.0,-30.0,0.0,1.453294e-06,1.453294e-06,6.990572e-08,8.7309184e-07,1,1.3728178,0.2956557,3363041.0,4407320.0,940431.4,1253908.5,0.75,0.76305807
ref,703,3,3,3,3,6.1910534,1.1919358,1.3284773,8.794457,273.8455,0.0,-30.0,0.0,1.7936942e-06,1.7936942e-06,8.035578e-08,1.056283e-06,1,1.4232529,0.33565226,3363041.0,4407320.0,940431.4,1253908.5,0.75,0.76305807
ref,704,3,3,4,3,6.1910534,1.1919358,1.3284773,9.395885,273.8455,0.0,-30.0,0.0,1.8303591e-06,1.8303591e-06,7.345905e-08,1.1146634e-06,1,1.4786477,0.37958202,3363041.0,4407320.0,940431.4,1253908.5,0.75,0.76305807
ref,705,3,3,5,3,6.1910534,1.1919358,1.3284773,10.03838,273.8455,0.0,-30.0,0.0,1.9118957e-06,1.9118957e-06,8.108587e-08,1.1156562e-06,1,1.5305623,0.4207518,3363041.0,4407320.0,940431.4,1253908.5,0.75,0.76305807
ref,706,3,3,6,3,6.1910534,1.1919358,1.3284773,10.807868,273.8455,0.0,-30.0,0.0,1.8152168e-06,1.8152168e-06,8.245767e-08,1.0730856e-06,1,1.5847704,0.46374047,3363041.0,4407320.0,940431.4,1253908.5,0.75,0.76305807
ref,707,3,3,7,3,6.1910534,1.1919358,1.3284773,11.929632,273.8455,0.0,-30.0,0.0,1.6644773e-06,1.6644773e-06,7.3777755e-08,1.016416e-06,1,1.6523634,0.51734376,3363041.0,4407320.0,940431.4,1253908.5,0.75,0.76305807
ref,708,3,4,1,3,6.1910534,1.1919358,1.5353351,7.645489,273.8455,0.0,-30.0,0.0,1.576976e-06,1.576976e-06,7.628611e-08,9.41398e-07,1,1.2554405,0.20257199,3363041.0,4407320.0,940431.4,1253908.5,0.75,0.76305807
ref,709,3,4,2,3,6.1910534,1.1919358,1.5353351,8.420766,273.8455,0.0,-30.0,0.0,1.5815281e-06,1.5815281e-06,7.335833e-08,9.2253356e-07,1,1.2845435,0.22565156,3363041.0,4407320.0,940431.4,1253908.5,0.75,0.76305807
ref,710,3,4,3,3,6.1910534,1.1919358,1.5353351,9.051391,273.8455,0.0,-30.0,0.0,2.048869e-06,2.048869e-06,6.770248e-08,1.1831635e-06,1,1.3318155,0.2631396,3363041.0,4407320.0,940431.4,1253908.5,0.75,0.76305807
ref,711,3,4,4,3,6.1910534,1.1919358,1.5353351,9.655982,273.8455,0.0,-30.0,0.0,1.6826075e-06,1.6826075e-06,6.950327e-08,9.771152e-07,1,1.3774248,0.29930925,3363041.0,4407320.0,940431.4,1253908.5,0.75,0.76305807
ref,712,3,4,5,3,6.1910534,1.1919358,1.5353351,10.300895,273.8455,0.0,-30.0,0.0,1.9976305e-06,1.9976305e-06,8.171131e-08,1.1856998e-06,1,1.4198931,0.33298784,3363041.0,4407320.0,940431.4,1253908.5,0.75,0.76305807
ref,713,3,4,6,3,6.1910534,1.1919358,1.5353351,11.072073,273.8455,0.0,-30.0,0.0,1.7009318e-06,1.7009318e-06,7.257423e-08,1.0043935e-06,1,1.4700704,0.3727799,3363041.0,4407320.0,940431.4,1253908.5,0.75,0.76305807
ref,714,3,4,7,3,6.1910534,1.1919358,1.5353351,12.194033,273.8455,0.0,-30.0,0.0,1.7537193e-06,1.7537193e-06,7.6899404e-08,1.0488656e-06,1,1.5285425,0.4191501,3363041.0,4407320.0,940431.4,1253908.5,0.75,0.76305807
ref,715,3,5,1,3,6.1910534,1.1919358,1.7669977,7.906661,273.8455,0.0,-30.0,0.0,1.6045014e-06,1.6045014e-06,6.477003e-08,9.329775e-07,1,1.1855295,0.14713043,3363041.0,4407320.0,940431.4,1253908.5,0.75,0.76305807
ref,716,3,5,2,3,6.1910534,1.1919358,1.7669977,8.687243,273.8455,0.0,-30.0,0.0,1.6092018e-06,1.6092018e-06,7.154286e-08,9.262847e-07,1,1.2165505,0.17173105,3363041.0,4407320.0,940431.4,1253908.5,0.75,0.76305807
ref,717,3,5,3,3,6.1910534,1.1919358,1.7669977,9.320833,273.8455,0.0,-30.0,0.0,2.234435e-06,2.234435e-06,8.5389104e-08,1.2830802e-06,1,1.2556868,0.20276731,3363041.0,4407320.0,940431.4,1253908.5,0.75,0.76305807
ref,718,3,5,4,3,6.1910534,1.1919358,1.7669977,9.927229,273.8455,0.0,-30.0,0.0,1.9357617e-06,1.9357617e-06,7.332428e-08,1.1308854e-06,1,1.2914339,0.23111588,3363041.0,4407320.0,940431.4,1253908.5,0.75,0.76305807
ref,719,3,5,5,3,6.1910534,1.1919358,1.7669977,10.57302,273.8455,0.0,-30.0,0.0,1.9671893e-06,1.9671893e-06,7.2141695e-08,1.1003928e-06,1,1.3247654,0.25754872,3363041.0,4407320.0,940431.4,1253908.5,0.75,0.76305807
ref,720,3,5,6,3,6.1910534,1.1919358,1.7669977,11.343906,273.8455,0.0,-30.0,0.0,1.855446e-06,1.855446e-06,7.0109024e-08,1.1071694e-06,1,1.3678786,0.29173875,3363041.0,4407320.0,940431.4,1253908.5,0.75,0.76305807
ref,721,3,5,7,3,6.1910534,1.1919358,1.7669977,12.463043,273.8455,0.0,-30.0,0.0,1.6614109e-06,1.6614109e-06,8.209217e-08,1.0240097e-06,1,1.4149113,0.3290371,3363041.0,4407320.0,940431.4,1253908.5,0.75,0.76305807
ref,722,3,6,1,3,6.1910534,1.1919358,2.0580757,8.217703,273.8455,0.0,-30.0,0.0,1.798482e-06,1.798482e-06,6.6028385e-08,1.0500613e-06,1,1.129565,0.10274897,3363041.0,4407320.0,940431.4,1253908.5,0.75,0.76305807
ref,723,3,6,2,3,6.1910534,1.1919358,2.0580757,9.002217,273.8455,0.0,-30.0,0.0,1.6566196e-06,1.6566196e-06,6.1660515e-08,9.3390486e-07,1,1.1605608,0.12732953,3363041.0,4407320.0,940431.4,1253908.5,0.75,0.76305807
ref,724,3,6,3,3,6.1910534,1.1919358,2.0580757,9.637345,273.8455,0.0,-30.0,0.0,2.3996386e-06,2.3996386e-06,6.331813e-08,1.3321998e-06,1,1.1891212,0.14997882,3363041.0,4407320.0,940431.4,1253908.5,0.75,0.76305807
ref,725,3,6,4,3,6.1910534,1.1919358,2.0580757,10.243939,273.8455,0.0,-30.0,0.0,1.866148e-06,1.866148e-06,6.153111e-08,1.0500386e-06,1,1.2142143,0.16987841,3363041.0,4407320.0,940431.4,1253908.5,0.75,0.76305807
ref,726,3,6,5,3,6.1910534,1.1919358,2.0580757,10.888654,273.8455,0.0,-30.0,0.0,2.1182586e-06,2.1182586e-06,6.644911e-08,1.1736222e-06,1,1.2415755,0.19157664,3363041.0,4407320.0,940431.4,1253908.5,0.75,0.76305807
ref,727,3,6,6,3,6.1910534,1.1919358,2.0580757,11.65663,273.8455,0.0,-30.0,0.0,1.869804e-06,1.869804e-06,6.8462164e-08,1.1036528e-06,1,1.2726381,0.21621019,3363041.0,4407320.0,940431.4,1253908.5,0.75,0.76305807
ref,728,3,6,7,3,6.1910534,1.1919358,2.0580757,12.768616,273.8455,0.0,-30.0,0.0,1.8759257e-06,1.8759257e-06,6.868757e-08,1.0565967e-06,1,1.3069336,0.2434076,3363041.0,4407320.0,940431.4,1253908.5,0.75,0.76305807
ref,729,3,7,1,3,6.1910534,1.1919358,2.5067868,8.668053,273.8455,0.0,-30.0,0.0,2.4688477e-06,2.4688477e-06,6.612932e-08,1.2928568e-06,1,1.084875,0.067308396,3363041.0,4407320.0,940431.4,1253908.5,0.75,0.76305807
ref,730,3,7,2,3,6.1910534,1.1919358,2.5067868,9.45386,273.8455,0.0,-30.0,0.0,2.5416186e-06,2.5416186e-06,8.704285e-08,1.3877114e-06,1,1.1069305,0.08479913,3363041.0,4407320.0,940431.4,1253908.5,0.75,0.76305807
ref,731,3,7,3,3,6.1910534,1.1919358,2.5067868,10.08765,273.8455,0.0,-30.0,0.0,2.5420952e-06,2.5420952e-06,7.793574e-08,1.3956302e-06,1,1.1242983,0.09857233,3363041.0,4407320.0,940431.4,1253908.5,0.75,0.76305807
ref,732,3,7,4,3,6.1910534,1.1919358,2.5067868,10.691081,273.8455,0.0,-30.0,0.0,2.2796805e-06,2.2796805e-06,6.011217e-08,1.2225266e-06,1,1.140256,0.111227274,3363041.0,4407320.0,940431.4,1253908.5,0.75,0.76305807
ref,733,3,7,5,3,6.1910534,1.1919358,2.5067868,11.330537,273.8455,0.0,-30.0,0.0,1.9925499e-06,1.9925499e-06,8.0396596e-08,1.1202691e-06,1,1.1586224,0.12579232,3363041.0,4407320.0,940431.4,1253908.5,0.75,0.76305807
ref,734,3,7,6,3,6.1910534,1.1919358,2.5067868,12.089865,273.8455,0.0,-30.0,0.0,2.1489216e-06,2.1489216e-06,6.661476e-08,1.2177748e-06,1,1.1770815,0.14043096,3363041.0,4407320.0,940431.4,1253908.5,0.75,0.76305807
ref,735,3,7,7,3,6.1910534,1.1919358,2.5067868,13.1850815,273.8455,0.0,-30.0,0.0,1.6140096e-06,1.6140096e-06,7.31983e-08,9.2419975e-07,1,1.197577,0.15668453,3363041.0,4407320.0,940431.4,1253908.5,0.75,0.76305807
ref,736,3,1,1,4,5.352014,1.5411164,0.8891675,6.8217683,273.8455,0.0,-30.0,0.0,9.35104e-07,9.35104e-07,1.2000224e-07,6.3327326e-07,1,1.405484,0.32156092,2196637.0,2878728.5,702627.25,936836.3,0.75,0.76305807
ref,737,3,1,2,4,5.352014,1.5411164,0.8891675,7.5672855,273.8455,0.0,-30.0,0.0,9.5218616e-07,9.5218616e-07,1.18760326e-07,6.407274e-07,1,1.4418359,0.35038912,2196637.0,2878728.5,702627.25,936836.3,0.75,0.76305807
ref,738,3,1,3,4,5.352014,1.5411164,0.8891675,8.177478,273.8455,0.0,-30.0,0.0,1.0922131e-06,1.0922131e-06,1.16525825e-07,7.6214195e-07,1,1.4656337,0.3692615,2196637.0,2878728.5,702627.25,936836.3,0.75,0.76305807
ref,739,3,1,4,4,5.352014,1.5411164,0.8891675,8.765438,273.8455,0.0,-30.0,0.0,1.2068471e-06,1.2068471e-06,1.2294828e-07,8.18925e-07,1,1.5173422,0.41026786,2196637.0,2878728.5,702627.25,936836.3,0.75,0.76305807
ref,740,3,1,5,4,5.352014,1.5411164,0.8891675,9.395609,273.8455,0.0,-30.0,0.0,1.2461318e-06,1.2461318e-06,1.31176e-07,8.408935e-07,1,1.579712,0.459729,2196637.0,2878728.5,702627.25,936836.3,0.75,0.76305807
ref,741,3,1,6,4,5.352014,1.5411164,0.8891675,10.152984,273.8455,0.0,-30.0,0.0,1.1834527e-06,1.1834527e-06,1.3731413e-07,8.110413e-07,1,1.6419853,0.50911355,2196637.0,2878728.5,702627.25,936836.3,0.75,0.76305807
ref,742,3,1,7,4,5.352014,1.5411164,0.8891675,11.26187,273.8455,0.0,-30.0,0.0,1.3349846e-06,1.3349846e-06,1.2899541e-07,8.8370143e-07,1,1.7190479,0.57022655,2196637.0,2878728.5,702627.25,936836.3,0.75,0.76305807
ref,743,3,2,1,4,5.352014,1.5411164,1.1239094,7.1416383,273.8455,0.0,-30.0,0.0,8.9378165e-07,8.9378165e-07,1.0608915e-07,6.186402e-07,1,1.2517873,0.19967493,2196637.0,2878728.5,702627.25,936836.3,0.75,0.76305807
ref,744,3,2,2,4,5.352014,1.5411164,1.1239094,7.9011517,273.8455,0.0,-30.0,0.0,1.0939161e-06,1.0939161e-06,1.0815734e-07,7.0134274e-07,1,1.2753793,0.21838407,2196637.0,2878728.5,702627.25,936836.3,0.75,0.76305807
ref,745,3,2,3,4,5.352014,1.5411164,1.1239094,8.521367,273.8455,0.0,-30.0,0.0,1.1392391e-06,1.1392391e-06,1.123372e-07,7.410103e-07,1,1.3041723,0.2412177,2196637.0,2878728.5,702627.25,936836.3,0.75,0.76305807
ref,746,3,2,4,4,5.352014,1.5411164,1.1239094,9.117864,273.8455,0.0,-30.0,0.0,1.0951264e-06,1.0951264e-06,1.1396283e-07,7.1818175e-07,1,1.3523512,0.27942508,2196637.0,2878728.5,702627.25,936836.3,0.75,0.76305807
ref,747,3,2,5,4,5.352014,1.5411164,1.1239094,9.756045,273.8455,0.0,-30.0,0.0,1.209379e-06,1.209379e-06,1.1997928e-07,7.983058e-07,1,1.4011159,0.3180969,2196637.0,2878728.5,702627.25,936836.3,0.75,0.76305807
ref,748,3,2,6,4,5.352014,1.5411164,1.1239094,10.521618,273.8455,0.0,-30.0,0.0,1.161066e-06,1.161066e-06,1.2600802e-07,7.807885e-07,1,1.4506272,0.3573609,2196637.0,2878728.5,702627.25,936836.3,0.75,0.76305807
ref,749,3,2,7,4,5.352014,1.5411164,1.1239094,11.639872,273.8455,0.0,-30.0,0.0,1.1723388e-06,1.1723388e-06,1.227499e-07,7.6209386e-07,1,1.5211437,0.4132826,2196637.0,2878728.5,702627.25,936836.3,0.75,0.76305807
ref,750,3,3,1,4,5.352014,1.5411164,1.3284773,7.3996058,273.8455,0.0,-30.0,0.0,1.1054611e-06,1.1054611e-06,1.1906656e-07,7.5369695e-07,1,1.1717631,0.13621327,2196637.0,2878728.5,702627.25,936836.3,0.75,0.76305807
ref,751,3,3,2,4,5.352014,1.5411164,1.3284773,8.16812,273.8455,0.0,-30.0,0.0,1.1606418e-06,1.1606418e-06,1.2026156e-07,7.857759e-07,1,1.1878642,0.14898193,2196637.0,2878728.5,702627.25,936836.3,0.75,0.76305807
ref,752,3,3,3,4,5.352014,1.5411164,1.3284773,8.794457,273.8455,0.0,-30.0,0.0,1.2360472e-06,1.2360472e-06,1.05396765e-07,7.81594e-07,1,1.2194611,0.17403923,2196637.0,2878728.5,702627.25,936836.3,0.75,0.76305807
ref,753,3,3,4,4,5.352014,1.5411164,1.3284773,9.395885,273.8455,0.0,-30.0,0.0,1.164545e-06,1.164545e-06,1.03507894e-07,7.175376e-07,1,1.2563455,0.20328967,2196637.0,2878728.5,702627.25,936836.3,0.75,0.76305807
ref,754,3,3,5,4,5.352014,1.5411164,1.3284773,10.03838,273.8455,0.0,-30.0,0.0,1.2210261e-06,1.2210261e-06,1.0894526e-07,8.1078286e-07,1,1.2931846,0.23250423,2196637.0,2878728.5,702627.25,936836.3,0.75,0.76305807
ref,755,3,3,6,4,5.352014,1.5411164,1.3284773,10.807868,273.8455,0.0,-30.0,0.0,1.2582284e-06,1.2582284e-06,1.0509044e-07,7.9543366e-07,1,1.3342377,0.26506054,2196637.0,2878728.5,702627.25,936836.3,0.75,0.76305807
ref,756,3,3,7,4,5.352014,1.5411164,1.3284773,11.929632,273.8455,0.0,-30.0,0.0,1.2772084e-06,1.2772084e-06,1.18605904e-07,8.1898935e-07,1,1.3895545,0.30892843,2196637.0,2878728.5,702627.25,936836.3,0.75,0.76305807
ref,757,3,4,1,4,5.352014,1.5411164,1.5353351,7.645489,273.8455,0.0,-30.0,0.0,1.3995665e-06,1.3995665e-06,1.0309889e-07,8.573553e-07,1,1.1207976,0.0957961,2196637.0,2878728.5,702627.25,936836.3,0.75,0.76305807
ref,758,3,4,2,4,5.352014,1.5411164,1.5353351,8.420766,273.8455,0.0,-30.0,0.0,1.2833987e-06,1.2833987e-06,1.01517145e-07,7.90347e-07,1,1.136645,0.10836357,2196637.0,2878728.5,702627.25,936836.3,0.75,0.76305807
ref,759,3,4,3,4,5.352014,1.5411164,1.5353351,9.051391,273.8455,0.0,-30.0,0.0,1.3358276e-06,1.3358276e-06,1.06509376e-07,8.6329106e-07,1,1.1634593,0.12962818,2196637.0,2878728.5,702627.25,936836.3,0.75,0.76305807
ref,760,3,4,4,4,5.352014,1.5411164,1.5353351,9.655982,273.8455,0.0,-30.0,0.0,1.2582105e-06,1.2582105e-06,9.958836e-08,8.1643964e-07,1,1.1906763,0.1512121,2196637.0,2878728.5,702627.25,936836.3,0.75,0.76305807
ref,761,3,4,5,4,5.352014,1.5411164,1.5353351,10.300895,273.8455,0.0,-30.0,0.0,1.1515476e-06,1.1515476e-06,1.0662381e-07,7.6793486e-07,1,1.2172993,0.17232491,2196637.0,2878728.5,702627.25,936836.3,0.75,0.76305807
ref,762,3,4,6,4,5.352014,1.5411164,1.5353351,11.072073,273.8455,0.0,-30.0,0.0,1.154736e-06,1.154736e-06,1.03097946e-07,7.5523843e-07,1,1.2504764,0.19863525,2196637.0,2878728.5,702627.25,936836.3,0.75,0.76305807
ref,763,3,4,7,4,5.352014,1.5411164,1.5353351,12.194033,273.8455,0.0,-30.0,0.0,1.2285412e-06,1.2285412e-06,9.62451e-08,7.8738e-07,1,1.2917078,0.23133296,2196637.0,2878728.5,702627.25,936836.3,0.75,0.76305807
ref,764,3,5,1,4,5.352014,1.5411164,1.7669977,7.906661,273.8455,0.0,-30.0,0.0,1.2689336e-06,1.2689336e-06,9.282385e-08,7.9281835e-07,1,1.0846351,0.06711817,2196637.0,2878728.5,702627.25,936836.3,0.75,0.76305807
ref,765,3,5,2,4,5.352014,1.5411164,1.7669977,8.687243,273.8455,0.0,-30.0,0.0,1.3623855e-06,1.3623855e-06,9.630175e-08,8.8788755e-07,1,1.1003606,0.079588965,2196637.0,2878728.5,702627.25,936836.3,0.75,0.76305807
ref,766,3,5,3,4,5.352014,1.5411164,1.7669977,9.320833,273.8455,0.0,-30.0,0.0,1.6322856e-06,1.6322856e-06,1.12968365e-07,1.0276107e-06,1,1.1209297,0.095900856,2196637.0,2878728.5,702627.25,936836.3,0.75,0.76305807
ref,767,3,5,4,4,5.352014,1.5411164,1.7669977,9.927229,273.8455,0.0,-30.0,0.0,1.3539502e-06,1.3539502e-06,1.1205019e-07,8.325183e-07,1,1.1404692,0.11139626,2196637.0,2878728.5,702627.25,936836.3,0.75,0.76305807
ref,768,3,5,5,4,5.352014,1.5411164,1.7669977,10.57302,273.8455,0.0,-30.0,0.0,1.3665443e-06,1.3665443e-06,9.712676e-08,8.413159e-07,1,1.1593728,0.12638743,2196637.0,2878728.5,702627.25,936836.3,0.75,0.76305807
ref,769,3,5,6,4,5.352014,1.5411164,1.7669977,11.343906,273.8455,0.0,-30.0,0.0,1.1200503e-06,1.1200503e-06,1.0302387e-07,7.254714e-07,1,1.1848652,0.1466037,2196637.0,2878728.5,702627.25,936836.3,0.75,0.76305807
ref,770,3,5,7,4,5.352014,1.5411164,1.7669977,12.463043,273.8455,0.0,-30.0,0.0,1.2391564e-06,1.2391564e-06,1.06267954e-07,8.1120066e-07,1,1.2141093,0.16979511,2196637.0,2878728.5,702627.25,936836.3,0.75,0.76305807
ref,771,3,6,1,4,5.352014,1.5411164,2.0580757,8.217703,273.8455,0.0,-30.0,0.0,1.6083804e-06,1.6083804e-06,9.5063776e-08,9.686572e-07,1,1.0574785,0.04558223,2196637.0,2878728.5,702627.25,936836.3,0.75,0.76305807
ref,772,3,6,2,4,5.352014,1.5411164,2.0580757,9.002217,273.8455,0.0,-30.0,0.0,1.7850352e-06,1.7850352e-06,9.062993e-08,9.839576e-07,1,1.0723317,0.057361137,2196637.0,2878728.5,702627.25,936836.3,0.75,0.76305807
ref,773,3,6,3,4,5.352014,1.5411164,2.0580757,9.637345,273.8455,0.0,-30.0,0.0,1.6647689e-06,1.6647689e-06,9.797804e-08,9.857857e-07,1,1.0864305,0.06854204,2196637.0,2878728.5,702627.25,936836.3,0.75,0.76305807
ref,774,3,6,4,4,5.352014,1.5411164,2.0580757,10.243939,273.8455,0.0,-30.0,0.0,1.644635e-06,1.644635e-06,1.0143342e-07,1.0084334e-06,1,1.0991589,0.07863598,2196637.0,2878728.5,702627.25,936836.3,0.75,0.76305807
ref,775,3,6,5,4,5.352014,1.5411164,2.0580757,10.888654,273.8455,0.0,-30.0,0.0,1.2959865e-06,1.2959865e-06,1.0363682e-07,8.151844e-07,1,1.1134166,0.089942716,2196637.0,2878728.5,702627.25,936836.3,0.75,0.76305807
ref,776,3,6,6,4,5.352014,1.5411164,2.0580757,11.65663,273.8455,0.0,-30.0,0.0,1.3265847e-06,1.3265847e-06,1.0631218e-07,8.461835e-07,1,1.1301031,0.10317571,2196637.0,2878728.5,702627.25,936836.3,0.75,0.76305807
ref,777,3,6,7,4,5.352014,1.5411164,2.0580757,12.768616,273.8455,0.0,-30.0,0.0,1.0561366e-06,1.0561366e-06,1.02476974e-07,6.830542e-07,1,1.1491753,0.118300445,2196637.0,2878728.5,702627.25,936836.3,0.75,0.76305807
ref,778,3,7,1,4,5.352014,1.5411164,2.5067868,8.668053,273.8455,0.0,-30.0,0.0,2.4987635e-06,2.4987635e-06,1.1941431e-07,1.4487468e-06,1,1.0368432,0.029217737,2196637.0,2878728.5,702627.25,936836.3,0.75,0.76305807
ref,779,3,7,2,4,5.352014,1.5411164,2.5067868,9.45386,273.8455,0.0,-30.0,0.0,2.9059415e-06,2.9059415e-06,1.155832e-07,1.6314011e-06,1,1.046915,0.03720509,2196637.0,2878728.5,702627.25,936836.3,0.75,0.76305807
ref,780,3,7,3,4,5.352014,1.5411164,2.5067868,10.08765,273.8455,0.0,-30.0,0.0,1.8101128e-06,1.8101128e-06,9.836971e-08,1.0891966e-06,1,1.0549997,0.0436164,2196637.0,2878728.5,702627.25,936836.3,0.75,0.76305807
ref,781,3,7,4,4,5.352014,1.5411164,2.5067868,10.691081,273.8455,0.0,-30.0,0.0,2.030373e-06,2.030373e-06,1.0639003e-07,1.1925139e-06,1,1.0625502,0.049604222,2196637.0,2878728.5,702627.25,936836.3,0.75,0.76305807
ref,782,3,7,5,4,5.352014,1.5411164,2.5067868,11.330537,273.8455,0.0,-30.0,0.0,1.8412433e-06,1.8412433e-06,1.3136113e-07,1.1220955e-06,1,1.0713893,0.05661384,2196637.0,2878728.5,702627.25,936836.3,0.75,0.76305807
ref,783,3,7,6,4,5.352014,1.5411164,2.5067868,12.089865,273.8455,0.0,-30.0,0.0,1.6098097e-06,1.6098097e-06,1.1722954e-07,9.442926e-07,1,1.0804377,0.063789494,2196637.0,2878728.5,702627.25,936836.3,0.75,0.76305807
ref,784,3,7,7,4,5.352014,1.5411164,2.5067868,13.1850815,273.8455,0.0,-30.0,0.0,1.3617249e-06,1.3617249e-06,1.251101e-07,8.319788e-07,1,1.0906835,0.07191468,2196637.0,2878728.5,702627.25,936836.3,0.75,0.76305807
ref,785,3,1,1,5,4.9143643,1.2767317,0.8891675,6.8217683,273.8455,0.0,-30.0,0.0,6.170938e-07,6.170938e-07,2.1177183e-08,3.720377e-07,1,1.2733132,0.21674553,1674327.5,2194233.2,587250.3,783000.4,0.75,0.76305807
ref,786,3,1,2,5,4.9143643,1.2767317,0.8891675,7.5672855,273.8455,0.0,-30.0,0.0,7.0476193e-07,7.0476193e-07,2.1405135e-08,4.0522963e-07,1,1.3019987,0.23949406,1674327.5,2194233.2,587250.3,783000.4,0.75,0.76305807
ref,787,3,1,3,5,4.9143643,1.2767317,0.8891675,8.177478,273.8455,0.0,-30.0,0.0,6.4474835e-07,6.4474835e-07,2.5031639e-08,3.871767e-07,1,1.3212183,0.2547357,1674327.5,2194233.2,587250.3,783000.4,0.75,0.76305807
ref,788,3,1,4,5,4.9143643,1.2767317,0.8891675,8.765438,273.8455,0.0,-30.0,0.0,7.093542e-07,7.093542e-07,2.104013e-08,4.222929e-07,1,1.3642337,0.28884828,1674327.5,2194233.2,587250.3,783000.4,0.75,0.76305807
ref,789,3,1,5,5,4.9143643,1.2767317,0.8891675,9.395609,273.8455,0.0,-30.0,0.0,8.745785e-07,8.745785e-07,2.6199444e-08,5.1855227e-07,1,1.4185338,0.33190984,1674327.5,2194233.2,587250.3,783000.4,0.75,0.76305807
ref,790,3,1,6,5,4.9143643,1.2767317,0.8891675,10.152984,273.8455,0.0,-30.0,0.0,8.782141e-07,8.782141e-07,2.6806145e-08,5.1113363e-07,1,1.4755795,0.37714884,1674327.5,2194233.2,587250.3,783000.4,0.75,0.76305807
ref,791,3,1,7,5,4.9143643,1.2767317,0.8891675,11.26187,273.8455,0.0,-30.0,0.0,9.0303297e-07,9.0303297e-07,2.7700445e-08,5.463337e-07,1,1.5504293,0.43650702,1674327.5,2194233.2,587250.3,783000.4,0.75,0.76305807
ref,792,3,2,1,5,4.9143643,1.2767317,1.1239094,7.1416383,273.8455,0.0,-30.0,0.0,7.7052744e-07,7.7052744e-07,2.1582165e-08,4.7352776e-07,1,1.1603265,0.12714367,1674327.5,2194233.2,587250.3,783000.4,0.75,0.76305807
ref,793,3,2,2,5,4.9143643,1.2767317,1.1239094,7.9011517,273.8455,0.0,-30.0,0.0,6.341587e-07,6.341587e-07,1.7223588e-08,3.9274732e-07,1,1.1768504,0.14024769,1674327.5,2194233.2,587250.3,783000.4,0.75,0.76305807
ref,794,3,2,3,5,4.9143643,1.2767317,1.1239094,8.521367,273.8455,0.0,-30.0,0.0,8.1362913e-07,8.1362913e-07,2.1035756e-08,4.77818e-07,1,1.1974047,0.1565479,1674327.5,2194233.2,587250.3,783000.4,0.75,0.76305807
ref,795,3,2,4,5,4.9143643,1.2767317,1.1239094,9.117864,273.8455,0.0,-30.0,0.0,8.068002e-07,8.068002e-07,1.882177e-08,4.806506e-07,1,1.2327869,0.18460695,1674327.5,2194233.2,587250.3,783000.4,0.75,0.76305807
ref,796,3,2,5,5,4.9143643,1.2767317,1.1239094,9.756045,273.8455,0.0,-30.0,0.0,7.1597594e-07,7.1597594e-07,1.984547e-08,4.3295353e-07,1,1.2699196,0.21405439,1674327.5,2194233.2,587250.3,783000.4,0.75,0.76305807
ref,797,3,2,6,5,4.9143643,1.2767317,1.1239094,10.521618,273.8455,0.0,-30.0,0.0,6.768522e-07,6.768522e-07,2.2475131e-08,4.002436e-07,1,1.3090575,0.24509183,1674327.5,2194233.2,587250.3,783000.4,0.75,0.76305807
ref,798,3,2,7,5,4.9143643,1.2767317,1.1239094,11.639872,273.8455,0.0,-30.0,0.0,7.1182194e-07,7.1182194e-07,2.1710962e-08,4.286614e-07,1,1.3674662,0.2914117,1674327.5,2194233.2,587250.3,783000.4,0.75,0.76305807
ref,799,3,3,1,5,4.9143643,1.2767317,1.3284773,7.3996058,273.8455,0.0,-30.0,0.0,6.303997e-07,6.303997e-07,1.9624402e-08,3.7825558e-07,1,1.1063086,0.084305935,1674327.5,2194233.2,587250.3,783000.4,0.75,0.76305807
ref,800,3,3,2,5,4.9143643,1.2767317,1.3284773,8.16812,273.8455,0.0,-30.0,0.0,8.340649e-07,8.340649e-07,1.9849628e-08,4.6405495e-07,1,1.1169327,0.09273115,1674327.5,2194233.2,587250.3,783000.4,0.75,0.76305807
ref,801,3,3,3,5,4.9143643,1.2767317,1.3284773,8.794457,273.8455,0.0,-30.0,0.0,7.428314e-07,7.428314e-07,1.8881515e-08,4.225466e-07,1,1.1381353,0.10954544,1674327.5,2194233.2,587250.3,783000.4,0.75,0.76305807
ref,802,3,3,4,5,4.9143643,1.2767317,1.3284773,9.395885,273.8455,0.0,-30.0,0.0,7.5713416e-07,7.5713416e-07,2.1923777e-08,4.3272016e-07,1,1.1634971,0.12965807,1674327.5,2194233.2,587250.3,783000.4,0.75,0.76305807
ref,803,3,3,5,5,4.9143643,1.2767317,1.3284773,10.03838,273.8455,0.0,-30.0,0.0,8.0056947e-07,8.0056947e-07,2.1572616e-08,4.5809696e-07,1,1.1895101,0.15028715,1674327.5,2194233.2,587250.3,783000.4,0.75,0.76305807
ref,804,3,3,6,5,4.9143643,1.2767317,1.3284773,10.807868,273.8455,0.0,-30.0,0.0,9.287064e-07,9.287064e-07,2.2651061e-08,5.1945113e-07,1,1.2193362,0.17394017,1674327.5,2194233.2,587250.3,783000.4,0.75,0.76305807
ref,805,3,3,7,5,4.9143643,1.2767317,1.3284773,11.929632,273.8455,0.0,-30.0,0.0,6.912449e-07,6.912449e-07,2.2010562e-08,4.0726292e-07,1,1.260992,0.2069745,1674327.5,2194233.2,587250.3,783000.4,0.75,0.76305807
ref,806,3,4,1,5,4.9143643,1.2767317,1.5353351,7.645489,273.8455,0.0,-30.0,0.0,8.413914e-07,8.413914e-07,2.3264342e-08,4.978436e-07,1,1.073455,0.05825202,1674327.5,2194233.2,587250.3,783000.4,0.75,0.76305807
ref,807,3,4,2,5,4.9143643,1.2767317,1.5353351,8.420766,273.8455,0.0,-30.0,0.0,8.870513e-07,8.870513e-07,1.8810477e-08,5.14857e-07,1,1.0835466,0.066254996,1674327.5,2194233.2,587250.3,783000.4,0.75,0.76305807
ref,808,3,4,3,5,4.9143643,1.2767317,1.5353351,9.051391,273.8455,0.0,-30.0,0.0,7.8579e-07,7.8579e-07,2.2659057e-08,4.5679087e-07,1,1.1008762,0.07999784,1674327.5,2194233.2,587250.3,783000.4,0.75,0.76305807
ref,809,3,4,4,5,4.9143643,1.2767317,1.5353351,9.655982,273.8455,0.0,-30.0,0.0,1.0034631e-06,1.0034631e-06,2.1190479e-08,5.584873e-07,1,1.1188006,0.094212495,1674327.5,2194233.2,587250.3,783000.4,0.75,0.76305807
ref,810,3,4,5,5,4.9143643,1.2767317,1.5353351,10.300895,273.8455,0.0,-30.0,0.0,8.6224395e-07,8.6224395e-07,2.441692e-08,4.888647e-07,1,1.1366695,0.108383045,1674327.5,2194233.2,587250.3,783000.4,0.75,0.76305807
ref,811,3,4,6,5,4.9143643,1.2767317,1.5353351,11.072073,273.8455,0.0,-30.0,0.0,7.9631764e-07,7.9631764e-07,2.3985269e-08,4.7338972e-07,1,1.1594164,0.12642199,1674327.5,2194233.2,587250.3,783000.4,0.75,0.76305807
ref,812,3,4,7,5,4.9143643,1.2767317,1.5353351,12.194033,273.8455,0.0,-30.0,0.0,7.9026904e-07,7.9026904e-07,2.0813038e-08,4.4102725e-07,1,1.1884537,0.14944942,1674327.5,2194233.2,587250.3,783000.4,0.75,0.76305807
ref,813,3,5,1,5,4.9143643,1.2767317,1.7669977,7.906661,273.8455,0.0,-30.0,0.0,9.491856e-07,9.491856e-07,1.9944123e-08,5.3342427e-07,1,1.0508333,0.040312357,1674327.5,2194233.2,587250.3,783000.4,0.75,0.76305807
ref,814,3,5,2,5,4.9143643,1.2767317,1.7669977,8.687243,273.8455,0.0,-30.0,0.0,1.0496391e-06,1.0496391e-06,2.2505072e-08,5.791459e-07,1,1.060602,0.048059124,1674327.5,2194233.2,587250.3,783000.4,0.75,0.76305807
ref,815,3,5,3,5,4.9143643,1.2767317,1.7669977,9.320833,273.8455,0.0,-30.0,0.0,8.801217e-07,8.801217e-07,2.059047e-08,5.004363e-07,1,1.0735387,0.058318365,1674327.5,2194233.2,587250.3,783000.4,0.75,0.76305807
ref,816,3,5,4,5,4.9143643,1.2767317,1.7669977,9.927229,273.8455,0.0,-30.0,0.0,7.4814136e-07,7.4814136e-07,1.7740959e-08,4.1493377e-07,1,1.0859984,0.06819936,1674327.5,2194233.2,587250.3,783000.4,0.75,0.76305807
ref,817,3,5,5,5,4.9143643,1.2767317,1.7669977,10.57302,273.8455,0.0,-30.0,0.0,1.0808773e-06,1.0808773e-06,2.1895515e-08,5.857949e-07,1,1.0982143,0.077886835,1674327.5,2194233.2,587250.3,783000.4,0.75,0.76305807
ref,818,3,5,6,5,4.9143643,1.2767317,1.7669977,11.343906,273.8455,0.0,-30.0,0.0,8.023495e-07,8.023495e-07,2.140707e-08,4.805629e-07,1,1.1149448,0.09115469,1674327.5,2194233.2,587250.3,783000.4,0.75,0.76305807
ref,819,3,5,7,5,4.9143643,1.2767317,1.7669977,12.463043,273.8455,0.0,-30.0,0.0,8.070126e-07,8.070126e-07,2.2552708e-08,4.5600805e-07,1,1.1345106,0.10667096,1674327.5,2194233.2,587250.3,783000.4,0.75,0.76305807
ref,820,3,6,1,5,4.9143643,1.2767317,2.0580757,8.217703,273.8455,0.0,-30.0,0.0,1.1226789e-06,1.1226789e-06,1.6735209e-08,6.0901704e-07,1,1.0342072,0.027127381,1674327.5,2194233.2,587250.3,783000.4,0.75,0.76305807
ref,821,3,6,2,5,4.9143643,1.2767317,2.0580757,9.002217,273.8455,0.0,-30.0,0.0,1.1643236e-06,1.1643236e-06,2.1073669e-08,6.120617e-07,1,1.043263,0.0343088,1674327.5,2194233.2,587250.3,783000.4,0.75,0.76305807
ref,822,3,6,3,5,4.9143643,1.2767317,2.0580757,9.637345,273.8455,0.0,-30.0,0.0,1.242152e-06,1.242152e-06,2.4322661e-08,6.917195e-07,1,1.0519434,0.04119267,1674327.5,2194233.2,587250.3,783000.4,0.75,0.76305807
ref,823,3,6,4,5,4.9143643,1.2767317,2.0580757,10.243939,273.8455,0.0,-30.0,0.0,1.0879887e-06,1.0879887e-06,2.4288564e-08,6.1511827e-07,1,1.0598518,0.047464203,1674327.5,2194233.2,587250.3,783000.4,0.75,0.76305807
ref,824,3,6,5,5,4.9143643,1.2767317,2.0580757,10.888654,273.8455,0.0,-30.0,0.0,1.2278394e-06,1.2278394e-06,2.47003e-08,6.725687e-07,1,1.0687922,0.054554265,1674327.5,2194233.2,587250.3,783000.4,0.75,0.76305807
ref,825,3,6,6,5,4.9143643,1.2767317,2.0580757,11.65663,273.8455,0.0,-30.0,0.0,1.0163735e-06,1.0163735e-06,2.4107896e-08,5.829479e-07,1,1.0793674,0.06294076,1674327.5,2194233.2,587250.3,783000.4,0.75,0.76305807
ref,826,3,6,7,5,4.9143643,1.2767317,2.0580757,12.768616,273.8455,0.0,-30.0,0.0,7.345698e-07,7.345698e-07,2.1978922e-08,4.2473985e-07,1,1.0916045,0.072645135,1674327.5,2194233.2,587250.3,783000.4,0.75,0.76305807
ref,827,3,7,1,5,4.9143643,1.2767317,2.5067868,8.668053,273.8455,0.0,-30.0,0.0,1.4629678e-06,1.4629678e-06,3.0512393e-08,7.838522e-07,1,1.0217754,0.017268494,1674327.5,2194233.2,587250.3,783000.4,0.75,0.76305807
ref,828,3,7,2,5,4.9143643,1.2767317,2.5067868,9.45386,273.8455,0.0,-30.0,0.0,1.4250525e-06,1.4250525e-06,2.2212799e-08,7.5141077e-07,1,1.0278218,0.02206348,1674327.5,2194233.2,587250.3,783000.4,0.75,0.76305807
ref,829,3,7,3,5,4.9143643,1.2767317,2.5067868,10.08765,273.8455,0.0,-30.0,0.0,1.6466314e-06,1.6466314e-06,2.542565e-08,8.944506e-07,1,1.0327047,0.025935827,1674327.5,2194233.2,587250.3,783000.4,0.75,0.76305807
ref,830,3,7,4,5,4.9143643,1.2767317,2.5067868,10.691081,273.8455,0.0,-30.0,0.0,1.9929414e-06,1.9929414e-06,2.9592329e-08,1.0438355e-06,1,1.0372891,0.029571444,1674327.5,2194233.2,587250.3,783000.4,0.75,0.76305807
ref,831,3,7,5,5,4.9143643,1.2767317,2.5067868,11.330537,273.8455,0.0,-30.0,0.0,1.7058032e-06,1.7058032e-06,2.648951e-08,9.3040853e-07,1,1.0426857,0.033851042,1674327.5,2194233.2,587250.3,783000.4,0.75,0.76305807
ref,832,3,7,6,5,4.9143643,1.2767317,2.5067868,12.089865,273.8455,0.0,-30.0,0.0,1.5391947e-06,1.5391947e-06,2.0614397e-08,8.308289e-07,1,1.0482435,0.038258575,1674327.5,2194233.2,587250.3,783000.4,0.75,0.76305807
ref,833,3,7,7,5,4.9143643,1.2767317,2.5067868,13.1850815,273.8455,0.0,-30.0,0.0,1.5472149e-06,1.5472149e-06,2.6707488e-08,8.229938e-07,1,1.0545782,0.043282103,1674327.5,2194233.2,587250.3,783000.4,0.75,0.76305807
ref,834,3,1,1,6,6.032292,0.9102597,0.8891675,6.8217683,273.8455,0.0,-30.0,0.0,5.44679e-07,5.44679e-07,8.013696e-08,3.6276015e-07,1,1.6188241,0.49074608,3080753.8,4037377.8,890119.5,1186826.0,0.75,0.76305807
ref,835,3,1,2,6,6.032292,0.9102597,0.8891675,7.5672855,273.8455,0.0,-30.0,0.0,7.205782e-07,7.205782e-07,8.957038e-08,4.6951038e-07,1,1.6595567,0.5230483,3080753.8,4037377.8,890119.5,1186826.0,0.75,0.76305807
ref,836,3,1,3,6,6.032292,0.9102597,0.8891675,8.177478,273.8455,0.0,-30.0,0.0,8.396806e-07,8.396806e-07,8.996571e-08,5.3464885e-07,1,1.6852711,0.5434406,3080753.8,4037377.8,890119.5,1186826.0,0.75,0.76305807
ref,837,3,1,4,6,6.032292,0.9102597,0.8891675,8.765438,273.8455,0.0,-30.0,0.0,7.9064927e-07,7.9064927e-07,8.4572164e-08,5.227327e-07,1,1.7387164,0.58582425,3080753.8,4037377.8,890119.5,1186826.0,0.75,0.76305807
ref,838,3,1,5,6,6.032292,0.9102597,0.8891675,9.395609,273.8455,0.0,-30.0,0.0,8.725206e-07,8.725206e-07,8.901719e-08,5.7795484e-07,1,1.7990961,0.63370717,3080753.8,4037377.8,890119.5,1186826.0,0.75,0.76305807
ref,839,3,1,6,6,6.032292,0.9102597,0.8891675,10.152984,273.8455,0.0,-30.0,0.0,8.5832124e-07,8.5832124e-07,9.5452435e-08,5.613432e-07,1,1.8553479,0.67831653,3080753.8,4037377.8,890119.5,1186826.0,0.75,0.76305807
ref,840,3,1,7,6,6.032292,0.9102597,0.8891675,11.26187,273.8455,0.0,-30.0,0.0,9.3968885e-07,9.3968885e-07,8.7069466e-08,6.2598724e-07,1,1.9199582,0.7295545,3080753.8,4037377.8,890119.5,1186826.0,0.75,0.76305807
ref,841,3,2,1,6,6.032292,0.9102597,1.1239094,7.1416383,273.8455,0.0,-30.0,0.0,6.569799e-07,6.569799e-07,7.649635e-08,4.1840195e-07,1,1.4243757,0.33654267,3080753.8,4037377.8,890119.5,1186826.0,0.75,0.76305807
ref,842,3,2,2,6,6.032292,0.9102597,1.1239094,7.9011517,273.8455,0.0,-30.0,0.0,7.1921625e-07,7.1921625e-07,7.5734455e-08,4.4930053e-07,1,1.4568189,0.36227107,3080753.8,4037377.8,890119.5,1186826.0,0.75,0.76305807
ref,843,3,2,3,6,6.032292,0.9102597,1.1239094,8.521367,273.8455,0.0,-30.0,0.0,7.798385e-07,7.798385e-07,8.0086565e-08,5.0802373e-07,1,1.4950539,0.39259258,3080753.8,4037377.8,890119.5,1186826.0,0.75,0.76305807
ref,844,3,2,4,6,6.032292,0.9102597,1.1239094,9.117864,273.8455,0.0,-30.0,0.0,9.3453303e-07,9.3453303e-07,9.067749e-08,5.771897e-07,1,1.5559013,0.44084644,3080753.8,4037377.8,890119.5,1186826.0,0.75,0.76305807
ref,845,3,2,5,6,6.032292,0.9102597,1.1239094,9.756045,273.8455,0.0,-30.0,0.0,9.308939e-07,9.308939e-07,8.097313e-08,5.52663e-07,1,1.6138067,0.48676714,3080753.8,4037377.8,890119.5,1186826.0,0.75,0.76305807
ref,846,3,2,6,6,6.032292,0.9102597,1.1239094,10.521618,273.8455,0.0,-30.0,0.0,9.790206e-07,9.790206e-07,8.179482e-08,6.295423e-07,1,1.6691413,0.5306492,3080753.8,4037377.8,890119.5,1186826.0,0.75,0.76305807
ref,847,3,2,7,6,6.032292,0.9102597,1.1239094,11.639872,273.8455,0.0,-30.0,0.0,7.366829e-07,7.366829e-07,7.6520294e-08,4.7408662e-07,1,1.7425205,0.58884096,3080753.8,4037377.8,890119.5,1186826.0,0.75,0.76305807
ref,848,3,3,1,6,6.032292,0.9102597,1.3284773,7.3996058,273.8455,0.0,-30.0,0.0,6.5863463e-07,6.5863463e-07,6.7366706e-08,4.1998535e-07,1,1.306138,0.24277665,3080753.8,4037377.8,890119.5,1186826.0,0.75,0.76305807
ref,849,3,3,2,6,6.032292,0.9102597,1.3284773,8.16812,273.8455,0.0,-30.0,0.0,6.860032e-07,6.860032e-07,7.130773e-08,4.2955116e-07,1,1.3310075,0.26249892,3080753.8,4037377.8,890119.5,1186826.0,0.75,0.76305807
ref,850,3,3,3,6,6.032292,0.9102597,1.3284773,8.794457,273.8455,0.0,-30.0,0.0,8.151066e-07,8.151066e-07,7.2208614e-08,5.0702107e-07,1,1.378195,0.29992,3080753.8,4037377.8,890119.5,1186826.0,0.75,0.76305807
ref,851,3,3,4,6,6.032292,0.9102597,1.3284773,9.395885,273.8455,0.0,-30.0,0.0,7.458723e-07,7.458723e-07,7.6047996e-08,4.6214947e-07,1,1.4307247,0.34157765,3080753.8,4037377.8,890119.5,1186826.0,0.75,0.76305807
ref,852,3,3,5,6,6.032292,0.9102597,1.3284773,10.03838,273.8455,0.0,-30.0,0.0,1.007898e-06,1.007898e-06,8.064893e-08,6.3760956e-07,1,1.4806348,0.3811578,3080753.8,4037377.8,890119.5,1186826.0,0.75,0.76305807
ref,853,3,3,6,6,6.032292,0.9102597,1.3284773,10.807868,273.8455,0.0,-30.0,0.0,8.39003e-07,8.39003e-07,8.151934e-08,5.082529e-07,1,1.5334674,0.42305565,3080753.8,4037377.8,890119.5,1186826.0,0.75,0.76305807
ref,854,3,3,7,6,6.032292,0.9102597,1.3284773,11.929632,273.8455,0.0,-30.0,0.0,8.6516974e-07,8.6516974e-07,7.500793e-08,4.9444185e-07,1,1.6003954,0.47613165,3080753.8,4037377.8,890119.5,1186826.0,0.75,0.76305807
ref,855,3,4,1,6,6.032292,0.9102597,1.5353351,7.645489,273.8455,0.0,-30.0,0.0,7.2815715e-07,7.2815715e-07,6.4747695e-08,4.4346274e-07,1,1.2234815,0.17722754,3080753.8,4037377.8,890119.5,1186826.0,0.75,0.76305807
ref,856,3,4,2,6,6.032292,0.9102597,1.5353351,8.420766,273.8455,0.0,-30.0,0.0,8.1213716e-07,8.1213716e-07,7.0143024e-08,4.833233e-07,1,1.2498481,0.19813703,3080753.8,4037377.8,890119.5,1186826.0,0.75,0.76305807
ref,857,3,4,3,6,6.032292,0.9102597,1.5353351,9.051391,273.8455,0.0,-30.0,0.0,9.622406e-07,9.622406e-07,6.9471405e-08,5.472481e-07,1,1.293086,0.23242606,3080753.8,4037377.8,890119.5,1186826.0,0.75,0.76305807
ref,858,3,4,4,6,6.032292,0.9102597,1.5353351,9.655982,273.8455,0.0,-30.0,0.0,9.0478636e-07,9.0478636e-07,7.740442e-08,5.520491e-07,1,1.335293,0.2658974,3080753.8,4037377.8,890119.5,1186826.0,0.75,0.76305807
ref,859,3,4,5,6,6.032292,0.9102597,1.5353351,10.300895,273.8455,0.0,-30.0,0.0,9.331027e-07,9.331027e-07,7.200918e-08,5.534343e-07,1,1.3750328,0.29741222,3080753.8,4037377.8,890119.5,1186826.0,0.75,0.76305807
ref,860,3,4,6,6,6.032292,0.9102597,1.5353351,11.072073,273.8455,0.0,-30.0,0.0,1.0540846e-06,1.0540846e-06,6.744434e-08,6.07658e-07,1,1.4225423,0.3350887,3080753.8,4037377.8,890119.5,1186826.0,0.75,0.76305807
ref,861,3,4,7,6,6.032292,0.9102597,1.5353351,12.194033,273.8455,0.0,-30.0,0.0,9.354379e-07,9.354379e-07,7.607449e-08,5.835033e-07,1,1.4786806,0.37960806,3080753.8,4037377.8,890119.5,1186826.0,0.75,0.76305807
ref,862,3,5,1,6,6.032292,0.9102597,1.7669977,7.906661,273.8455,0.0,-30.0,0.0,8.415975e-07,8.415975e-07,6.938871e-08,4.840682e-07,1,1.1609175,0.12761243,3080753.8,4037377.8,890119.5,1186826.0,0.75,0.76305807
ref,863,3,5,2,6,6.032292,0.9102597,1.7669977,8.687243,273.8455,0.0,-30.0,0.0,1.1408193e-06,1.1408193e-06,6.7177545e-08,6.3107194e-07,1,1.1885449,0.14952172,3080753.8,4037377.8,890119.5,1186826.0,0.75,0.76305807
ref,864,3,5,3,6,6.032292,0.9102597,1.7669977,9.320833,273.8455,0.0,-30.0,0.0,1.0022403e-06,1.0022403e-06,6.483825e-08,5.578035e-07,1,1.2237039,0.17740387,3080753.8,4037377.8,890119.5,1186826.0,0.75,0.76305807
ref,865,3,5,4,6,6.032292,0.9102597,1.7669977,9.927229,273.8455,0.0,-30.0,0.0,9.5246764e-07,9.5246764e-07,7.30093e-08,5.666637e-07,1,1.2561188,0.20310983,3080753.8,4037377.8,890119.5,1186826.0,0.75,0.76305807
ref,866,3,5,5,6,6.032292,0.9102597,1.7669977,10.57302,273.8455,0.0,-30.0,0.0,9.3118473e-07,9.3118473e-07,7.006958e-08,5.449385e-07,1,1.2866051,0.22728646,3080753.8,4037377.8,890119.5,1186826.0,0.75,0.76305807
ref,867,3,5,6,6,6.032292,0.9102597,1.7669977,11.343906,273.8455,0.0,-30.0,0.0,9.374572e-07,9.374572e-07,6.9021276e-08,5.3432416e-07,1,1.3264186,0.25885978,3080753.8,4037377.8,890119.5,1186826.0,0.75,0.76305807
ref,868,3,5,7,6,6.032292,0.9102597,1.7669977,12.463043,273.8455,0.0,-30.0,0.0,8.317938e-07,8.317938e-07,7.245925e-08,5.067444e-07,1,1.3703488,0.29369769,3080753.8,4037377.8,890119.5,1186826.0,0.75,0.76305807
ref,869,3,6,1,6,6.032292,0.9102597,2.0580757,8.217703,273.8455,0.0,-30.0,0.0,1.3929789e-06,1.3929789e-06,6.354506e-08,7.672004e-07,1,1.1116067,0.08850752,3080753.8,4037377.8,890119.5,1186826.0,0.75,0.76305807
ref,870,3,6,2,6,6.032292,0.9102597,2.0580757,9.002217,273.8455,0.0,-30.0,0.0,9.564823e-07,9.564823e-07,6.7884166e-08,5.3842456e-07,1,1.1388335,0.11009917,3080753.8,4037377.8,890119.5,1186826.0,0.75,0.76305807
ref,871,3,6,3,6,6.032292,0.9102597,2.0580757,9.637345,273.8455,0.0,-30.0,0.0,1.1048401e-06,1.1048401e-06,6.737969e-08,6.138164e-07,1,1.1641055,0.1301406,3080753.8,4037377.8,890119.5,1186826.0,0.75,0.76305807
ref,872,3,6,4,6,6.032292,0.9102597,2.0580757,10.243939,273.8455,0.0,-30.0,0.0,1.0840245e-06,1.0840245e-06,7.167125e-08,6.4183155e-07,1,1.1864569,0.14786589,3080753.8,4037377.8,890119.5,1186826.0,0.75,0.76305807
ref,873,3,6,5,6,6.032292,0.9102597,2.0580757,10.888654,273.8455,0.0,-30.0,0.0,1.2450599e-06,1.2450599e-06,6.647841e-08,6.925519e-07,1,1.2109872,0.16731922,3080753.8,4037377.8,890119.5,1186826.0,0.75,0.76305807
ref,874,3,6,6,6,6.032292,0.9102597,2.0580757,11.65663,273.8455,0.0,-30.0,0.0,9.453943e-07,9.453943e-07,6.707593e-08,5.573635e-07,1,1.239039,0.18956505,3080753.8,4037377.8,890119.5,1186826.0,0.75,0.76305807
ref,875,3,6,7,6,6.032292,0.9102597,2.0580757,12.768616,273.8455,0.0,-30.0,0.0,8.284773e-07,8.284773e-07,6.524988e-08,4.7234565e-07,1,1.2702638,0.21432728,3080753.8,4037377.8,890119.5,1186826.0,0.75,0.76305807
ref,876,3,7,1,6,6.032292,0.9102597,2.5067868,8.668053,273.8455,0.0,-30.0,0.0,1.3322684e-06,1.3322684e-06,7.04305e-08,7.196859e-07,1,1.0727129,0.05766347,3080753.8,4037377.8,890119.5,1186826.0,0.75,0.76305807
ref,877,3,7,2,6,6.032292,0.9102597,2.5067868,9.45386,273.8455,0.0,-30.0,0.0,1.5283163e-06,1.5283163e-06,7.152423e-08,8.391523e-07,1,1.0918548,0.072843626,3080753.8,4037377.8,890119.5,1186826.0,0.75,0.76305807
ref,878,3,7,3,6,6.032292,0.9102597,2.5067868,10.08765,273.8455,0.0,-30.0,0.0,1.4256971e-06,1.4256971e-06,7.46713e-08,7.7774087e-07,1,1.1070011,0.084855035,3080753.8,4037377.8,890119.5,1186826.0,0.75,0.76305807
ref,879,3,7,4,6,6.032292,0.9102597,2.5067868,10.691081,273.8455,0.0,-30.0,0.0,1.312026e-06,1.312026e-06,6.701637e-08,7.433918e-07,1,1.1209744,0.09593634,3080753.8,4037377.8,890119.5,1186826.0,0.75,0.76305807
ref,880,3,7,5,6,6.032292,0.9102597,2.5067868,11.330537,273.8455,0.0,-30.0,0.0,1.0622872e-06,1.0622872e-06,6.8664484e-08,5.9981517e-07,1,1.1371248,0.10874407,3080753.8,4037377.8,890119.5,1186826.0,0.75,0.76305807
ref,881,3,7,6,6,6.032292,0.9102597,2.5067868,12.089865,273.8455,0.0,-30.0,0.0,1.0760621e-06,1.0760621e-06,7.29151e-08,6.370714e-07,1,1.1534303,0.12167489,3080753.8,4037377.8,890119.5,1186826.0,0.75,0.76305807
ref,882,3,7,7,6,6.032292,0.9102597,2.5067868,13.1850815,273.8455,0.0,-30.0,0.0,1.2263655e-06,1.2263655e-06,6.398754e-08,7.0741055e-07,1,1.1716219,0.13610135,3080753.8,4037377.8,890119.5,1186826.0,0.75,0.76305807
ref,883,4,1,1,1,6.0476427,1.2456557,0.96564835,6.929294,307.22784,0.0,-30.0,0.0,1.8552971e-06,1.8552971e-06,1.7177759e-07,1.2015216e-06,1,1.5531532,0.43866703,3108048.5,4073148.2,894984.25,1193312.4,0.75,0.76305807
ref,884,4,1,2,1,6.0476427,1.2456557,0.96564835,7.679887,307.22784,0.0,-30.0,0.0,2.2222105e-06,2.2222105e-06,1.7092047e-07,1.4108932e-06,1,1.5917677,0.46928948,3108048.5,4073148.2,894984.25,1193312.4,0.75,0.76305807
ref,885,4,1,3,1,6.0476427,1.2456557,0.96564835,8.293744,307.22784,0.0,-30.0,0.0,2.445629e-06,2.445629e-06,1.7833925e-07,1.5728012e-06,1,1.6228436,0.49393374,3108048.5,4073148.2,894984.25,1193312.4,0.75,0.76305807
ref,886,4,1,4,1,6.0476427,1.2456557,0.96564835,8.884882,307.22784,0.0,-30.0,0.0,2.374057e-06,2.374057e-06,1.7875661e-07,1.4971497e-06,1,1.6799904,0.5392528,3108048.5,4073148.2,894984.25,1193312.4,0.75,0.76305807
ref,887,4,1,5,1,6.0476427,1.2456557,0.96564835,9.518091,307.22784,0.0,-30.0,0.0,2.389893e-06,2.389893e-06,1.8031766e-07,1.5504962e-06,1,1.7406944,0.58739287,3108048.5,4073148.2,894984.25,1193312.4,0.75,0.76305807
ref,888,4,1,6,1,6.0476427,1.2456557,0.96564835,10.278642,307.22784,0.0,-30.0,0.0,2.7691851e-06,2.7691851e-06,1.7811085e-07,1.7871886e-06,1,1.7975508,0.6324817,3108048.5,4073148.2,894984.25,1193312.4,0.75,0.76305807
ref,889,4,1,7,1,6.0476427,1.2456557,0.96564835,11.39132,307.22784,0.0,-30.0,0.0,2.7051694e-06,2.7051694e-06,1.8529907e-07,1.7251315e-06,1,1.8663093,0.6870093,3108048.5,4073148.2,894984.25,1193312.4,0.75,0.76305807
ref,890,4,2,1,1,6.0476427,1.2456557,1.2150743,7.2586846,307.22784,0.0,-30.0,0.0,1.8347137e-06,1.8347137e-06,1.4839362e-07,1.1818773e-06,1,1.3706702,0.29395255,3108048.5,4073148.2,894984.25,1193312.4,0.75,0.76305807
ref,891,4,2,2,1,6.0476427,1.2456557,1.2150743,8.022497,307.22784,0.0,-30.0,0.0,2.1529522e-06,2.1529522e-06,1.5273645e-07,1.3342984e-06,1,1.3995421,0.31684884,3108048.5,4073148.2,894984.25,1193312.4,0.75,0.76305807
ref,892,4,2,3,1,6.0476427,1.2456557,1.2150743,8.645702,307.22784,0.0,-30.0,0.0,2.3344505e-06,2.3344505e-06,1.595399e-07,1.4810104e-06,1,1.4433359,0.35157865,3108048.5,4073148.2,894984.25,1193312.4,0.75,0.76305807
ref,893,4,2,4,1,6.0476427,1.2456557,1.2150743,9.244645,307.22784,0.0,-30.0,0.0,2.3338944e-06,2.3338944e-06,1.5818468e-07,1.4610207e-06,1,1.5010288,0.3973309,3108048.5,4073148.2,894984.25,1193312.4,0.75,0.76305807
ref,894,4,2,5,1,6.0476427,1.2456557,1.2150743,9.885006,307.22784,0.0,-30.0,0.0,2.5183729e-06,2.5183729e-06,1.6553749e-07,1.5930273e-06,1,1.555938,0.44087553,3108048.5,4073148.2,894984.25,1193312.4,0.75,0.76305807
ref,895,4,2,6,1,6.0476427,1.2456557,1.2150743,10.6526575,307.22784,0.0,-30.0,0.0,2.4904937e-06,2.4904937e-06,1.3823491e-07,1.5490346e-06,1,1.6103939,0.48406067,3108048.5,4073148.2,894984.25,1193312.4,0.75,0.76305807
ref,896,4,2,7,1,6.0476427,1.2456557,1.2150743,11.772913,307.22784,0.0,-30.0,0.0,2.2801096e-06,2.2801096e-06,1.4984185e-07,1.4357306e-06,1,1.6820014,0.5408476,3108048.5,4073148.2,894984.25,1193312.4,0.75,0.76305807
ref,897,4,3,1,1,6.0476427,1.2456557,1.4316124,7.523866,307.22784,0.0,-30.0,0.0,1.7134267e-06,1.7134267e-06,1.2563015e-07,1.0822314e-06,1,1.2644645,0.2097283,3108048.5,4073148.2,894984.25,1193312.4,0.75,0.76305807
ref,898,4,3,2,1,6.0476427,1.2456557,1.4316124,8.296016,307.22784,0.0,-30.0,0.0,2.2204974e-06,2.2204974e-06,1.411544e-07,1.4010773e-06,1,1.290786,0.230602,3108048.5,4073148.2,894984.25,1193312.4,0.75,0.76305807
ref,899,4,3,3,1,6.0476427,1.2456557,1.4316124,8.9247055,307.22784,0.0,-30.0,0.0,2.1734982e-06,2.1734982e-06,1.5599191e-07,1.3992526e-06,1,1.3365759,0.26691478,3108048.5,4073148.2,894984.25,1193312.4,0.75,0.76305807
ref,900,4,3,4,1,6.0476427,1.2456557,1.4316124,9.527912,307.22784,0.0,-30.0,0.0,2.2999043e-06,2.2999043e-06,1.5235803e-07,1.4398611e-06,1,1.3841618,0.30465183,3108048.5,4073148.2,894984.25,1193312.4,0.75,0.76305807
ref,901,4,3,5,1,6.0476427,1.2456557,1.4316124,10.171834,307.22784,0.0,-30.0,0.0,2.7290869e-06,2.7290869e-06,1.5405695e-07,1.6551471e-06,1,1.4290372,0.34023938,3108048.5,4073148.2,894984.25,1193312.4,0.75,0.76305807
ref,902,4,3,6,1,6.0476427,1.2456557,1.4316124,10.942423,307.22784,0.0,-30.0,0.0,2.453857e-06,2.453857e-06,1.507695e-07,1.5329454e-06,1,1.4798295,0.38051924,3108048.5,4073148.2,894984.25,1193312.4,0.75,0.76305807
ref,903,4,3,7,1,6.0476427,1.2456557,1.4316124,12.0646515,307.22784,0.0,-30.0,0.0,2.404199e-06,2.404199e-06,1.5260234e-07,1.5320571e-06,1,1.5417585,0.42963082,3108048.5,4073148.2,894984.25,1193312.4,0.75,0.76305807
ref,904,4,4,1,1,6.0476427,1.2456557,1.6499506,7.7763867,307.22784,0.0,-30.0,0.0,1.931883e-06,1.931883e-06,1.3371486e-07,1.1840186e-06,1,1.1919867,0.15225118,3108048.5,4073148.2,894984.25,1193312.4,0.75,0.76305807
ref,905,4,4,2,1,6.0476427,1.2456557,1.6499506,8.554558,307.22784,0.0,-30.0,0.0,1.9923073e-06,1.9923073e-06,1.3118215e-07,1.239511e-06,1,1.2188828,0.17358059,3108048.5,4073148.2,894984.25,1193312.4,0.75,0.76305807
ref,906,4,4,3,1,6.0476427,1.2456557,1.6499506,9.186873,307.22784,0.0,-30.0,0.0,2.2855984e-06,2.2855984e-06,1.2566026e-07,1.4148741e-06,1,1.2592224,0.20557114,3108048.5,4073148.2,894984.25,1193312.4,0.75,0.76305807
ref,907,4,4,4,1,6.0476427,1.2456557,1.6499506,9.792567,307.22784,0.0,-30.0,0.0,2.3056868e-06,2.3056868e-06,1.443633e-07,1.4816591e-06,1,1.2966518,0.23525377,3108048.5,4073148.2,894984.25,1193312.4,0.75,0.76305807
ref,908,4,4,5,1,6.0476427,1.2456557,1.6499506,10.438129,307.22784,0.0,-30.0,0.0,2.2908696e-06,2.2908696e-06,1.4440022e-07,1.4062542e-06,1,1.3317875,0.26311743,3108048.5,4073148.2,894984.25,1193312.4,0.75,0.76305807
ref,909,4,4,6,1,6.0476427,1.2456557,1.6499506,11.209396,307.22784,0.0,-30.0,0.0,2.2650026e-06,2.2650026e-06,1.4076498e-07,1.4222928e-06,1,1.3758838,0.29808712,3108048.5,4073148.2,894984.25,1193312.4,0.75,0.76305807
ref,910,4,4,7,1,6.0476427,1.2456557,1.6499506,12.33035,307.22784,0.0,-30.0,0.0,2.2858744e-06,2.2858744e-06,1.373042e-07,1.4223378e-06,1,1.4261355,0.33793828,3108048.5,4073148.2,894984.25,1193312.4,0.75,0.76305807
ref,911,4,5,1,1,6.0476427,1.2456557,1.8938148,8.044281,307.22784,0.0,-30.0,0.0,2.2664096e-06,2.2664096e-06,1.44799e-07,1.4284907e-06,1,1.1379294,0.1093822,3108048.5,4073148.2,894984.25,1193312.4,0.75,0.76305807
ref,912,4,5,2,1,6.0476427,1.2456557,1.8938148,8.826912,307.22784,0.0,-30.0,0.0,2.583562e-06,2.583562e-06,1.366265e-07,1.5521061e-06,1,1.1664342,0.13198729,3108048.5,4073148.2,894984.25,1193312.4,0.75,0.76305807
ref,913,4,5,3,1,6.0476427,1.2456557,1.8938148,9.461456,307.22784,0.0,-30.0,0.0,2.4902279e-06,2.4902279e-06,1.3283079e-07,1.4866503e-06,1,1.197431,0.15656866,3108048.5,4073148.2,894984.25,1193312.4,0.75,0.76305807
ref,914,4,5,4,1,6.0476427,1.2456557,1.8938148,10.068198,307.22784,0.0,-30.0,0.0,2.0846755e-06,2.0846755e-06,1.2865364e-07,1.3066982e-06,1,1.2253649,0.17872113,3108048.5,4073148.2,894984.25,1193312.4,0.75,0.76305807
ref,915,4,5,5,1,6.0476427,1.2456557,1.8938148,10.713785,307.22784,0.0,-30.0,0.0,2.268826e-06,2.268826e-06,1.3024886e-07,1.3653399e-06,1,1.2534523,0.20099533,3108048.5,4073148.2,894984.25,1193312.4,0.75,0.76305807
ref,916,4,5,6,1,6.0476427,1.2456557,1.8938148,11.483697,307.22784,0.0,-30.0,0.0,2.4241376e-06,2.4241376e-06,1.4960129e-07,1.5365075e-06,1,1.288008,0.22839893,3108048.5,4073148.2,894984.25,1193312.4,0.75,0.76305807
ref,917,4,5,7,1,6.0476427,1.2456557,1.8938148,12.600162,307.22784,0.0,-30.0,0.0,2.1143246e-06,2.1143246e-06,1.3247812e-07,1.3204082e-06,1,1.3262906,0.25875825,3108048.5,4073148.2,894984.25,1193312.4,0.75,0.76305807
ref,918,4,6,1,1,6.0476427,1.2456557,2.1993897,8.362967,307.22784,0.0,-30.0,0.0,2.3901594e-06,2.3901594e-06,1.4712187e-07,1.4831289e-06,1,1.0978872,0.077627465,3108048.5,4073148.2,894984.25,1193312.4,0.75,0.76305807
ref,919,4,6,2,1,6.0476427,1.2456557,2.1993897,9.148455,307.22784,0.0,-30.0,0.0,2.1636736e-06,2.1636736e-06,1.1427024e-07,1.3220613e-06,1,1.1228766,0.097444884,3108048.5,4073148.2,894984.25,1193312.4,0.75,0.76305807
ref,920,4,6,3,1,6.0476427,1.2456557,2.1993897,9.783595,307.22784,0.0,-30.0,0.0,2.5603904e-06,2.5603904e-06,1.222277e-07,1.5277782e-06,1,1.144648,0.114710175,3108048.5,4073148.2,894984.25,1193312.4,0.75,0.76305807
ref,921,4,6,4,1,6.0476427,1.2456557,2.1993897,10.389595,307.22784,0.0,-30.0,0.0,2.6368173e-06,2.6368173e-06,1.5309215e-07,1.6276106e-06,1,1.163728,0.12984118,3108048.5,4073148.2,894984.25,1193312.4,0.75,0.76305807
ref,922,4,6,5,1,6.0476427,1.2456557,2.1993897,11.033074,307.22784,0.0,-30.0,0.0,2.3455577e-06,2.3455577e-06,1.338371e-07,1.4709158e-06,1,1.1858026,0.14734703,3108048.5,4073148.2,894984.25,1193312.4,0.75,0.76305807
ref,923,4,6,6,1,6.0476427,1.2456557,2.1993897,11.798793,307.22784,0.0,-30.0,0.0,2.367204e-06,2.367204e-06,1.3162197e-07,1.4159351e-06,1,1.2096845,0.1662861,3108048.5,4073148.2,894984.25,1193312.4,0.75,0.76305807
ref,924,4,6,7,1,6.0476427,1.2456557,2.1993897,12.906163,307.22784,0.0,-30.0,0.0,2.4099568e-06,2.4099568e-06,1.3695445e-07,1.4475073e-06,1,1.2362956,0.18738946,3108048.5,4073148.2,894984.25,1193312.4,0.75,0.76305807
ref,925,4,7,1,1,6.0476427,1.2456557,2.6688726,8.823564,307.22784,0.0,-30.0,0.0,2.5511406e-06,2.5511406e-06,1.339242e-07,1.4696213e-06,1,1.0649058,0.05147218,3108048.5,4073148.2,894984.25,1193312.4,0.75,0.76305807
ref,926,4,7,2,1,6.0476427,1.2456557,2.6688726,9.60874,307.22784,0.0,-30.0,0.0,3.228567e-06,3.228567e-06,1.3315336e-07,1.8866317e-06,1,1.0815988,0.06471023,3108048.5,4073148.2,894984.25,1193312.4,0.75,0.76305807
ref,927,4,7,3,1,6.0476427,1.2456557,2.6688726,10.241146,307.22784,0.0,-30.0,0.0,2.6811604e-06,2.6811604e-06,1.3006867e-07,1.5697526e-06,1,1.094306,0.07478749,3108048.5,4073148.2,894984.25,1193312.4,0.75,0.76305807
ref,928,4,7,4,1,6.0476427,1.2456557,2.6688726,10.842606,307.22784,0.0,-30.0,0.0,2.8772474e-06,2.8772474e-06,1.3360925e-07,1.6995762e-06,1,1.1069515,0.084815726,3108048.5,4073148.2,894984.25,1193312.4,0.75,0.76305807
ref,929,4,7,5,1,6.0476427,1.2456557,2.6688726,11.479319,307.22784,0.0,-30.0,0.0,3.1164413e-06,3.1164413e-06,1.455552e-07,1.8148351e-06,1,1.1205219,0.0955775,3108048.5,4073148.2,894984.25,1193312.4,0.75,0.76305807
ref,930,4,7,6,1,6.0476427,1.2456557,2.6688726,12.234579,307.22784,0.0,-30.0,0.0,2.3767238e-06,2.3767238e-06,1.5116579e-07,1.4458348e-06,1,1.1341726,0.106402874,3108048.5,4073148.2,894984.25,1193312.4,0.75,0.76305807
ref,931,4,7,7,1,6.0476427,1.2456557,2.6688726,13.322455,307.22784,0.0,-30.0,0.0,3.1288132e-06,3.1288132e-06,1.3442553e-07,1.8345814e-06,1,1.1493882,0.11846932,3108048.5,4073148.2,894984.25,1193312.4,0.75,0.76305807
ref,932,4,1,1,2,6.629642,1.4916534,0.96564835,6.929294,307.22784,0.0,-30.0,0.0,2.8431184e-06,2.8431184e-06,1.2500966e-07,1.7061448e-06,1,1.7291516,0.57823914,4142878.5,5429309.5,1079421.2,1439228.4,0.75,0.76305807
ref,933,4,1,2,2,6.629642,1.4916534,0.96564835,7.679887,307.22784,0.0,-30.0,0.0,3.6484614e-06,3.6484614e-06,1.2326345e-07,2.1494263e-06,1,1.7667437,0.6080507,4142878.5,5429309.5,1079421.2,1439228.4,0.75,0.76305807
ref,934,4,1,3,2,6.629642,1.4916534,0.96564835,8.293744,307.22784,0.0,-30.0,0.0,3.2694188e-06,3.2694188e-06,1.1426406e-07,1.9159384e-06,1,1.7960778,0.6313136,4142878.5,5429309.5,1079421.2,1439228.4,0.75,0.76305807
ref,935,4,1,4,2,6.629642,1.4916534,0.96564835,8.884882,307.22784,0.0,-30.0,0.0,3.902763e-06,3.902763e-06,1.1951946e-07,2.3187545e-06,1,1.8479977,0.67248756,4142878.5,5429309.5,1079421.2,1439228.4,0.75,0.76305807
ref,936,4,1,5,2,6.629642,1.4916534,0.96564835,9.518091,307.22784,0.0,-30.0,0.0,3.94723e-06,3.94723e-06,1.367769e-07,2.3367659e-06,1,1.9004548,0.71408767,4142878.5,5429309.5,1079421.2,1439228.4,0.75,0.76305807
ref,937,4,1,6,2,6.629642,1.4916534,0.96564835,10.278642,307.22784,0.0,-30.0,0.0,3.5922237e-06,3.5922237e-06,1.238591e-07,2.1325095e-06,1,1.9472479,0.7511959,4142878.5,5429309.5,1079421.2,1439228.4,0.75,0.76305807
ref,938,4,1,7,2,6.629642,1.4916534,0.96564835,11.39132,307.22784,0.0,-30.0,0.0,3.7742552e-06,3.7742552e-06,1.4406434e-07,2.2923468e-06,1,2.0010355,0.7938511,4142878.5,5429309.5,1079421.2,1439228.4,0.75,0.76305807
ref,939,4,2,1,2,6.629642,1.4916534,1.2150743,7.2586846,307.22784,0.0,-30.0,0.0,3.0116005e-06,3.0116005e-06,1.0103135e-07,1.7200239e-06,1,1.5322677,0.4221042,4142878.5,5429309.5,1079421.2,1439228.4,0.75,0.76305807
ref,940,4,2,2,2,6.629642,1.4916534,1.2150743,8.022497,307.22784,0.0,-30.0,0.0,3.058486e-06,3.058486e-06,1.0401813e-07,1.8291304e-06,1,1.5657284,0.44863963,4142878.5,5429309.5,1079421.2,1439228.4,0.75,0.76305807
ref,941,4,2,3,2,6.629642,1.4916534,1.2150743,8.645702,307.22784,0.0,-30.0,0.0,3.2347796e-06,3.2347796e-06,1.2792499e-07,1.931965e-06,1,1.614739,0.48750648,4142878.5,5429309.5,1079421.2,1439228.4,0.75,0.76305807
ref,942,4,2,4,2,6.629642,1.4916534,1.2150743,9.244645,307.22784,0.0,-30.0,0.0,3.3523004e-06,3.3523004e-06,1.08356666e-07,1.9994088e-06,1,1.6762882,0.5363169,4142878.5,5429309.5,1079421.2,1439228.4,0.75,0.76305807
ref,943,4,2,5,2,6.629642,1.4916534,1.2150743,9.885006,307.22784,0.0,-30.0,0.0,3.4726982e-06,3.4726982e-06,1.1930715e-07,2.0499065e-06,1,1.7319064,0.5804237,4142878.5,5429309.5,1079421.2,1439228.4,0.75,0.76305807
ref,944,4,2,6,2,6.629642,1.4916534,1.2150743,10.6526575,307.22784,0.0,-30.0,0.0,3.5628163e-06,3.5628163e-06,1.10299915e-07,2.0931363e-06,1,1.7844218,0.62207,4142878.5,5429309.5,1079421.2,1439228.4,0.75,0.76305807
ref,945,4,2,7,2,6.629642,1.4916534,1.2150743,11.772913,307.22784,0.0,-30.0,0.0,3.6562772e-06,3.6562772e-06,1.2059098e-07,2.17068e-06,1,1.8497788,0.67390007,4142878.5,5429309.5,1079421.2,1439228.4,0.75,0.76305807
ref,946,4,3,1,2,6.629642,1.4916534,1.4316124,7.523866,307.22784,0.0,-30.0,0.0,2.6454943e-06,2.6454943e-06,9.811127e-08,1.6006569e-06,1,1.4005936,0.3176828,4142878.5,5429309.5,1079421.2,1439228.4,0.75,0.76305807
ref,947,4,3,2,2,6.629642,1.4916534,1.4316124,8.296016,307.22784,0.0,-30.0,0.0,2.6835146e-06,2.6835146e-06,1.03963416e-07,1.6206285e-06,1,1.4345555,0.34461558,4142878.5,5429309.5,1079421.2,1439228.4,0.75,0.76305807
ref,948,4,3,3,2,6.629642,1.4916534,1.4316124,8.9247055,307.22784,0.0,-30.0,0.0,3.3426827e-06,3.3426827e-06,1.1826042e-07,1.954333e-06,1,1.4915154,0.38978648,4142878.5,5429309.5,1079421.2,1439228.4,0.75,0.76305807
ref,949,4,3,4,2,6.629642,1.4916534,1.4316124,9.527912,307.22784,0.0,-30.0,0.0,3.6708477e-06,3.6708477e-06,1.0470028e-07,2.1379306e-06,1,1.5480206,0.4345968,4142878.5,5429309.5,1079421.2,1439228.4,0.75,0.76305807
ref,950,4,3,5,2,6.629642,1.4916534,1.4316124,10.171834,307.22784,0.0,-30.0,0.0,3.4977784e-06,3.4977784e-06,1.2185565e-07,2.0447897e-06,1,1.5989617,0.47499463,4142878.5,5429309.5,1079421.2,1439228.4,0.75,0.76305807
ref,951,4,3,6,2,6.629642,1.4916534,1.4316124,10.942423,307.22784,0.0,-30.0,0.0,3.546694e-06,3.546694e-06,9.987134e-08,2.0207212e-06,1,1.6540556,0.51868576,4142878.5,5429309.5,1079421.2,1439228.4,0.75,0.76305807
ref,952,4,3,7,2,6.629642,1.4916534,1.4316124,12.0646515,307.22784,0.0,-30.0,0.0,3.4211132e-06,3.4211132e-06,1.0598133e-07,2.0279713e-06,1,1.7178082,0.56924343,4142878.5,5429309.5,1079421.2,1439228.4,0.75,0.76305807
ref,953,4,4,1,2,6.629642,1.4916534,1.6499506,7.7763867,307.22784,0.0,-30.0,0.0,2.9509733e-06,2.9509733e-06,1.045341e-07,1.7653523e-06,1,1.3021194,0.23958974,4142878.5,5429309.5,1079421.2,1439228.4,0.75,0.76305807
ref,954,4,4,2,2,6.629642,1.4916534,1.6499506,8.554558,307.22784,0.0,-30.0,0.0,3.2479322e-06,3.2479322e-06,1.0463057e-07,1.8806638e-06,1,1.3395437,0.26926836,4142878.5,5429309.5,1079421.2,1439228.4,0.75,0.76305807
ref,955,4,4,3,2,6.629642,1.4916534,1.6499506,9.186873,307.22784,0.0,-30.0,0.0,3.100331e-06,3.100331e-06,1.12175755e-07,1.7985901e-06,1,1.3937193,0.31223124,4142878.5,5429309.5,1079421.2,1439228.4,0.75,0.76305807
ref,956,4,4,4,2,6.629642,1.4916534,1.6499506,9.792567,307.22784,0.0,-30.0,0.0,3.3173726e-06,3.3173726e-06,9.700703e-08,1.9574768e-06,1,1.4420003,0.35051948,4142878.5,5429309.5,1079421.2,1439228.4,0.75,0.76305807
ref,957,4,4,5,2,6.629642,1.4916534,1.6499506,10.438129,307.22784,0.0,-30.0,0.0,3.551065e-06,3.551065e-06,1.1185098e-07,2.0494767e-06,1,1.4856808,0.38515946,4142878.5,5429309.5,1079421.2,1439228.4,0.75,0.76305807
ref,958,4,4,6,2,6.629642,1.4916534,1.6499506,11.209396,307.22784,0.0,-30.0,0.0,3.7589637e-06,3.7589637e-06,9.507474e-08,2.0847456e-06,1,1.5383798,0.4269513,4142878.5,5429309.5,1079421.2,1439228.4,0.75,0.76305807
ref,959,4,4,7,2,6.629642,1.4916534,1.6499506,12.33035,307.22784,0.0,-30.0,0.0,3.9988868e-06,3.9988868e-06,9.78115e-08,2.2883187e-06,1,1.5957338,0.47243476,4142878.5,5429309.5,1079421.2,1439228.4,0.75,0.76305807
ref,960,4,5,1,2,6.629642,1.4916534,1.8938148,8.044281,307.22784,0.0,-30.0,0.0,2.737039e-06,2.737039e-06,9.464169e-08,1.6260433e-06,1,1.2235368,0.17727138,4142878.5,5429309.5,1079421.2,1439228.4,0.75,0.76305807
ref,961,4,5,2,2,6.629642,1.4916534,1.8938148,8.826912,307.22784,0.0,-30.0,0.0,3.111018e-06,3.111018e-06,1.0429447e-07,1.8307476e-06,1,1.26555,0.21058913,4142878.5,5429309.5,1079421.2,1439228.4,0.75,0.76305807
ref,962,4,5,3,2,6.629642,1.4916534,1.8938148,9.461456,307.22784,0.0,-30.0,0.0,3.065369e-06,3.065369e-06,9.043888e-08,1.7991861e-06,1,1.3097818,0.24566622,4142878.5,5429309.5,1079421.2,1439228.4,0.75,0.76305807
ref,963,4,5,4,2,6.629642,1.4916534,1.8938148,10.068198,307.22784,0.0,-30.0,0.0,3.237316e-06,3.237316e-06,1.07964446e-07,1.9102408e-06,1,1.3484045,0.27629527,4142878.5,5429309.5,1079421.2,1439228.4,0.75,0.76305807
ref,964,4,5,5,2,6.629642,1.4916534,1.8938148,10.713785,307.22784,0.0,-30.0,0.0,3.570469e-06,3.570469e-06,1.1057734e-07,2.068022e-06,1,1.3861094,0.30619633,4142878.5,5429309.5,1079421.2,1439228.4,0.75,0.76305807
ref,965,4,5,6,2,6.629642,1.4916534,1.8938148,11.483697,307.22784,0.0,-30.0,0.0,3.062398e-06,3.062398e-06,1.002034e-07,1.8193872e-06,1,1.4310142,0.3418072,4142878.5,5429309.5,1079421.2,1439228.4,0.75,0.76305807
ref,966,4,5,7,2,6.629642,1.4916534,1.8938148,12.600162,307.22784,0.0,-30.0,0.0,3.2075382e-06,3.2075382e-06,9.034652e-08,1.873044e-06,1,1.4789486,0.3798206,4142878.5,5429309.5,1079421.2,1439228.4,0.75,0.76305807
ref,967,4,6,1,2,6.629642,1.4916534,2.1993897,8.362967,307.22784,0.0,-30.0,0.0,3.279306e-06,3.279306e-06,8.436758e-08,1.8351827e-06,1,1.1622319,0.12865482,4142878.5,5429309.5,1079421.2,1439228.4,0.75,0.76305807
ref,968,4,6,2,2,6.629642,1.4916534,2.1993897,9.148455,307.22784,0.0,-30.0,0.0,3.8080357e-06,3.8080357e-06,9.3517464e-08,2.1444746e-06,1,1.2008119,0.15924986,4142878.5,5429309.5,1079421.2,1439228.4,0.75,0.76305807
ref,969,4,6,3,2,6.629642,1.4916534,2.1993897,9.783595,307.22784,0.0,-30.0,0.0,3.4118873e-06,3.4118873e-06,8.322407e-08,1.9168697e-06,1,1.233558,0.18521851,4142878.5,5429309.5,1079421.2,1439228.4,0.75,0.76305807
ref,970,4,6,4,2,6.629642,1.4916534,2.1993897,10.389595,307.22784,0.0,-30.0,0.0,3.7088323e-06,3.7088323e-06,9.540692e-08,2.0889122e-06,1,1.2616173,0.20747042,4142878.5,5429309.5,1079421.2,1439228.4,0.75,0.76305807
ref,971,4,6,5,2,6.629642,1.4916534,2.1993897,11.033074,307.22784,0.0,-30.0,0.0,3.1699906e-06,3.1699906e-06,9.2821466e-08,1.835183e-06,1,1.2933613,0.23264436,4142878.5,5429309.5,1079421.2,1439228.4,0.75,0.76305807
ref,972,4,6,6,2,6.629642,1.4916534,2.1993897,11.798793,307.22784,0.0,-30.0,0.0,3.0515378e-06,3.0515378e-06,1.0137626e-07,1.7839617e-06,1,1.3268653,0.25921398,4142878.5,5429309.5,1079421.2,1439228.4,0.75,0.76305807
ref,973,4,6,7,2,6.629642,1.4916534,2.1993897,12.906163,307.22784,0.0,-30.0,0.0,3.22461e-06,3.22461e-06,9.6309044e-08,1.8653402e-06,1,1.36321,0.28803635,4142878.5,5429309.5,1079421.2,1439228.4,0.75,0.76305807
ref,974,4,7,1,2,6.629642,1.4916534,2.6688726,8.823564,307.22784,0.0,-30.0,0.0,4.6074056e-06,4.6074056e-06,9.0944766e-08,2.5574373e-06,1,1.1096138,0.08692702,4142878.5,5429309.5,1079421.2,1439228.4,0.75,0.76305807
ref,975,4,7,2,2,6.629642,1.4916534,2.6688726,9.60874,307.22784,0.0,-30.0,0.0,4.3906907e-06,4.3906907e-06,9.0175135e-08,2.3189211e-06,1,1.136493,0.108243056,4142878.5,5429309.5,1079421.2,1439228.4,0.75,0.76305807
ref,976,4,7,3,2,6.629642,1.4916534,2.6688726,10.241146,307.22784,0.0,-30.0,0.0,4.907182e-06,4.907182e-06,1.0469435e-07,2.6248304e-06,1,1.1566137,0.1241994,4142878.5,5429309.5,1079421.2,1439228.4,0.75,0.76305807
ref,977,4,7,4,2,6.629642,1.4916534,2.6688726,10.842606,307.22784,0.0,-30.0,0.0,3.9003676e-06,3.9003676e-06,1.234531e-07,2.169447e-06,1,1.1763512,0.13985175,4142878.5,5429309.5,1079421.2,1439228.4,0.75,0.76305807
ref,978,4,7,5,2,6.629642,1.4916534,2.6688726,11.479319,307.22784,0.0,-30.0,0.0,3.7563184e-06,3.7563184e-06,1.0026908e-07,2.0953316e-06,1,1.1972225,0.15640332,4142878.5,5429309.5,1079421.2,1439228.4,0.75,0.76305807
ref,979,4,7,6,2,6.629642,1.4916534,2.6688726,12.234579,307.22784,0.0,-30.0,0.0,4.5356533e-06,4.5356533e-06,8.9077176e-08,2.614838e-06,1,1.2179006,0.1728017,4142878.5,5429309.5,1079421.2,1439228.4,0.75,0.76305807
ref,980,4,7,7,2,6.629642,1.4916534,2.6688726,13.322455,307.22784,0.0,-30.0,0.0,3.4478917e-06,3.4478917e-06,9.097139e-08,1.9398042e-06,1,1.240584,0.19079031,4142878.5,5429309.5,1079421.2,1439228.4,0.75,0.76305807
ref,981,4,1,1,3,6.823578,1.1172048,0.96564835,6.929294,307.22784,0.0,-30.0,0.0,1.3214134e-06,1.3214134e-06,1.4594205e-07,8.1940226e-07,1,1.77947,0.618143,4487708.0,5881214.5,1140880.1,1521173.4,0.75,0.76305807
ref,982,4,1,2,3,6.823578,1.1172048,0.96564835,7.679887,307.22784,0.0,-30.0,0.0,1.4072616e-06,1.4072616e-06,1.5494429e-07,8.926079e-07,1,1.8156773,0.6468566,4487708.0,5881214.5,1140880.1,1521173.4,0.75,0.76305807
ref,983,4,1,3,3,6.823578,1.1172048,0.96564835,8.293744,307.22784,0.0,-30.0,0.0,1.5548923e-06,1.5548923e-06,1.5472925e-07,9.688076e-07,1,1.8436879,0.6690698,4487708.0,5881214.5,1140880.1,1521173.4,0.75,0.76305807
ref,984,4,1,4,3,6.823578,1.1172048,0.96564835,8.884882,307.22784,0.0,-30.0,0.0,1.6103046e-06,1.6103046e-06,1.554586e-07,9.3526467e-07,1,1.8927501,0.70797765,4487708.0,5881214.5,1140880.1,1521173.4,0.75,0.76305807
ref,985,4,1,5,3,6.823578,1.1172048,0.96564835,9.518091,307.22784,0.0,-30.0,0.0,1.7679628e-06,1.7679628e-06,1.631574e-07,1.080716e-06,1,1.9416635,0.7467674,4487708.0,5881214.5,1140880.1,1521173.4,0.75,0.76305807
ref,986,4,1,6,3,6.823578,1.1172048,0.96564835,10.278642,307.22784,0.0,-30.0,0.0,1.6223817e-06,1.6223817e-06,1.5920756e-07,1.0021614e-06,1,1.9847488,0.78093535,4487708.0,5881214.5,1140880.1,1521173.4,0.75,0.76305807
ref,987,4,1,7,3,6.823578,1.1172048,0.96564835,11.39132,307.22784,0.0,-30.0,0.0,1.5801396e-06,1.5801396e-06,1.630075e-07,9.791052e-07,1,2.0336502,0.81971556,4487708.0,5881214.5,1140880.1,1521173.4,0.75,0.76305807
ref,988,4,2,1,3,6.823578,1.1172048,1.2150743,7.2586846,307.22784,0.0,-30.0,0.0,1.2237256e-06,1.2237256e-06,1.2603321e-07,7.5167804e-07,1,1.5839164,0.46306324,4487708.0,5881214.5,1140880.1,1521173.4,0.75,0.76305807
ref,989,4,2,2,3,6.823578,1.1172048,1.2150743,8.022497,307.22784,0.0,-30.0,0.0,1.5176919e-06,1.5176919e-06,1.3326846e-07,9.518506e-07,1,1.6178712,0.48999035,4487708.0,5881214.5,1140880.1,1521173.4,0.75,0.76305807
ref,990,4,2,3,3,6.823578,1.1172048,1.2150743,8.645702,307.22784,0.0,-30.0,0.0,1.6461377e-06,1.6461377e-06,1.4911282e-07,1.0375535e-06,1,1.6670649,0.5290024,4487708.0,5881214.5,1140880.1,1521173.4,0.75,0.76305807
ref,991,4,2,4,3,6.823578,1.1172048,1.2150743,9.244645,307.22784,0.0,-30.0,0.0,1.44951e-06,1.44951e-06,1.7902431e-07,9.28854e-07,1,1.7279518,0.5772876,4487708.0,5881214.5,1140880.1,1521173.4,0.75,0.76305807
ref,992,4,2,5,3,6.823578,1.1172048,1.2150743,9.885006,307.22784,0.0,-30.0,0.0,1.6121709e-06,1.6121709e-06,1.4223195e-07,9.80191e-07,1,1.7821351,0.62025666,4487708.0,5881214.5,1140880.1,1521173.4,0.75,0.76305807
ref,993,4,2,6,3,6.823578,1.1172048,1.2150743,10.6526575,307.22784,0.0,-30.0,0.0,1.5849012e-06,1.5849012e-06,1.4616384e-07,9.657174e-07,1,1.8325832,0.6602635,4487708.0,5881214.5,1140880.1,1521173.4,0.75,0.76305807
ref,994,4,2,7,3,6.823578,1.1172048,1.2150743,11.772913,307.22784,0.0,-30.0,0.0,1.7293053e-06,1.7293053e-06,1.4642815e-07,1.0497964e-06,1,1.8944217,0.70930326,4487708.0,5881214.5,1140880.1,1521173.4,0.75,0.76305807
ref,995,4,3,1,3,6.823578,1.1172048,1.4316124,7.523866,307.22784,0.0,-30.0,0.0,1.6399955e-06,1.6399955e-06,1.2858405e-07,9.742802e-07,1,1.4473083,0.35472894,4487708.0,5881214.5,1140880.1,1521173.4,0.75,0.76305807
ref,996,4,3,2,3,6.823578,1.1172048,1.4316124,8.296016,307.22784,0.0,-30.0,0.0,1.6014234e-06,1.6014234e-06,1.4060898e-07,9.284735e-07,1,1.4830073,0.3830393,4487708.0,5881214.5,1140880.1,1521173.4,0.75,0.76305807
ref,997,4,3,3,3,6.823578,1.1172048,1.4316124,8.9247055,307.22784,0.0,-30.0,0.0,2.07567e-06,2.07567e-06,1.4057646e-07,1.1747358e-06,1,1.5421518,0.42994264,4487708.0,5881214.5,1140880.1,1521173.4,0.75,0.76305807
ref,998,4,3,4,3,6.823578,1.1172048,1.4316124,9.527912,307.22784,0.0,-30.0,0.0,1.6259048e-06,1.6259048e-06,1.3651155e-07,9.707082e-07,1,1.5999396,0.47577006,4487708.0,5881214.5,1140880.1,1521173.4,0.75,0.76305807
ref,999,4,3,5,3,6.823578,1.1172048,1.4316124,10.171834,307.22784,0.0,-30.0,0.0,1.7909424e-06,1.7909424e-06,1.4825656e-07,1.0368872e-06,1,1.651298,0.5164989,4487708.0,5881214.5,1140880.1,1521173.4,0.75,0.76305807
ref,1000,4,3,6,3,6.823578,1.1172048,1.4316124,10.942423,307.22784,0.0,-30.0,0.0,1.8283004e-06,1.8283004e-06,1.3718325e-07,1.0771962e-06,1,1.7060717,0.55993605,4487708.0,5881214.5,1140880.1,1521173.4,0.75,0.76305807
ref,1001,4,3,7,3,6.823578,1.1172048,1.4316124,12.0646515,307.22784,0.0,-30.0,0.0,1.9914457e-06,1.9914457e-06,1.5422023e-07,1.1357344e-06,1,1.7684748,0.6094235,4487708.0,5881214.5,1140880.1,1521173.4,0.75,0.76305807
ref,1002,4,4,1,3,6.823578,1.1172048,1.6499506,7.7763867,307.22784,0.0,-30.0,0.0,1.5660123e-06,1.5660123e-06,1.1619303e-07,9.147105e-07,1,1.341914,0.27114812,4487708.0,5881214.5,1140880.1,1521173.4,0.75,0.76305807
ref,1003,4,4,2,3,6.823578,1.1172048,1.6499506,8.554558,307.22784,0.0,-30.0,0.0,1.6647825e-06,1.6647825e-06,1.2782117e-07,9.928992e-07,1,1.3823025,0.30317733,4487708.0,5881214.5,1140880.1,1521173.4,0.75,0.76305807
ref,1004,4,4,3,3,6.823578,1.1172048,1.6499506,9.186873,307.22784,0.0,-30.0,0.0,1.8082945e-06,1.8082945e-06,1.0786398e-07,9.97683e-07,1,1.4400424,0.34896678,4487708.0,5881214.5,1140880.1,1521173.4,0.75,0.76305807
ref,1005,4,4,4,3,6.823578,1.1172048,1.6499506,9.792567,307.22784,0.0,-30.0,0.0,1.8046376e-06,1.8046376e-06,1.2749791e-07,1.0856105e-06,1,1.4907892,0.38921055,4487708.0,5881214.5,1140880.1,1521173.4,0.75,0.76305807
ref,1006,4,4,5,3,6.823578,1.1172048,1.6499506,10.438129,307.22784,0.0,-30.0,0.0,2.163672e-06,2.163672e-06,1.3596677e-07,1.2297374e-06,1,1.536135,0.4251711,4487708.0,5881214.5,1140880.1,1521173.4,0.75,0.76305807
ref,1007,4,4,6,3,6.823578,1.1172048,1.6499506,11.209396,307.22784,0.0,-30.0,0.0,1.3376543e-06,1.3376543e-06,1.2319863e-07,8.0520755e-07,1,1.5901413,0.4679998,4487708.0,5881214.5,1140880.1,1521173.4,0.75,0.76305807
ref,1008,4,4,7,3,6.823578,1.1172048,1.6499506,12.33035,307.22784,0.0,-30.0,0.0,1.6292413e-06,1.6292413e-06,1.2923023e-07,9.805876e-07,1,1.6480641,0.5139344,4487708.0,5881214.5,1140880.1,1521173.4,0.75,0.76305807
ref,1009,4,5,1,3,6.823578,1.1172048,1.8938148,8.044281,307.22784,0.0,-30.0,0.0,1.9640593e-06,1.9640593e-06,1.1388832e-07,1.1209398e-06,1,1.2557414,0.20281059,4487708.0,5881214.5,1140880.1,1521173.4,0.75,0.76305807
ref,1010,4,5,2,3,6.823578,1.1172048,1.8938148,8.826912,307.22784,0.0,-30.0,0.0,1.6715444e-06,1.6715444e-06,1.1912514e-07,9.3142046e-07,1,1.3020451,0.23953085,4487708.0,5881214.5,1140880.1,1521173.4,0.75,0.76305807
ref,1011,4,5,3,3,6.823578,1.1172048,1.8938148,9.461456,307.22784,0.0,-30.0,0.0,1.9754264e-06,1.9754264e-06,1.2509298e-07,1.1207512e-06,1,1.3502171,0.27773264,4487708.0,5881214.5,1140880.1,1521173.4,0.75,0.76305807
ref,1012,4,5,4,3,6.823578,1.1172048,1.8938148,10.068198,307.22784,0.0,-30.0,0.0,1.6471575e-06,1.6471575e-06,1.2080717e-07,9.619124e-07,1,1.3918047,0.31071287,4487708.0,5881214.5,1140880.1,1521173.4,0.75,0.76305807
ref,1013,4,5,5,3,6.823578,1.1172048,1.8938148,10.713785,307.22784,0.0,-30.0,0.0,1.7114904e-06,1.7114904e-06,1.2538798e-07,1.0178238e-06,1,1.431983,0.34257552,4487708.0,5881214.5,1140880.1,1521173.4,0.75,0.76305807
ref,1014,4,5,6,3,6.823578,1.1172048,1.8938148,11.483697,307.22784,0.0,-30.0,0.0,1.5847697e-06,1.5847697e-06,1.1819208e-07,9.316063e-07,1,1.4793001,0.3800994,4487708.0,5881214.5,1140880.1,1521173.4,0.75,0.76305807
ref,1015,4,5,7,3,6.823578,1.1172048,1.8938148,12.600162,307.22784,0.0,-30.0,0.0,1.2943609e-06,1.2943609e-06,1.1342261e-07,7.8205755e-07,1,1.5291806,0.41965613,4487708.0,5881214.5,1140880.1,1521173.4,0.75,0.76305807
ref,1016,4,6,1,3,6.823578,1.1172048,2.1993897,8.362967,307.22784,0.0,-30.0,0.0,2.1292583e-06,2.1292583e-06,1.2630449e-07,1.1896775e-06,1,1.1871982,0.14845373,4487708.0,5881214.5,1140880.1,1521173.4,0.75,0.76305807
ref,1017,4,6,2,3,6.823578,1.1172048,2.1993897,9.148455,307.22784,0.0,-30.0,0.0,2.1533187e-06,2.1533187e-06,1.422057e-07,1.2321494e-06,1,1.2304698,0.18276949,4487708.0,5881214.5,1140880.1,1521173.4,0.75,0.76305807
ref,1018,4,6,3,3,6.823578,1.1172048,2.1993897,9.783595,307.22784,0.0,-30.0,0.0,2.6243317e-06,2.6243317e-06,1.0646386e-07,1.4646589e-06,1,1.266835,0.21160816,4487708.0,5881214.5,1140880.1,1521173.4,0.75,0.76305807
ref,1019,4,6,4,3,6.823578,1.1172048,2.1993897,10.389595,307.22784,0.0,-30.0,0.0,2.2677145e-06,2.2677145e-06,1.2342544e-07,1.2997932e-06,1,1.2977337,0.23611173,4487708.0,5881214.5,1140880.1,1521173.4,0.75,0.76305807
ref,1020,4,6,5,3,6.823578,1.1172048,2.1993897,11.033074,307.22784,0.0,-30.0,0.0,1.7623777e-06,1.7623777e-06,1.12069856e-07,1.0407172e-06,1,1.3324023,0.26360503,4487708.0,5881214.5,1140880.1,1521173.4,0.75,0.76305807
ref,1021,4,6,6,3,6.823578,1.1172048,2.1993897,11.798793,307.22784,0.0,-30.0,0.0,1.8841945e-06,1.8841945e-06,1.1881011e-07,1.0711611e-06,1,1.3686663,0.29236338,4487708.0,5881214.5,1140880.1,1521173.4,0.75,0.76305807
ref,1022,4,6,7,3,6.823578,1.1172048,2.1993897,12.906163,307.22784,0.0,-30.0,0.0,1.6307254e-06,1.6307254e-06,1.0414413e-07,9.641775e-07,1,1.4076306,0.32326323,4487708.0,5881214.5,1140880.1,1521173.4,0.75,0.76305807
ref,1023,4,7,1,3,6.823578,1.1172048,2.6688726,8.823564,307.22784,0.0,-30.0,0.0,2.778065e-06,2.778065e-06,1.3435069e-07,1.4890437e-06,1,1.1274215,0.101049066,4487708.0,5881214.5,1140880.1,1521173.4,0.75,0.76305807
ref,1024,4,7,2,3,6.823578,1.1172048,2.6688726,9.60874,307.22784,0.0,-30.0,0.0,3.4026723e-06,3.4026723e-06,1.2841943e-07,1.8355307e-06,1,1.158068,0.12535267,4487708.0,5881214.5,1140880.1,1521173.4,0.75,0.76305807
ref,1025,4,7,3,3,6.823578,1.1172048,2.6688726,10.241146,307.22784,0.0,-30.0,0.0,2.6869207e-06,2.6869207e-06,1.278621e-07,1.4100539e-06,1,1.1808577,0.14342552,4487708.0,5881214.5,1140880.1,1521173.4,0.75,0.76305807
ref,1026,4,7,4,3,6.823578,1.1172048,2.6688726,10.842606,307.22784,0.0,-30.0,0.0,2.104008e-06,2.104008e-06,1.2764667e-07,1.1352108e-06,1,1.2030885,0.16105528,4487708.0,5881214.5,1140880.1,1521173.4,0.75,0.76305807
ref,1027,4,7,5,3,6.823578,1.1172048,2.6688726,11.479319,307.22784,0.0,-30.0,0.0,1.8307367e-06,1.8307367e-06,1.1588347e-07,1.0424269e-06,1,1.2264636,0.17959236,4487708.0,5881214.5,1140880.1,1521173.4,0.75,0.76305807
ref,1028,4,7,6,3,6.823578,1.1172048,2.6688726,12.234579,307.22784,0.0,-30.0,0.0,1.973429e-06,1.973429e-06,1.2332475e-07,1.089699e-06,1,1.2494885,0.1978518,4487708.0,5881214.5,1140880.1,1521173.4,0.75,0.76305807
ref,1029,4,7,7,3,6.823578,1.1172048,2.6688726,13.322455,307.22784,0.0,-30.0,0.0,1.7352212e-06,1.7352212e-06,1.0819484e-07,9.696718e-07,1,1.2745944,0.21776165,4487708.0,5881214.5,1140880.1,1521173.4,0.75,0.76305807
ref,1030,4,1,1,4,7.0595856,1.2514722,0.96564835,6.929294,307.22784,0.0,-30.0,0.0,4.2800534e-06,4.2800534e-06,3.4135167e-07,2.5803004e-06,1,1.836434,0.6633173,4941246.5,6475584.0,1218084.5,1624112.6,0.75,0.76305807
ref,1031,4,1,2,4,7.0595856,1.2514722,0.96564835,7.679887,307.22784,0.0,-30.0,0.0,4.5070915e-06,4.5070915e-06,3.5089712e-07,2.772065e-06,1,1.8705039,0.6903357,4941246.5,6475584.0,1218084.5,1624112.6,0.75,0.76305807
ref,1032,4,1,3,4,7.0595856,1.2514722,0.96564835,8.293744,307.22784,0.0,-30.0,0.0,4.8431825e-06,4.8431825e-06,3.4198194e-07,2.9697305e-06,1,1.8966064,0.7110358,4941246.5,6475584.0,1218084.5,1624112.6,0.75,0.76305807
ref,1033,4,1,4,4,7.0595856,1.2514722,0.96564835,8.884882,307.22784,0.0,-30.0,0.0,5.6287445e-06,5.6287445e-06,3.3461777e-07,3.4070233e-06,1,1.9418007,0.74687624,4941246.5,6475584.0,1218084.5,1624112.6,0.75,0.76305807
ref,1034,4,1,5,4,7.0595856,1.2514722,0.96564835,9.518091,307.22784,0.0,-30.0,0.0,5.5422643e-06,5.5422643e-06,3.6858216e-07,3.355235e-06,1,1.986204,0.78208935,4941246.5,6475584.0,1218084.5,1624112.6,0.75,0.76305807
ref,1035,4,1,6,4,7.0595856,1.2514722,0.96564835,10.278642,307.22784,0.0,-30.0,0.0,5.5877886e-06,5.5877886e-06,3.6758166e-07,3.3574966e-06,1,2.024787,0.81268686,4941246.5,6475584.0,1218084.5,1624112.6,0.75,0.76305807
ref,1036,4,1,7,4,7.0595856,1.2514722,0.96564835,11.39132,307.22784,0.0,-30.0,0.0,5.7713946e-06,5.7713946e-06,3.7913625e-07,3.453774e-06,1,2.0679896,0.84694785,4941246.5,6475584.0,1218084.5,1624112.6,0.75,0.76305807
ref,1037,4,2,1,4,7.0595856,1.2514722,1.2150743,7.2586846,307.22784,0.0,-30.0,0.0,3.8891244e-06,3.8891244e-06,3.1362276e-07,2.4364508e-06,1,1.645755,0.51210314,4941246.5,6475584.0,1218084.5,1624112.6,0.75,0.76305807
ref,1038,4,2,2,4,7.0595856,1.2514722,1.2150743,8.022497,307.22784,0.0,-30.0,0.0,4.6954215e-06,4.6954215e-06,3.0684532e-07,2.8771078e-06,1,1.6796958,0.53901917,4941246.5,6475584.0,1218084.5,1624112.6,0.75,0.76305807
ref,1039,4,2,3,4,7.0595856,1.2514722,1.2150743,8.645702,307.22784,0.0,-30.0,0.0,4.7964795e-06,4.7964795e-06,3.220719e-07,2.874895e-06,1,1.728238,0.57751465,4941246.5,6475584.0,1218084.5,1624112.6,0.75,0.76305807
ref,1040,4,2,4,4,7.0595856,1.2514722,1.2150743,9.244645,307.22784,0.0,-30.0,0.0,4.9065575e-06,4.9065575e-06,3.2996155e-07,2.9856055e-06,1,1.7873069,0.624358,4941246.5,6475584.0,1218084.5,1624112.6,0.75,0.76305807
ref,1041,4,2,5,4,7.0595856,1.2514722,1.2150743,9.885006,307.22784,0.0,-30.0,0.0,5.5065984e-06,5.5065984e-06,3.0920205e-07,3.368735e-06,1,1.8389547,0.6653163,4941246.5,6475584.0,1218084.5,1624112.6,0.75,0.76305807
ref,1042,4,2,6,4,7.0595856,1.2514722,1.2150743,10.6526575,307.22784,0.0,-30.0,0.0,5.238922e-06,5.238922e-06,3.103432e-07,3.111692e-06,1,1.8862845,0.70285016,4941246.5,6475584.0,1218084.5,1624112.6,0.75,0.76305807
ref,1043,4,2,7,4,7.0595856,1.2514722,1.2150743,11.772913,307.22784,0.0,-30.0,0.0,5.046809e-06,5.046809e-06,3.0937252e-07,3.0327765e-06,1,1.9433289,0.7480881,4941246.5,6475584.0,1218084.5,1624112.6,0.75,0.76305807
ref,1044,4,3,1,4,7.0595856,1.2514722,1.4316124,7.523866,307.22784,0.0,-30.0,0.0,3.8888015e-06,3.8888015e-06,2.9714118e-07,2.4053068e-06,1,1.5054805,0.40086126,4941246.5,6475584.0,1218084.5,1624112.6,0.75,0.76305807
ref,1045,4,3,2,4,7.0595856,1.2514722,1.4316124,8.296016,307.22784,0.0,-30.0,0.0,4.4129606e-06,4.4129606e-06,2.8580362e-07,2.6723214e-06,1,1.5427256,0.43039763,4941246.5,6475584.0,1218084.5,1624112.6,0.75,0.76305807
ref,1046,4,3,3,4,7.0595856,1.2514722,1.4316124,8.9247055,307.22784,0.0,-30.0,0.0,4.8107263e-06,4.8107263e-06,2.7941286e-07,2.8733418e-06,1,1.6035099,0.47860146,4941246.5,6475584.0,1218084.5,1624112.6,0.75,0.76305807
ref,1047,4,3,4,4,7.0595856,1.2514722,1.4316124,9.527912,307.22784,0.0,-30.0,0.0,5.5128166e-06,5.5128166e-06,3.096306e-07,3.2212824e-06,1,1.6618165,0.5248403,4941246.5,6475584.0,1218084.5,1624112.6,0.75,0.76305807
ref,1048,4,3,5,4,7.0595856,1.2514722,1.4316124,10.171834,307.22784,0.0,-30.0,0.0,4.6247656e-06,4.6247656e-06,3.1450168e-07,2.8010675e-06,1,1.7127606,0.56524056,4941246.5,6475584.0,1218084.5,1624112.6,0.75,0.76305807
ref,1049,4,3,6,4,7.0595856,1.2514722,1.4316124,10.942423,307.22784,0.0,-30.0,0.0,5.011472e-06,5.011472e-06,2.8636103e-07,2.9265157e-06,1,1.7662072,0.6076253,4941246.5,6475584.0,1218084.5,1624112.6,0.75,0.76305807
ref,1050,4,3,7,4,7.0595856,1.2514722,1.4316124,12.0646515,307.22784,0.0,-30.0,0.0,5.202007e-06,5.202007e-06,2.8994356e-07,3.1500615e-06,1,1.8260138,0.65505373,4941246.5,6475584.0,1218084.5,1624112.6,0.75,0.76305807
ref,1051,4,4,1,4,7.0595856,1.2514722,1.6499506,7.7763867,307.22784,0.0,-30.0,0.0,4.3672744e-06,4.3672744e-06,2.6099738e-07,2.6209532e-06,1,1.3929999,0.31166074,4941246.5,6475584.0,1218084.5,1624112.6,0.75,0.76305807
ref,1052,4,4,2,4,7.0595856,1.2514722,1.6499506,8.554558,307.22784,0.0,-30.0,0.0,4.8505412e-06,4.8505412e-06,2.6840485e-07,2.90777e-06,1,1.4365565,0.34620237,4941246.5,6475584.0,1218084.5,1624112.6,0.75,0.76305807
ref,1053,4,4,3,4,7.0595856,1.2514722,1.6499506,9.186873,307.22784,0.0,-30.0,0.0,4.5034703e-06,4.5034703e-06,2.8066214e-07,2.7287101e-06,1,1.4978478,0.39480823,4941246.5,6475584.0,1218084.5,1624112.6,0.75,0.76305807
ref,1054,4,4,4,4,7.0595856,1.2514722,1.6499506,9.792567,307.22784,0.0,-30.0,0.0,4.8274064e-06,4.8274064e-06,2.6315473e-07,2.847443e-06,1,1.5507884,0.4367917,4941246.5,6475584.0,1218084.5,1624112.6,0.75,0.76305807
ref,1055,4,4,5,4,7.0595856,1.2514722,1.6499506,10.438129,307.22784,0.0,-30.0,0.0,5.2303635e-06,5.2303635e-06,3.0048528e-07,3.1083687e-06,1,1.597378,0.47373867,4941246.5,6475584.0,1218084.5,1624112.6,0.75,0.76305807
ref,1056,4,4,6,4,7.0595856,1.2514722,1.6499506,11.209396,307.22784,0.0,-30.0,0.0,4.767363e-06,4.767363e-06,2.673334e-07,2.8211123e-06,1,1.6520044,0.517059,4941246.5,6475584.0,1218084.5,1624112.6,0.75,0.76305807
ref,1057,4,4,7,4,7.0595856,1.2514722,1.6499506,12.33035,307.22784,0.0,-30.0,0.0,4.6005393e-06,4.6005393e-06,2.7382498e-07,2.8068469e-06,1,1.7095767,0.5627156,4941246.5,6475584.0,1218084.5,1624112.6,0.75,0.76305807
ref,1058,4,5,1,4,7.0595856,1.2514722,1.8938148,8.044281,307.22784,0.0,-30.0,0.0,4.032193e-06,4.032193e-06,2.6664947e-07,2.4525843e-06,1,1.2981285,0.23642485,4941246.5,6475584.0,1218084.5,1624112.6,0.75,0.76305807
ref,1059,4,5,2,4,7.0595856,1.2514722,1.8938148,8.826912,307.22784,0.0,-30.0,0.0,4.3328864e-06,4.3328864e-06,2.8732222e-07,2.6603725e-06,1,1.349439,0.2771156,4941246.5,6475584.0,1218084.5,1624112.6,0.75,0.76305807
ref,1060,4,5,3,4,7.0595856,1.2514722,1.8938148,9.461456,307.22784,0.0,-30.0,0.0,4.709212e-06,4.709212e-06,2.8026273e-07,2.823694e-06,1,1.4020009,0.31879875,4941246.5,6475584.0,1218084.5,1624112.6,0.75,0.76305807
ref,1061,4,5,4,4,7.0595856,1.2514722,1.8938148,10.068198,307.22784,0.0,-30.0,0.0,6.066736e-06,6.066736e-06,2.8453525e-07,3.4804816e-06,1,1.4467216,0.35426363,4941246.5,6475584.0,1218084.5,1624112.6,0.75,0.76305807
ref,1062,4,5,5,4,7.0595856,1.2514722,1.8938148,10.713785,307.22784,0.0,-30.0,0.0,5.2464857e-06,5.2464857e-06,2.6285625e-07,3.0444633e-06,1,1.4893609,0.38807786,4941246.5,6475584.0,1218084.5,1624112.6,0.75,0.76305807
ref,1063,4,5,6,4,7.0595856,1.2514722,1.8938148,11.483697,307.22784,0.0,-30.0,0.0,4.9436694e-06,4.9436694e-06,2.8217568e-07,2.8526902e-06,1,1.5388775,0.427346,4941246.5,6475584.0,1218084.5,1624112.6,0.75,0.76305807
ref,1064,4,5,7,4,7.0595856,1.2514722,1.8938148,12.600162,307.22784,0.0,-30.0,0.0,5.7287893e-06,5.7287893e-06,2.8052253e-07,3.289526e-06,1,1.5902762,0.46810675,4941246.5,6475584.0,1218084.5,1624112.6,0.75,0.76305807
ref,1065,4,6,1,4,7.0595856,1.2514722,2.1993897,8.362967,307.22784,0.0,-30.0,0.0,4.312926e-06,4.312926e-06,2.4519738e-07,2.5238448e-06,1,1.2207191,0.1750369,4941246.5,6475584.0,1218084.5,1624112.6,0.75,0.76305807
ref,1066,4,6,2,4,7.0595856,1.2514722,2.1993897,9.148455,307.22784,0.0,-30.0,0.0,4.360732e-06,4.360732e-06,2.6217026e-07,2.6158157e-06,1,1.2697926,0.2139536,4941246.5,6475584.0,1218084.5,1624112.6,0.75,0.76305807
ref,1067,4,6,3,4,7.0595856,1.2514722,2.1993897,9.783595,307.22784,0.0,-30.0,0.0,4.6420832e-06,4.6420832e-06,2.5618039e-07,2.7629792e-06,1,1.3104929,0.24623019,4941246.5,6475584.0,1218084.5,1624112.6,0.75,0.76305807
ref,1068,4,6,4,4,7.0595856,1.2514722,2.1993897,10.389595,307.22784,0.0,-30.0,0.0,4.121412e-06,4.121412e-06,2.3825147e-07,2.5020915e-06,1,1.3446941,0.27335283,4941246.5,6475584.0,1218084.5,1624112.6,0.75,0.76305807
ref,1069,4,6,5,4,7.0595856,1.2514722,2.1993897,11.033074,307.22784,0.0,-30.0,0.0,4.743067e-06,4.743067e-06,2.668185e-07,2.7487015e-06,1,1.3826587,0.30345988,4941246.5,6475584.0,1218084.5,1624112.6,0.75,0.76305807
ref,1070,4,6,6,4,7.0595856,1.2514722,2.1993897,11.798793,307.22784,0.0,-30.0,0.0,4.747131e-06,4.747131e-06,2.6070072e-07,2.8482118e-06,1,1.4219142,0.33459067,4941246.5,6475584.0,1218084.5,1624112.6,0.75,0.76305807
ref,1071,4,6,7,4,7.0595856,1.2514722,2.1993897,12.906163,307.22784,0.0,-30.0,0.0,5.119838e-06,5.119838e-06,2.8202953e-07,3.0123574e-06,1,1.4635825,0.36763486,4941246.5,6475584.0,1218084.5,1624112.6,0.75,0.76305807
ref,1072,4,7,1,4,7.0595856,1.2514722,2.6688726,8.823564,307.22784,0.0,-30.0,0.0,4.9292207e-06,4.9292207e-06,2.5354169e-07,2.7906854e-06,1,1.1517512,0.12034327,4941246.5,6475584.0,1218084.5,1624112.6,0.75,0.76305807
ref,1073,4,7,2,4,7.0595856,1.2514722,2.6688726,9.60874,307.22784,0.0,-30.0,0.0,5.434623e-06,5.434623e-06,2.5524972e-07,3.149531e-06,1,1.1872826,0.1485207,4941246.5,6475584.0,1218084.5,1624112.6,0.75,0.76305807
ref,1074,4,7,3,4,7.0595856,1.2514722,2.6688726,10.241146,307.22784,0.0,-30.0,0.0,5.895322e-06,5.895322e-06,2.6851612e-07,3.377878e-06,1,1.213469,0.16928731,4941246.5,6475584.0,1218084.5,1624112.6,0.75,0.76305807
ref,1075,4,7,4,4,7.0595856,1.2514722,2.6688726,10.842606,307.22784,0.0,-30.0,0.0,6.1511405e-06,6.1511405e-06,2.757077e-07,3.6297542e-06,1,1.2388221,0.18939312,4941246.5,6475584.0,1218084.5,1624112.6,0.75,0.76305807
ref,1076,4,7,5,4,7.0595856,1.2514722,2.6688726,11.479319,307.22784,0.0,-30.0,0.0,4.2269103e-06,4.2269103e-06,2.3010179e-07,2.4738638e-06,1,1.2652786,0.21037391,4941246.5,6475584.0,1218084.5,1624112.6,0.75,0.76305807
ref,1077,4,7,6,4,7.0595856,1.2514722,2.6688726,12.234579,307.22784,0.0,-30.0,0.0,4.9176992e-06,4.9176992e-06,2.598804e-07,2.7554452e-06,1,1.2911394,0.23088224,4941246.5,6475584.0,1218084.5,1624112.6,0.75,0.76305807
ref,1078,4,7,7,4,7.0595856,1.2514722,2.6688726,13.322455,307.22784,0.0,-30.0,0.0,4.641554e-06,4.641554e-06,2.3983853e-07,2.7329575e-06,1,1.3191144,0.25306728,4941246.5,6475584.0,1218084.5,1624112.6,0.75,0.76305807
ref,1079,4,1,1,5,6.2327027,1.0537362,0.96564835,6.929294,307.22784,0.0,-30.0,0.0,1.5008219e-06,1.5008219e-06,2.977257e-07,9.626809e-07,1,1.6127924,0.48596272,3437096.5,4504371.0,953630.25,1271507.0,0.75,0.76305807
ref,1080,4,1,2,5,6.2327027,1.0537362,0.96564835,7.679887,307.22784,0.0,-30.0,0.0,1.910533e-06,1.910533e-06,2.799351e-07,1.1678204e-06,1,1.6517367,0.51684684,3437096.5,4504371.0,953630.25,1271507.0,0.75,0.76305807
ref,1081,4,1,3,5,6.2327027,1.0537362,0.96564835,8.293744,307.22784,0.0,-30.0,0.0,1.9530137e-06,1.9530137e-06,2.9422466e-07,1.2450333e-06,1,1.6827492,0.54144055,3437096.5,4504371.0,953630.25,1271507.0,0.75,0.76305807
ref,1082,4,1,4,5,6.2327027,1.0537362,0.96564835,8.884882,307.22784,0.0,-30.0,0.0,1.7803918e-06,1.7803918e-06,3.0975463e-07,1.1394359e-06,1,1.7390269,0.58607054,3437096.5,4504371.0,953630.25,1271507.0,0.75,0.76305807
ref,1083,4,1,5,5,6.2327027,1.0537362,0.96564835,9.518091,307.22784,0.0,-30.0,0.0,2.1423705e-06,2.1423705e-06,3.1210936e-07,1.3435839e-06,1,1.7977645,0.6326512,3437096.5,4504371.0,953630.25,1271507.0,0.75,0.76305807
ref,1084,4,1,6,5,6.2327027,1.0537362,0.96564835,10.278642,307.22784,0.0,-30.0,0.0,2.1968713e-06,2.1968713e-06,3.079606e-07,1.3691387e-06,1,1.8518295,0.6755263,3437096.5,4504371.0,953630.25,1271507.0,0.75,0.76305807
ref,1085,4,1,7,5,6.2327027,1.0537362,0.96564835,11.39132,307.22784,0.0,-30.0,0.0,2.189373e-06,2.189373e-06,3.2395795e-07,1.416693e-06,1,1.9160181,0.7264299,3437096.5,4504371.0,953630.25,1271507.0,0.75,0.76305807
ref,1086,4,2,1,5,6.2327027,1.0537362,1.2150743,7.2586846,307.22784,0.0,-30.0,0.0,1.5007931e-06,1.5007931e-06,2.7176281e-07,9.339512e-07,1,1.4223748,0.33495593,3437096.5,4504371.0,953630.25,1271507.0,0.75,0.76305807
ref,1087,4,2,2,5,6.2327027,1.0537362,1.2150743,8.022497,307.22784,0.0,-30.0,0.0,1.5522138e-06,1.5522138e-06,2.673914e-07,1.0406737e-06,1,1.453224,0.35942015,3437096.5,4504371.0,953630.25,1271507.0,0.75,0.76305807
ref,1088,4,2,3,5,6.2327027,1.0537362,1.2150743,8.645702,307.22784,0.0,-30.0,0.0,1.789191e-06,1.789191e-06,2.6462587e-07,1.0991789e-06,1,1.49949,0.39611062,3437096.5,4504371.0,953630.25,1271507.0,0.75,0.76305807
ref,1089,4,2,4,5,6.2327027,1.0537362,1.2150743,9.244645,307.22784,0.0,-30.0,0.0,1.7972962e-06,1.7972962e-06,2.756479e-07,1.1435463e-06,1,1.5594902,0.44369256,3437096.5,4504371.0,953630.25,1271507.0,0.75,0.76305807
ref,1090,4,2,5,5,6.2327027,1.0537362,1.2150743,9.885006,307.22784,0.0,-30.0,0.0,1.8485458e-06,1.8485458e-06,2.7018402e-07,1.1464977e-06,1,1.6156163,0.4882022,3437096.5,4504371.0,953630.25,1271507.0,0.75,0.76305807
ref,1091,4,2,6,5,6.2327027,1.0537362,1.2150743,10.6526575,307.22784,0.0,-30.0,0.0,1.8304459e-06,1.8304459e-06,2.8016956e-07,1.1716011e-06,1,1.6703598,0.53161544,3437096.5,4504371.0,953630.25,1271507.0,0.75,0.76305807
ref,1092,4,2,7,5,6.2327027,1.0537362,1.2150743,11.772913,307.22784,0.0,-30.0,0.0,2.0259376e-06,2.0259376e-06,2.9396088e-07,1.2802732e-06,1,1.7409899,0.5876272,3437096.5,4504371.0,953630.25,1271507.0,0.75,0.76305807
ref,1093,4,3,1,5,6.2327027,1.0537362,1.4316124,7.523866,307.22784,0.0,-30.0,0.0,1.3436303e-06,1.3436303e-06,2.4766882e-07,8.534003e-07,1,1.306454,0.24302714,3437096.5,4504371.0,953630.25,1271507.0,0.75,0.76305807
ref,1094,4,3,2,5,6.2327027,1.0537362,1.4316124,8.296016,307.22784,0.0,-30.0,0.0,1.6714164e-06,1.6714164e-06,2.5539677e-07,1.0465981e-06,1,1.3355473,0.26609907,3437096.5,4504371.0,953630.25,1271507.0,0.75,0.76305807
ref,1095,4,3,3,5,6.2327027,1.0537362,1.4316124,8.9247055,307.22784,0.0,-30.0,0.0,1.8209668e-06,1.8209668e-06,2.394055e-07,1.1174105e-06,1,1.3855845,0.30578002,3437096.5,4504371.0,953630.25,1271507.0,0.75,0.76305807
ref,1096,4,3,4,5,6.2327027,1.0537362,1.4316124,9.527912,307.22784,0.0,-30.0,0.0,2.326575e-06,2.326575e-06,2.7009557e-07,1.382744e-06,1,1.436825,0.3464154,3437096.5,4504371.0,953630.25,1271507.0,0.75,0.76305807
ref,1097,4,3,5,5,6.2327027,1.0537362,1.4316124,10.171834,307.22784,0.0,-30.0,0.0,1.9833383e-06,1.9833383e-06,2.5195948e-07,1.2164128e-06,1,1.4844533,0.38418603,3437096.5,4504371.0,953630.25,1271507.0,0.75,0.76305807
ref,1098,4,3,6,5,6.2327027,1.0537362,1.4316124,10.942423,307.22784,0.0,-30.0,0.0,2.0254768e-06,2.0254768e-06,2.6206595e-07,1.2721467e-06,1,1.5375671,0.42630687,3437096.5,4504371.0,953630.25,1271507.0,0.75,0.76305807
ref,1099,4,3,7,5,6.2327027,1.0537362,1.4316124,12.0646515,307.22784,0.0,-30.0,0.0,2.0968635e-06,2.0968635e-06,2.646581e-07,1.3027802e-06,1,1.6012127,0.47677973,3437096.5,4504371.0,953630.25,1271507.0,0.75,0.76305807
ref,1100,4,4,1,5,6.2327027,1.0537362,1.6499506,7.7763867,307.22784,0.0,-30.0,0.0,1.8634238e-06,1.8634238e-06,2.2121796e-07,1.1343473e-06,1,1.2250676,0.17848538,3437096.5,4504371.0,953630.25,1271507.0,0.75,0.76305807
ref,1101,4,4,2,5,6.2327027,1.0537362,1.6499506,8.554558,307.22784,0.0,-30.0,0.0,1.6721506e-06,1.6721506e-06,2.3526073e-07,1.0159218e-06,1,1.2554905,0.20261164,3437096.5,4504371.0,953630.25,1271507.0,0.75,0.76305807
ref,1102,4,4,3,5,6.2327027,1.0537362,1.6499506,9.186873,307.22784,0.0,-30.0,0.0,1.8042504e-06,1.8042504e-06,2.3606391e-07,1.1082426e-06,1,1.3006306,0.23840907,3437096.5,4504371.0,953630.25,1271507.0,0.75,0.76305807
ref,1103,4,4,4,5,6.2327027,1.0537362,1.6499506,9.792567,307.22784,0.0,-30.0,0.0,1.7319583e-06,1.7319583e-06,2.4923156e-07,1.0954172e-06,1,1.3419977,0.2712145,3437096.5,4504371.0,953630.25,1271507.0,0.75,0.76305807
ref,1104,4,4,5,5,6.2327027,1.0537362,1.6499506,10.438129,307.22784,0.0,-30.0,0.0,2.6803748e-06,2.6803748e-06,2.4103807e-07,1.6109453e-06,1,1.3803858,0.3016573,3437096.5,4504371.0,953630.25,1271507.0,0.75,0.76305807
ref,1105,4,4,6,5,6.2327027,1.0537362,1.6499506,11.209396,307.22784,0.0,-30.0,0.0,1.9846618e-06,1.9846618e-06,2.3233545e-07,1.2113221e-06,1,1.4279661,0.33939,3437096.5,4504371.0,953630.25,1271507.0,0.75,0.76305807
ref,1106,4,4,7,5,6.2327027,1.0537362,1.6499506,12.33035,307.22784,0.0,-30.0,0.0,1.7260975e-06,1.7260975e-06,2.327425e-07,1.1117818e-06,1,1.4813938,0.3817597,3437096.5,4504371.0,953630.25,1271507.0,0.75,0.76305807
ref,1107,4,5,1,5,6.2327027,1.0537362,1.8938148,8.044281,307.22784,0.0,-30.0,0.0,2.1997796e-06,2.1997796e-06,2.080807e-07,1.2993416e-06,1,1.1631172,0.12935682,3437096.5,4504371.0,953630.25,1271507.0,0.75,0.76305807
ref,1108,4,5,2,5,6.2327027,1.0537362,1.8938148,8.826912,307.22784,0.0,-30.0,0.0,2.5671154e-06,2.5671154e-06,2.2750213e-07,1.5184451e-06,1,1.1959192,0.15536977,3437096.5,4504371.0,953630.25,1271507.0,0.75,0.76305807
ref,1109,4,5,3,5,6.2327027,1.0537362,1.8938148,9.461456,307.22784,0.0,-30.0,0.0,1.9752201e-06,1.9752201e-06,2.1310449e-07,1.1577877e-06,1,1.2312471,0.18338588,3437096.5,4504371.0,953630.25,1271507.0,0.75,0.76305807
ref,1110,4,5,4,5,6.2327027,1.0537362,1.8938148,10.068198,307.22784,0.0,-30.0,0.0,1.989249e-06,1.989249e-06,2.3669078e-07,1.2231772e-06,1,1.2627834,0.20839514,3437096.5,4504371.0,953630.25,1271507.0,0.75,0.76305807
ref,1111,4,5,5,5,6.2327027,1.0537362,1.8938148,10.713785,307.22784,0.0,-30.0,0.0,1.9764452e-06,1.9764452e-06,2.540127e-07,1.1923153e-06,1,1.2942095,0.23331699,3437096.5,4504371.0,953630.25,1271507.0,0.75,0.76305807
ref,1112,4,5,6,5,6.2327027,1.0537362,1.8938148,11.483697,307.22784,0.0,-30.0,0.0,1.8936788e-06,1.8936788e-06,2.29579e-07,1.085804e-06,1,1.3324882,0.2636731,3437096.5,4504371.0,953630.25,1271507.0,0.75,0.76305807
ref,1113,4,5,7,5,6.2327027,1.0537362,1.8938148,12.600162,307.22784,0.0,-30.0,0.0,2.053511e-06,2.053511e-06,2.547099e-07,1.2390262e-06,1,1.3744081,0.29691687,3437096.5,4504371.0,953630.25,1271507.0,0.75,0.76305807
ref,1114,4,6,1,5,6.2327027,1.0537362,2.1993897,8.362967,307.22784,0.0,-30.0,0.0,2.047319e-06,2.047319e-06,2.0658904e-07,1.2180726e-06,1,1.1165214,0.09240491,3437096.5,4504371.0,953630.25,1271507.0,0.75,0.76305807
ref,1115,4,6,2,5,6.2327027,1.0537362,2.1993897,9.148455,307.22784,0.0,-30.0,0.0,2.1564103e-06,2.1564103e-06,2.476807e-07,1.2477124e-06,1,1.1456721,0.115522355,3437096.5,4504371.0,953630.25,1271507.0,0.75,0.76305807
ref,1116,4,6,3,5,6.2327027,1.0537362,2.1993897,9.783595,307.22784,0.0,-30.0,0.0,3.4286252e-06,3.4286252e-06,2.0871173e-07,1.8120384e-06,1,1.1708759,0.13550971,3437096.5,4504371.0,953630.25,1271507.0,0.75,0.76305807
ref,1117,4,6,4,5,6.2327027,1.0537362,2.1993897,10.389595,307.22784,0.0,-30.0,0.0,2.530595e-06,2.530595e-06,2.5200387e-07,1.4913056e-06,1,1.1928179,0.15291043,3437096.5,4504371.0,953630.25,1271507.0,0.75,0.76305807
ref,1118,4,6,5,5,6.2327027,1.0537362,2.1993897,11.033074,307.22784,0.0,-30.0,0.0,2.2057154e-06,2.2057154e-06,2.3578193e-07,1.3330365e-06,1,1.2180353,0.17290856,3437096.5,4504371.0,953630.25,1271507.0,0.75,0.76305807
ref,1119,4,6,6,5,6.2327027,1.0537362,2.1993897,11.798793,307.22784,0.0,-30.0,0.0,2.3790271e-06,2.3790271e-06,2.3589635e-07,1.4353444e-06,1,1.2451158,0.19438411,3437096.5,4504371.0,953630.25,1271507.0,0.75,0.76305807
ref,1120,4,6,7,5,6.2327027,1.0537362,2.1993897,12.906163,307.22784,0.0,-30.0,0.0,1.9952163e-06,1.9952163e-06,2.4226065e-07,1.2020716e-06,1,1.275047,0.21812047,3437096.5,4504371.0,953630.25,1271507.0,0.75,0.76305807
ref,1121,4,7,1,5,6.2327027,1.0537362,2.6688726,8.823564,307.22784,0.0,-30.0,0.0,2.5827603e-06,2.5827603e-06,2.0779068e-07,1.5154121e-06,1,1.0776807,0.061603148,3437096.5,4504371.0,953630.25,1271507.0,0.75,0.76305807
ref,1122,4,7,2,5,6.2327027,1.0537362,2.6688726,9.60874,307.22784,0.0,-30.0,0.0,2.619444e-06,2.619444e-06,2.0442826e-07,1.532284e-06,1,1.0973918,0.07723461,3437096.5,4504371.0,953630.25,1271507.0,0.75,0.76305807
ref,1123,4,7,3,5,6.2327027,1.0537362,2.6688726,10.241146,307.22784,0.0,-30.0,0.0,3.024126e-06,3.024126e-06,2.7083212e-07,1.6947315e-06,1,1.1123242,0.08907652,3437096.5,4504371.0,953630.25,1271507.0,0.75,0.76305807
ref,1124,4,7,4,5,6.2327027,1.0537362,2.6688726,10.842606,307.22784,0.0,-30.0,0.0,2.2955228e-06,2.2955228e-06,2.2948146e-07,1.3599858e-06,1,1.1271225,0.10081199,3437096.5,4504371.0,953630.25,1271507.0,0.75,0.76305807
ref,1125,4,7,5,5,6.2327027,1.0537362,2.6688726,11.479319,307.22784,0.0,-30.0,0.0,2.3585908e-06,2.3585908e-06,2.2150451e-07,1.3291418e-06,1,1.1429354,0.11335205,3437096.5,4504371.0,953630.25,1271507.0,0.75,0.76305807
ref,1126,4,7,6,5,6.2327027,1.0537362,2.6688726,12.234579,307.22784,0.0,-30.0,0.0,2.4434098e-06,2.4434098e-06,2.13247e-07,1.4278606e-06,1,1.1587713,0.12591036,3437096.5,4504371.0,953630.25,1271507.0,0.75,0.76305807
ref,1127,4,7,7,5,6.2327027,1.0537362,2.6688726,13.322455,307.22784,0.0,-30.0,0.0,2.293608e-06,2.293608e-06,2.2049872e-07,1.3786366e-06,1,1.1763399,0.13984282,3437096.5,4504371.0,953630.25,1271507.0,0.75,0.76305807
ref,1128,4,1,1,6,6.914158,1.3421985,0.96564835,6.929294,307.22784,0.0,-30.0,0.0,5.0359076e-06,5.0359076e-06,5.17299e-07,3.1182078e-06,1,1.8014549,0.63557774,4648765.0,6092282.5,1169585.1,1559446.9,0.75,0.76305807
ref,1129,4,1,2,6,6.914158,1.3421985,0.96564835,7.679887,307.22784,0.0,-30.0,0.0,5.3807944e-06,5.3807944e-06,5.0929975e-07,3.3917734e-06,1,1.8369086,0.6636936,4648765.0,6092282.5,1169585.1,1559446.9,0.75,0.76305807
ref,1130,4,1,3,6,6.914158,1.3421985,0.96564835,8.293744,307.22784,0.0,-30.0,0.0,6.0047087e-06,6.0047087e-06,5.212463e-07,3.7134105e-06,1,1.8642333,0.6853629,4648765.0,6092282.5,1169585.1,1559446.9,0.75,0.76305807
ref,1131,4,1,4,6,6.914158,1.3421985,0.96564835,8.884882,307.22784,0.0,-30.0,0.0,6.2664294e-06,6.2664294e-06,5.213967e-07,3.9218944e-06,1,1.9118794,0.72314775,4648765.0,6092282.5,1169585.1,1559446.9,0.75,0.76305807
ref,1132,4,1,5,6,6.914158,1.3421985,0.96564835,9.518091,307.22784,0.0,-30.0,0.0,6.423236e-06,6.423236e-06,5.464411e-07,3.962941e-06,1,1.959111,0.7606038,4648765.0,6092282.5,1169585.1,1559446.9,0.75,0.76305807
ref,1133,4,1,6,6,6.914158,1.3421985,0.96564835,10.278642,307.22784,0.0,-30.0,0.0,6.555998e-06,6.555998e-06,5.2072915e-07,4.0599834e-06,1,2.0004935,0.7934213,4648765.0,6092282.5,1169585.1,1559446.9,0.75,0.76305807
ref,1134,4,1,7,6,6.914158,1.3421985,0.96564835,11.39132,307.22784,0.0,-30.0,0.0,6.637157e-06,6.637157e-06,5.403706e-07,4.1210164e-06,1,2.0472126,0.830471,4648765.0,6092282.5,1169585.1,1559446.9,0.75,0.76305807
ref,1135,4,2,1,6,6.914158,1.3421985,1.2150743,7.2586846,307.22784,0.0,-30.0,0.0,4.7322055e-06,4.7322055e-06,4.7808584e-07,2.9679766e-06,1,1.6073426,0.48164096,4648765.0,6092282.5,1169585.1,1559446.9,0.75,0.76305807
ref,1136,4,2,2,6,6.914158,1.3421985,1.2150743,8.022497,307.22784,0.0,-30.0,0.0,5.3758117e-06,5.3758117e-06,4.655565e-07,3.3010062e-06,1,1.6413692,0.50862503,4648765.0,6092282.5,1169585.1,1559446.9,0.75,0.76305807
ref,1137,4,2,3,6,6.914158,1.3421985,1.2150743,8.645702,307.22784,0.0,-30.0,0.0,5.064162e-06,5.064162e-06,4.7197358e-07,3.17295e-06,1,1.6904253,0.54752797,4648765.0,6092282.5,1169585.1,1559446.9,0.75,0.76305807
ref,1138,4,2,4,6,6.914158,1.3421985,1.2150743,9.244645,307.22784,0.0,-30.0,0.0,6.3407906e-06,6.3407906e-06,4.991281e-07,3.8929916e-06,1,1.7507491,0.5953666,4648765.0,6092282.5,1169585.1,1559446.9,0.75,0.76305807
ref,1139,4,2,5,6,6.914158,1.3421985,1.2150743,9.885006,307.22784,0.0,-30.0,0.0,6.626187e-06,6.626187e-06,4.6515794e-07,3.9760466e-06,1,1.8040698,0.63765144,4648765.0,6092282.5,1169585.1,1559446.9,0.75,0.76305807
ref,1140,4,2,6,6,6.914158,1.3421985,1.2150743,10.6526575,307.22784,0.0,-30.0,0.0,6.4771016e-06,6.4771016e-06,4.824547e-07,4.0112263e-06,1,1.8534111,0.67678064,4648765.0,6092282.5,1169585.1,1559446.9,0.75,0.76305807
ref,1141,4,2,7,6,6.914158,1.3421985,1.2150743,11.772913,307.22784,0.0,-30.0,0.0,6.262343e-06,6.262343e-06,4.8817515e-07,3.8276035e-06,1,1.913498,0.72443134,4648765.0,6092282.5,1169585.1,1559446.9,0.75,0.76305807
ref,1142,4,3,1,6,6.914158,1.3421985,1.4316124,7.523866,307.22784,0.0,-30.0,0.0,4.43869e-06,4.43869e-06,4.325613e-07,2.7458352e-06,1,1.4690508,0.3719713,4648765.0,6092282.5,1169585.1,1559446.9,0.75,0.76305807
ref,1143,4,3,2,6,6.914158,1.3421985,1.4316124,8.296016,307.22784,0.0,-30.0,0.0,5.492602e-06,5.492602e-06,4.5872852e-07,3.3937365e-06,1,1.5054071,0.40080303,4648765.0,6092282.5,1169585.1,1559446.9,0.75,0.76305807
ref,1144,4,3,3,6,6.914158,1.3421985,1.4316124,8.9247055,307.22784,0.0,-30.0,0.0,5.5672785e-06,5.5672785e-06,4.3812045e-07,3.378808e-06,1,1.5653014,0.448301,4648765.0,6092282.5,1169585.1,1559446.9,0.75,0.76305807
ref,1145,4,3,4,6,6.914158,1.3421985,1.4316124,9.527912,307.22784,0.0,-30.0,0.0,6.1463234e-06,6.1463234e-06,4.5471148e-07,3.7343912e-06,1,1.6234167,0.49438816,4648765.0,6092282.5,1169585.1,1559446.9,0.75,0.76305807
ref,1146,4,3,5,6,6.914158,1.3421985,1.4316124,10.171834,307.22784,0.0,-30.0,0.0,6.1882783e-06,6.1882783e-06,4.573977e-07,3.7535353e-06,1,1.6747336,0.535084,4648765.0,6092282.5,1169585.1,1559446.9,0.75,0.76305807
ref,1147,4,3,6,6,6.914158,1.3421985,1.4316124,10.942423,307.22784,0.0,-30.0,0.0,5.8828114e-06,5.8828114e-06,4.6937973e-07,3.5890794e-06,1,1.7291212,0.578215,4648765.0,6092282.5,1169585.1,1559446.9,0.75,0.76305807
ref,1148,4,3,7,6,6.914158,1.3421985,1.4316124,12.0646515,307.22784,0.0,-30.0,0.0,6.650047e-06,6.650047e-06,4.7925613e-07,4.0339055e-06,1,1.7906588,0.6270161,4648765.0,6092282.5,1169585.1,1559446.9,0.75,0.76305807
ref,1149,4,4,1,6,6.914158,1.3421985,1.6499506,7.7763867,307.22784,0.0,-30.0,0.0,5.32477e-06,5.32477e-06,4.1068668e-07,3.2187074e-06,1,1.3608052,0.28612933,4648765.0,6092282.5,1169585.1,1559446.9,0.75,0.76305807
ref,1150,4,4,2,6,6.914158,1.3421985,1.6499506,8.554558,307.22784,0.0,-30.0,0.0,5.77594e-06,5.77594e-06,3.9512005e-07,3.4884954e-06,1,1.4024479,0.3191533,4648765.0,6092282.5,1169585.1,1559446.9,0.75,0.76305807
ref,1151,4,4,3,6,6.914158,1.3421985,1.6499506,9.186873,307.22784,0.0,-30.0,0.0,6.7240753e-06,6.7240753e-06,4.3555897e-07,4.050643e-06,1,1.4616319,0.36608797,4648765.0,6092282.5,1169585.1,1559446.9,0.75,0.76305807
ref,1152,4,4,4,6,6.914158,1.3421985,1.6499506,9.792567,307.22784,0.0,-30.0,0.0,5.6297317e-06,5.6297317e-06,4.0932713e-07,3.4764257e-06,1,1.5133117,0.40707162,4648765.0,6092282.5,1169585.1,1559446.9,0.75,0.76305807
ref,1153,4,4,5,6,6.914158,1.3421985,1.6499506,10.438129,307.22784,0.0,-30.0,0.0,5.3289737e-06,5.3289737e-06,4.1256433e-07,3.2924402e-06,1,1.5592275,0.44348422,4648765.0,6092282.5,1169585.1,1559446.9,0.75,0.76305807
ref,1154,4,4,6,6,6.914158,1.3421985,1.6499506,11.209396,307.22784,0.0,-30.0,0.0,5.5488917e-06,5.5488917e-06,4.5059298e-07,3.3958565e-06,1,1.613591,0.48659605,4648765.0,6092282.5,1169585.1,1559446.9,0.75,0.76305807
ref,1155,4,4,7,6,6.914158,1.3421985,1.6499506,12.33035,307.22784,0.0,-30.0,0.0,6.554215e-06,6.554215e-06,4.108714e-07,3.956621e-06,1,1.6715115,0.5325288,4648765.0,6092282.5,1169585.1,1559446.9,0.75,0.76305807
ref,1156,4,5,1,6,6.914158,1.3421985,1.8938148,8.044281,307.22784,0.0,-30.0,0.0,5.353129e-06,5.353129e-06,3.9967847e-07,3.2103549e-06,1,1.2712767,0.21513052,4648765.0,6092282.5,1169585.1,1559446.9,0.75,0.76305807
ref,1157,4,5,2,6,6.914158,1.3421985,1.8938148,8.826912,307.22784,0.0,-30.0,0.0,5.1040197e-06,5.1040197e-06,3.804567e-07,3.0326162e-06,1,1.3194993,0.25337246,4648765.0,6092282.5,1169585.1,1559446.9,0.75,0.76305807
ref,1158,4,5,3,6,6.914158,1.3421985,1.8938148,9.461456,307.22784,0.0,-30.0,0.0,5.3067765e-06,5.3067765e-06,4.0176428e-07,3.2313487e-06,1,1.3693825,0.29293144,4648765.0,6092282.5,1169585.1,1559446.9,0.75,0.76305807
ref,1159,4,5,4,6,6.914158,1.3421985,1.8938148,10.068198,307.22784,0.0,-30.0,0.0,5.5194755e-06,5.5194755e-06,3.7512223e-07,3.3797958e-06,1,1.412216,0.32689962,4648765.0,6092282.5,1169585.1,1559446.9,0.75,0.76305807
ref,1160,4,5,5,6,6.914158,1.3421985,1.8938148,10.713785,307.22784,0.0,-30.0,0.0,5.7785687e-06,5.7785687e-06,4.3975385e-07,3.4983118e-06,1,1.4533956,0.35955632,4648765.0,6092282.5,1169585.1,1559446.9,0.75,0.76305807
ref,1161,4,5,6,6,6.914158,1.3421985,1.8938148,11.483697,307.22784,0.0,-30.0,0.0,5.8399887e-06,5.8399887e-06,3.8972732e-07,3.5666526e-06,1,1.5016389,0.39781466,4648765.0,6092282.5,1169585.1,1559446.9,0.75,0.76305807
ref,1162,4,5,7,6,6.914158,1.3421985,1.8938148,12.600162,307.22784,0.0,-30.0,0.0,5.8301785e-06,5.8301785e-06,4.3456e-07,3.5360451e-06,1,1.5522019,0.43791267,4648765.0,6092282.5,1169585.1,1559446.9,0.75,0.76305807
ref,1163,4,6,1,6,6.914158,1.3421985,2.1993897,8.362967,307.22784,0.0,-30.0,0.0,5.4126417e-06,5.4126417e-06,3.7739628e-07,3.280451e-06,1,1.1993955,0.15812667,4648765.0,6092282.5,1169585.1,1559446.9,0.75,0.76305807
ref,1164,4,6,2,6,6.914158,1.3421985,2.1993897,9.148455,307.22784,0.0,-30.0,0.0,5.4886073e-06,5.4886073e-06,3.5551588e-07,3.2182643e-06,1,1.2448438,0.19416855,4648765.0,6092282.5,1169585.1,1559446.9,0.75,0.76305807
ref,1165,4,6,3,6,6.914158,1.3421985,2.1993897,9.783595,307.22784,0.0,-30.0,0.0,4.931442e-06,4.931442e-06,3.6189275e-07,3.0562016e-06,1,1.2828546,0.22431216,4648765.0,6092282.5,1169585.1,1559446.9,0.75,0.76305807
ref,1166,4,6,4,6,6.914158,1.3421985,2.1993897,10.389595,307.22784,0.0,-30.0,0.0,6.2073614e-06,6.2073614e-06,3.8068904e-07,3.5621213e-06,1,1.3150204,0.24982066,4648765.0,6092282.5,1169585.1,1559446.9,0.75,0.76305807
ref,1167,4,6,5,6,6.914158,1.3421985,2.1993897,11.033074,307.22784,0.0,-30.0,0.0,5.2973637e-06,5.2973637e-06,3.8298748e-07,3.2443945e-06,1,1.3509686,0.27832863,4648765.0,6092282.5,1169585.1,1559446.9,0.75,0.76305807
ref,1168,4,6,6,6,6.914158,1.3421985,2.1993897,11.798793,307.22784,0.0,-30.0,0.0,5.32806e-06,5.32806e-06,3.5954355e-07,3.2044509e-06,1,1.3884108,0.3080214,4648765.0,6092282.5,1169585.1,1559446.9,0.75,0.76305807
ref,1169,4,6,7,6,6.914158,1.3421985,2.1993897,12.906163,307.22784,0.0,-30.0,0.0,4.8491706e-06,4.8491706e-06,3.7125375e-07,2.961267e-06,1,1.4284599,0.33978152,4648765.0,6092282.5,1169585.1,1559446.9,0.75,0.76305807
ref,1170,4,7,1,6,6.914158,1.3421985,2.6688726,8.823564,307.22784,0.0,-30.0,0.0,5.710924e-06,5.710924e-06,3.8348773e-07,3.3040571e-06,1,1.1362181,0.10802506,4648765.0,6092282.5,1169585.1,1559446.9,0.75,0.76305807
ref,1171,4,7,2,6,6.914158,1.3421985,2.6688726,9.60874,307.22784,0.0,-30.0,0.0,5.9700037e-06,5.9700037e-06,3.4765364e-07,3.4464483e-06,1,1.1686655,0.13375683,4648765.0,6092282.5,1169585.1,1559446.9,0.75,0.76305807
ref,1172,4,7,3,6,6.914158,1.3421985,2.6688726,10.241146,307.22784,0.0,-30.0,0.0,5.810366e-06,5.810366e-06,3.3055065e-07,3.454798e-06,1,1.1927161,0.15282963,4648765.0,6092282.5,1169585.1,1559446.9,0.75,0.76305807
ref,1173,4,7,4,6,6.914158,1.3421985,2.6688726,10.842606,307.22784,0.0,-30.0,0.0,4.762219e-06,4.762219e-06,3.5791587e-07,2.8966886e-06,1,1.216113,0.17138407,4648765.0,6092282.5,1169585.1,1559446.9,0.75,0.76305807
ref,1174,4,7,5,6,6.914158,1.3421985,2.6688726,11.479319,307.22784,0.0,-30.0,0.0,5.558901e-06,5.558901e-06,3.3322118e-07,3.280356e-06,1,1.240646,0.19083953,4648765.0,6092282.5,1169585.1,1559446.9,0.75,0.76305807
ref,1175,4,7,6,6,6.914158,1.3421985,2.6688726,12.234579,307.22784,0.0,-30.0,0.0,5.226505e-06,5.226505e-06,3.5420263e-07,3.0622577e-06,1,1.2647439,0.20994987,4648765.0,6092282.5,1169585.1,1559446.9,0.75,0.76305807
ref,1176,4,7,7,6,6.914158,1.3421985,2.6688726,13.322455,307.22784,0.0,-30.0,0.0,5.9399545e-06,5.9399545e-06,3.654385e-07,3.5425796e-06,1,1.2909435,0.23072696,4648765.0,6092282.5,1169585.1,1559446.9,0.75,0.76305807
ref,1177,5,1,1,1,6.9975586,1.2975777,1.0569276,7.0533094,331.19376,0.0,-30.0,0.0,5.083176e-06,5.083176e-06,6.176817e-07,3.3445822e-06,1,1.7476044,0.59287274,4797057.0,6286621.0,1196015.0,1594686.8,0.75,0.76305807
ref,1178,5,1,2,1,6.9975586,1.2975777,1.0569276,7.8092723,331.19376,0.0,-30.0,0.0,5.543046e-06,5.543046e-06,6.471994e-07,3.5727953e-06,1,1.7829083,0.62086976,4797057.0,6286621.0,1196015.0,1594686.8,0.75,0.76305807
ref,1179,5,1,3,1,6.9975586,1.2975777,1.0569276,8.426987,331.19376,0.0,-30.0,0.0,6.262676e-06,6.262676e-06,6.611012e-07,3.999709e-06,1,1.8170313,0.6479304,4797057.0,6286621.0,1196015.0,1594686.8,0.75,0.76305807
ref,1180,5,1,4,1,6.9975586,1.2975777,1.0569276,9.021398,331.19376,0.0,-30.0,0.0,6.623088e-06,6.623088e-06,6.479574e-07,4.150815e-06,1,1.8705739,0.69039124,4797057.0,6286621.0,1196015.0,1594686.8,0.75,0.76305807
ref,1181,5,1,5,1,6.9975586,1.2975777,1.0569276,9.657674,331.19376,0.0,-30.0,0.0,5.9885683e-06,5.9885683e-06,6.337589e-07,3.8957364e-06,1,1.9196825,0.72933584,4797057.0,6286621.0,1196015.0,1594686.8,0.75,0.76305807
ref,1182,5,1,6,1,6.9975586,1.2975777,1.0569276,10.421364,331.19376,0.0,-30.0,0.0,6.457709e-06,6.457709e-06,6.515591e-07,4.028032e-06,1,1.9629147,0.76362026,4797057.0,6286621.0,1196015.0,1594686.8,0.75,0.76305807
ref,1183,5,1,7,1,6.9975586,1.2975777,1.0569276,11.537597,331.19376,0.0,-30.0,0.0,6.793581e-06,6.793581e-06,6.905305e-07,4.3729e-06,1,2.0139036,0.80405605,4797057.0,6286621.0,1196015.0,1594686.8,0.75,0.76305807
ref,1184,5,2,1,1,6.9975586,1.2975777,1.3227133,7.3925524,331.19376,0.0,-30.0,0.0,4.36612e-06,4.36612e-06,5.2564616e-07,2.889994e-06,1,1.5553838,0.44043604,4797057.0,6286621.0,1196015.0,1594686.8,0.75,0.76305807
ref,1185,5,2,2,1,6.9975586,1.2975777,1.3227133,8.160858,331.19376,0.0,-30.0,0.0,4.9942496e-06,4.9942496e-06,5.3814887e-07,3.2084913e-06,1,1.5877154,0.46607596,4797057.0,6286621.0,1196015.0,1594686.8,0.75,0.76305807
ref,1186,5,2,3,1,6.9975586,1.2975777,1.3227133,8.787041,331.19376,0.0,-30.0,0.0,5.839411e-06,5.839411e-06,5.825478e-07,3.7678622e-06,1,1.6459057,0.5122226,4797057.0,6286621.0,1196015.0,1594686.8,0.75,0.76305807
ref,1187,5,2,4,1,6.9975586,1.2975777,1.3227133,9.388358,331.19376,0.0,-30.0,0.0,6.718704e-06,6.718704e-06,5.8228017e-07,4.1833405e-06,1,1.7060004,0.55987954,4797057.0,6286621.0,1196015.0,1594686.8,0.75,0.76305807
ref,1188,5,2,5,1,6.9975586,1.2975777,1.3227133,10.030751,331.19376,0.0,-30.0,0.0,7.0505807e-06,7.0505807e-06,5.991524e-07,4.4847075e-06,1,1.7588118,0.6017605,4797057.0,6286621.0,1196015.0,1594686.8,0.75,0.76305807
ref,1189,5,2,6,1,6.9975586,1.2975777,1.3227133,10.800185,331.19376,0.0,-30.0,0.0,6.2982826e-06,6.2982826e-06,5.722205e-07,3.962705e-06,1,1.8104578,0.6427174,4797057.0,6286621.0,1196015.0,1594686.8,0.75,0.76305807
ref,1190,5,2,7,1,6.9975586,1.2975777,1.3227133,11.921865,331.19376,0.0,-30.0,0.0,6.1348132e-06,6.1348132e-06,5.8775464e-07,3.9284564e-06,1,1.8707204,0.6905074,4797057.0,6286621.0,1196015.0,1594686.8,0.75,0.76305807
ref,1191,5,3,1,1,6.9975586,1.2975777,1.5524389,7.6652484,331.19376,0.0,-30.0,0.0,4.525948e-06,4.525948e-06,5.283962e-07,2.893243e-06,1,1.4241507,0.33636418,4797057.0,6286621.0,1196015.0,1594686.8,0.75,0.76305807
ref,1192,5,3,2,1,6.9975586,1.2975777,1.5524389,8.440992,331.19376,0.0,-30.0,0.0,5.677893e-06,5.677893e-06,5.107017e-07,3.5304668e-06,1,1.4643263,0.36822468,4797057.0,6286621.0,1196015.0,1594686.8,0.75,0.76305807
ref,1193,5,3,3,1,6.9975586,1.2975777,1.5524389,9.0718975,331.19376,0.0,-30.0,0.0,5.745791e-06,5.745791e-06,5.741547e-07,3.5194137e-06,1,1.5258207,0.41699165,4797057.0,6286621.0,1196015.0,1594686.8,0.75,0.76305807
ref,1194,5,3,4,1,6.9975586,1.2975777,1.5524389,9.67668,331.19376,0.0,-30.0,0.0,5.6032477e-06,5.6032477e-06,5.484889e-07,3.5520334e-06,1,1.5811136,0.46084052,4797057.0,6286621.0,1196015.0,1594686.8,0.75,0.76305807
ref,1195,5,3,5,1,6.9975586,1.2975777,1.5524389,10.321719,331.19376,0.0,-30.0,0.0,5.647178e-06,5.647178e-06,5.271554e-07,3.546239e-06,1,1.6298232,0.4994687,4797057.0,6286621.0,1196015.0,1594686.8,0.75,0.76305807
ref,1196,5,3,6,1,6.9975586,1.2975777,1.5524389,11.092947,331.19376,0.0,-30.0,0.0,6.1579485e-06,6.1579485e-06,5.1079155e-07,3.8030378e-06,1,1.6846184,0.5429229,4797057.0,6286621.0,1196015.0,1594686.8,0.75,0.76305807
ref,1197,5,3,7,1,6.9975586,1.2975777,1.5524389,12.214801,331.19376,0.0,-30.0,0.0,5.5284013e-06,5.5284013e-06,5.114386e-07,3.5511223e-06,1,1.7441742,0.59015256,4797057.0,6286621.0,1196015.0,1594686.8,0.75,0.76305807
ref,1198,5,4,1,1,6.9975586,1.2975777,1.7832625,7.9244986,331.19376,0.0,-30.0,0.0,5.344959e-06,5.344959e-06,4.5117181e-07,3.307702e-06,1,1.3241472,0.25705847,4797057.0,6286621.0,1196015.0,1594686.8,0.75,0.76305807
ref,1199,5,4,2,1,6.9975586,1.2975777,1.7832625,8.7053795,331.19376,0.0,-30.0,0.0,5.491005e-06,5.491005e-06,5.108694e-07,3.369281e-06,1,1.3713081,0.29445842,4797057.0,6286621.0,1196015.0,1594686.8,0.75,0.76305807
ref,1200,5,4,3,1,6.9975586,1.2975777,1.7832625,9.339123,331.19376,0.0,-30.0,0.0,6.0749753e-06,6.0749753e-06,4.905866e-07,3.6501503e-06,1,1.4268175,0.3384791,4797057.0,6286621.0,1196015.0,1594686.8,0.75,0.76305807
ref,1201,5,4,4,1,6.9975586,1.2975777,1.7832625,9.945587,331.19376,0.0,-30.0,0.0,5.387191e-06,5.387191e-06,5.281983e-07,3.4270415e-06,1,1.4749485,0.37664843,4797057.0,6286621.0,1196015.0,1594686.8,0.75,0.76305807
ref,1202,5,4,5,1,6.9975586,1.2975777,1.7832625,10.591377,331.19376,0.0,-30.0,0.0,5.806088e-06,5.806088e-06,4.897782e-07,3.6044382e-06,1,1.5181209,0.41088545,4797057.0,6286621.0,1196015.0,1594686.8,0.75,0.76305807
ref,1203,5,4,6,1,6.9975586,1.2975777,1.7832625,11.3621645,331.19376,0.0,-30.0,0.0,5.481898e-06,5.481898e-06,4.764879e-07,3.3733972e-06,1,1.5708644,0.45271266,4797057.0,6286621.0,1196015.0,1594686.8,0.75,0.76305807
ref,1204,5,4,7,1,6.9975586,1.2975777,1.7832625,12.481005,331.19376,0.0,-30.0,0.0,5.83231e-06,5.83231e-06,4.953416e-07,3.683964e-06,1,1.6252711,0.49585873,4797057.0,6286621.0,1196015.0,1594686.8,0.75,0.76305807
ref,1205,5,5,1,1,6.9975586,1.2975777,2.040212,8.199097,331.19376,0.0,-30.0,0.0,5.268609e-06,5.268609e-06,4.743323e-07,3.2247697e-06,1,1.2444861,0.1938848,4797057.0,6286621.0,1196015.0,1594686.8,0.75,0.76305807
ref,1206,5,5,2,1,6.9975586,1.2975777,2.040212,8.983438,331.19376,0.0,-30.0,0.0,5.849007e-06,5.849007e-06,4.6643783e-07,3.5170656e-06,1,1.2955858,0.23440835,4797057.0,6286621.0,1196015.0,1594686.8,0.75,0.76305807
ref,1207,5,5,3,1,6.9975586,1.2975777,2.040212,9.618535,331.19376,0.0,-30.0,0.0,5.530334e-06,5.530334e-06,4.903575e-07,3.2876858e-06,1,1.3409755,0.27040377,4797057.0,6286621.0,1196015.0,1594686.8,0.75,0.76305807
ref,1208,5,5,4,1,6.9975586,1.2975777,2.040212,10.225178,331.19376,0.0,-30.0,0.0,5.2383693e-06,5.2383693e-06,4.6431407e-07,3.2372945e-06,1,1.3793408,0.3008286,4797057.0,6286621.0,1196015.0,1594686.8,0.75,0.76305807
ref,1209,5,5,5,1,6.9975586,1.2975777,2.040212,10.870011,331.19376,0.0,-30.0,0.0,5.143802e-06,5.143802e-06,5.0170485e-07,3.2174244e-06,1,1.4193404,0.33254954,4797057.0,6286621.0,1196015.0,1594686.8,0.75,0.76305807
ref,1210,5,5,6,1,6.9975586,1.2975777,2.040212,11.638242,331.19376,0.0,-30.0,0.0,5.6041044e-06,5.6041044e-06,4.949564e-07,3.472693e-06,1,1.4632121,0.36734113,4797057.0,6286621.0,1196015.0,1594686.8,0.75,0.76305807
ref,1211,5,5,7,1,6.9975586,1.2975777,2.040212,12.750769,331.19376,0.0,-30.0,0.0,5.4541065e-06,5.4541065e-06,4.853891e-07,3.4095974e-06,1,1.5094818,0.40403438,4797057.0,6286621.0,1196015.0,1594686.8,0.75,0.76305807
ref,1212,5,6,1,1,6.9975586,1.2975777,2.3611507,8.525253,331.19376,0.0,-30.0,0.0,4.630663e-06,4.630663e-06,4.4615854e-07,2.7718174e-06,1,1.1826026,0.14480934,4797057.0,6286621.0,1196015.0,1594686.8,0.75,0.76305807
ref,1213,5,6,2,1,6.9975586,1.2975777,2.3611507,9.3111925,331.19376,0.0,-30.0,0.0,6.5488057e-06,6.5488057e-06,4.6399302e-07,3.886156e-06,1,1.2262535,0.17942582,4797057.0,6286621.0,1196015.0,1594686.8,0.75,0.76305807
ref,1214,5,6,3,1,6.9975586,1.2975777,2.3611507,9.945848,331.19376,0.0,-30.0,0.0,5.6622957e-06,5.6622957e-06,4.3314486e-07,3.4487932e-06,1,1.2604566,0.2065499,4797057.0,6286621.0,1196015.0,1594686.8,0.75,0.76305807
ref,1215,5,6,4,1,6.9975586,1.2975777,2.3611507,10.550699,331.19376,0.0,-30.0,0.0,5.942556e-06,5.942556e-06,4.6125217e-07,3.577583e-06,1,1.2891501,0.22930476,4797057.0,6286621.0,1196015.0,1594686.8,0.75,0.76305807
ref,1216,5,6,5,1,6.9975586,1.2975777,2.3611507,11.1922655,331.19376,0.0,-30.0,0.0,5.8225346e-06,5.8225346e-06,5.040467e-07,3.5417715e-06,1,1.3231947,0.25630313,4797057.0,6286621.0,1196015.0,1594686.8,0.75,0.76305807
ref,1217,5,6,6,1,6.9975586,1.2975777,2.3611507,11.954876,331.19376,0.0,-30.0,0.0,5.347161e-06,5.347161e-06,4.7297405e-07,3.319497e-06,1,1.3565435,0.28274974,4797057.0,6286621.0,1196015.0,1594686.8,0.75,0.76305807
ref,1218,5,6,7,1,6.9975586,1.2975777,2.3611507,13.056154,331.19376,0.0,-30.0,0.0,5.5190435e-06,5.5190435e-06,4.1702856e-07,3.3903161e-06,1,1.3923396,0.31113705,4797057.0,6286621.0,1196015.0,1594686.8,0.75,0.76305807
ref,1219,5,7,1,1,6.9975586,1.2975777,2.8522766,8.9956455,331.19376,0.0,-30.0,0.0,6.137556e-06,6.137556e-06,4.643496e-07,3.6045622e-06,1,1.1275221,0.101128824,4797057.0,6286621.0,1196015.0,1594686.8,0.75,0.76305807
ref,1220,5,7,2,1,6.9975586,1.2975777,2.8522766,9.779453,331.19376,0.0,-30.0,0.0,6.2636013e-06,6.2636013e-06,4.4987902e-07,3.6444028e-06,1,1.156434,0.12405686,4797057.0,6286621.0,1196015.0,1594686.8,0.75,0.76305807
ref,1221,5,7,3,1,6.9975586,1.2975777,2.8522766,10.409815,331.19376,0.0,-30.0,0.0,7.4909713e-06,7.4909713e-06,4.497035e-07,4.223023e-06,1,1.1776392,0.14087325,4797057.0,6286621.0,1196015.0,1594686.8,0.75,0.76305807
ref,1222,5,7,4,1,6.9975586,1.2975777,2.8522766,11.008614,331.19376,0.0,-30.0,0.0,6.1357737e-06,6.1357737e-06,4.32014e-07,3.7369746e-06,1,1.199628,0.158311,4797057.0,6286621.0,1196015.0,1594686.8,0.75,0.76305807
ref,1223,5,7,5,1,6.9975586,1.2975777,2.8522766,11.641792,331.19376,0.0,-30.0,0.0,5.9670715e-06,5.9670715e-06,4.790648e-07,3.523861e-06,1,1.221105,0.17534292,4797057.0,6286621.0,1196015.0,1594686.8,0.75,0.76305807
ref,1224,5,7,6,1,6.9975586,1.2975777,2.8522766,12.391943,331.19376,0.0,-30.0,0.0,5.1465845e-06,5.1465845e-06,4.478786e-07,3.1926822e-06,1,1.2421622,0.19204192,4797057.0,6286621.0,1196015.0,1594686.8,0.75,0.76305807
ref,1225,5,7,7,1,6.9975586,1.2975777,2.8522766,13.470834,331.19376,0.0,-30.0,0.0,5.244448e-06,5.244448e-06,4.4200843e-07,3.1062482e-06,1,1.2650855,0.21022071,4797057.0,6286621.0,1196015.0,1594686.8,0.75,0.76305807
ref,1226,5,1,1,2,8.073767,1.091122,1.0569276,7.0533094,331.19376,0.0,-30.0,0.0,4.1090057e-06,4.1090057e-06,5.933996e-07,2.6892126e-06,1,1.9710174,0.77004594,7368661.5,9656751.0,1578646.0,2104861.2,0.75,0.76305807
ref,1227,5,1,2,2,8.073767,1.091122,1.0569276,7.8092723,331.19376,0.0,-30.0,0.0,4.0166374e-06,4.0166374e-06,6.144493e-07,2.7098715e-06,1,1.9963952,0.7901713,7368661.5,9656751.0,1578646.0,2104861.2,0.75,0.76305807
ref,1228,5,1,3,2,8.073767,1.091122,1.0569276,8.426987,331.19376,0.0,-30.0,0.0,4.860667e-06,4.860667e-06,6.673375e-07,3.23606e-06,1,2.0199714,0.80886793,7368661.5,9656751.0,1578646.0,2104861.2,0.75,0.76305807
ref,1229,5,1,4,2,8.073767,1.091122,1.0569276,9.021398,331.19376,0.0,-30.0,0.0,4.546416e-06,4.546416e-06,6.326706e-07,2.9914195e-06,1,2.0552032,0.8368078,7368661.5,9656751.0,1578646.0,2104861.2,0.75,0.76305807
ref,1230,5,1,5,2,8.073767,1.091122,1.0569276,9.657674,331.19376,0.0,-30.0,0.0,4.5720376e-06,4.5720376e-06,6.173736e-07,2.9371352e-06,1,2.0857623,0.8610421,7368661.5,9656751.0,1578646.0,2104861.2,0.75,0.76305807
ref,1231,5,1,6,2,8.073767,1.091122,1.0569276,10.421364,331.19376,0.0,-30.0,0.0,4.4790495e-06,4.4790495e-06,6.271697e-07,2.9186785e-06,1,2.1113796,0.88135743,7368661.5,9656751.0,1578646.0,2104861.2,0.75,0.76305807
ref,1232,5,1,7,2,8.073767,1.091122,1.0569276,11.537597,331.19376,0.0,-30.0,0.0,5.1328216e-06,5.1328216e-06,6.392665e-07,3.4121067e-06,1,2.1401587,0.90418,7368661.5,9656751.0,1578646.0,2104861.2,0.75,0.76305807
ref,1233,5,2,1,2,8.073767,1.091122,1.3227133,7.3925524,331.19376,0.0,-30.0,0.0,3.7338382e-06,3.7338382e-06,5.7427667e-07,2.4368067e-06,1,1.812236,0.6441275,7368661.5,9656751.0,1578646.0,2104861.2,0.75,0.76305807
ref,1234,5,2,2,2,8.073767,1.091122,1.3227133,8.160858,331.19376,0.0,-30.0,0.0,4.732295e-06,4.732295e-06,6.1831844e-07,3.0422061e-06,1,1.8416839,0.6674805,7368661.5,9656751.0,1578646.0,2104861.2,0.75,0.76305807
ref,1235,5,2,3,2,8.073767,1.091122,1.3227133,8.787041,331.19376,0.0,-30.0,0.0,4.9730534e-06,4.9730534e-06,6.0346247e-07,3.0912456e-06,1,1.8917155,0.70715714,7368661.5,9656751.0,1578646.0,2104861.2,0.75,0.76305807
ref,1236,5,2,4,2,8.073767,1.091122,1.3227133,9.388358,331.19376,0.0,-30.0,0.0,4.7136245e-06,4.7136245e-06,5.855144e-07,3.0836661e-06,1,1.9397388,0.74524105,7368661.5,9656751.0,1578646.0,2104861.2,0.75,0.76305807
ref,1237,5,2,5,2,8.073767,1.091122,1.3227133,10.030751,331.19376,0.0,-30.0,0.0,4.82669e-06,4.82669e-06,5.730302e-07,3.1233267e-06,1,1.9791859,0.7765239,7368661.5,9656751.0,1578646.0,2104861.2,0.75,0.76305807
ref,1238,5,2,6,2,8.073767,1.091122,1.3227133,10.800185,331.19376,0.0,-30.0,0.0,5.5733954e-06,5.5733954e-06,5.949804e-07,3.5482497e-06,1,2.0154998,0.80532193,7368661.5,9656751.0,1578646.0,2104861.2,0.75,0.76305807
ref,1239,5,2,7,2,8.073767,1.091122,1.3227133,11.921865,331.19376,0.0,-30.0,0.0,4.7815515e-06,4.7815515e-06,5.8939594e-07,3.108024e-06,1,2.0552967,0.836882,7368661.5,9656751.0,1578646.0,2104861.2,0.75,0.76305807
ref,1240,5,3,1,2,8.073767,1.091122,1.5524389,7.6652484,331.19376,0.0,-30.0,0.0,3.805914e-06,3.805914e-06,5.104686e-07,2.4130072e-06,1,1.6786877,0.53821975,7368661.5,9656751.0,1578646.0,2104861.2,0.75,0.76305807
ref,1241,5,3,2,2,8.073767,1.091122,1.5524389,8.440992,331.19376,0.0,-30.0,0.0,4.6659575e-06,4.6659575e-06,5.465509e-07,2.9594069e-06,1,1.722167,0.57270014,7368661.5,9656751.0,1578646.0,2104861.2,0.75,0.76305807
ref,1242,5,3,3,2,8.073767,1.091122,1.5524389,9.0718975,331.19376,0.0,-30.0,0.0,4.2536576e-06,4.2536576e-06,5.492004e-07,2.7397243e-06,1,1.7841958,0.6218908,7368661.5,9656751.0,1578646.0,2104861.2,0.75,0.76305807
ref,1243,5,3,4,2,8.073767,1.091122,1.5524389,9.67668,331.19376,0.0,-30.0,0.0,4.6655036e-06,4.6655036e-06,5.6452535e-07,2.9034557e-06,1,1.8357706,0.66279113,7368661.5,9656751.0,1578646.0,2104861.2,0.75,0.76305807
ref,1244,5,3,5,2,8.073767,1.091122,1.5524389,10.321719,331.19376,0.0,-30.0,0.0,5.2978853e-06,5.2978853e-06,5.5090004e-07,3.2484784e-06,1,1.8782518,0.69648004,7368661.5,9656751.0,1578646.0,2104861.2,0.75,0.76305807
ref,1245,5,3,6,2,8.073767,1.091122,1.5524389,11.092947,331.19376,0.0,-30.0,0.0,4.8992993e-06,4.8992993e-06,5.542111e-07,3.156758e-06,1,1.9230515,0.73200756,7368661.5,9656751.0,1578646.0,2104861.2,0.75,0.76305807
ref,1246,5,3,7,2,8.073767,1.091122,1.5524389,12.214801,331.19376,0.0,-30.0,0.0,4.750423e-06,4.750423e-06,5.66214e-07,3.04148e-06,1,1.968496,0.7680464,7368661.5,9656751.0,1578646.0,2104861.2,0.75,0.76305807
ref,1247,5,4,1,2,8.073767,1.091122,1.7832625,7.9244986,331.19376,0.0,-30.0,0.0,3.601475e-06,3.601475e-06,5.078952e-07,2.3573302e-06,1,1.558741,0.44309834,7368661.5,9656751.0,1578646.0,2104861.2,0.75,0.76305807
ref,1248,5,4,2,2,8.073767,1.091122,1.7832625,8.7053795,331.19376,0.0,-30.0,0.0,4.2855795e-06,4.2855795e-06,4.8409555e-07,2.6845335e-06,1,1.6175349,0.48972365,7368661.5,9656751.0,1578646.0,2104861.2,0.75,0.76305807
ref,1249,5,4,3,2,8.073767,1.091122,1.7832625,9.339123,331.19376,0.0,-30.0,0.0,4.7624617e-06,4.7624617e-06,5.193238e-07,2.9743123e-06,1,1.6816514,0.54057,7368661.5,9656751.0,1578646.0,2104861.2,0.75,0.76305807
ref,1250,5,4,4,2,8.073767,1.091122,1.7832625,9.945587,331.19376,0.0,-30.0,0.0,4.9334844e-06,4.9334844e-06,5.0849076e-07,2.9735547e-06,1,1.7332587,0.5814962,7368661.5,9656751.0,1578646.0,2104861.2,0.75,0.76305807
ref,1251,5,4,5,2,8.073767,1.091122,1.7832625,10.591377,331.19376,0.0,-30.0,0.0,4.8902184e-06,4.8902184e-06,5.171946e-07,3.1233958e-06,1,1.7767098,0.61595416,7368661.5,9656751.0,1578646.0,2104861.2,0.75,0.76305807
ref,1252,5,4,6,2,8.073767,1.091122,1.7832625,11.3621645,331.19376,0.0,-30.0,0.0,4.6278906e-06,4.6278906e-06,5.637737e-07,2.993082e-06,1,1.82649,0.6554314,7368661.5,9656751.0,1578646.0,2104861.2,0.75,0.76305807
ref,1253,5,4,7,2,8.073767,1.091122,1.7832625,12.481005,331.19376,0.0,-30.0,0.0,4.657121e-06,4.657121e-06,5.507813e-07,2.9534935e-06,1,1.8743916,0.69341874,7368661.5,9656751.0,1578646.0,2104861.2,0.75,0.76305807
ref,1254,5,5,1,2,8.073767,1.091122,2.040212,8.199097,331.19376,0.0,-30.0,0.0,3.7972122e-06,3.7972122e-06,4.5884426e-07,2.3693183e-06,1,1.4490621,0.35611975,7368661.5,9656751.0,1578646.0,2104861.2,0.75,0.76305807
ref,1255,5,5,2,2,8.073767,1.091122,2.040212,8.983438,331.19376,0.0,-30.0,0.0,4.7434746e-06,4.7434746e-06,4.496973e-07,2.857719e-06,1,1.5210043,0.41317207,7368661.5,9656751.0,1578646.0,2104861.2,0.75,0.76305807
ref,1256,5,5,3,2,8.073767,1.091122,2.040212,9.618535,331.19376,0.0,-30.0,0.0,4.77773e-06,4.77773e-06,4.730674e-07,2.9092241e-06,1,1.5802054,0.46012035,7368661.5,9656751.0,1578646.0,2104861.2,0.75,0.76305807
ref,1257,5,5,4,2,8.073767,1.091122,2.040212,10.225178,331.19376,0.0,-30.0,0.0,5.2948135e-06,5.2948135e-06,4.839633e-07,3.217665e-06,1,1.6271394,0.49734038,7368661.5,9656751.0,1578646.0,2104861.2,0.75,0.76305807
ref,1258,5,5,5,2,8.073767,1.091122,2.040212,10.870011,331.19376,0.0,-30.0,0.0,4.9732607e-06,4.9732607e-06,4.9605427e-07,3.081266e-06,1,1.6733134,0.5339577,7368661.5,9656751.0,1578646.0,2104861.2,0.75,0.76305807
ref,1259,5,5,6,2,8.073767,1.091122,2.040212,11.638242,331.19376,0.0,-30.0,0.0,5.01541e-06,5.01541e-06,4.8897755e-07,3.0703163e-06,1,1.7209941,0.57177,7368661.5,9656751.0,1578646.0,2104861.2,0.75,0.76305807
ref,1260,5,5,7,2,8.073767,1.091122,2.040212,12.750769,331.19376,0.0,-30.0,0.0,4.4309377e-06,4.4309377e-06,5.6026107e-07,2.807521e-06,1,1.7682178,0.6092198,7368661.5,9656751.0,1578646.0,2104861.2,0.75,0.76305807
ref,1261,5,6,1,2,8.073767,1.091122,2.3611507,8.525253,331.19376,0.0,-30.0,0.0,4.1421054e-06,4.1421054e-06,4.041659e-07,2.560496e-06,1,1.3533996,0.28025648,7368661.5,9656751.0,1578646.0,2104861.2,0.75,0.76305807
ref,1262,5,6,2,2,8.073767,1.091122,2.3611507,9.3111925,331.19376,0.0,-30.0,0.0,5.79525e-06,5.79525e-06,4.7652827e-07,3.2384162e-06,1,1.4219055,0.33458373,7368661.5,9656751.0,1578646.0,2104861.2,0.75,0.76305807
ref,1263,5,6,3,2,8.073767,1.091122,2.3611507,9.945848,331.19376,0.0,-30.0,0.0,4.8409975e-06,4.8409975e-06,5.00336e-07,2.9705768e-06,1,1.4721885,0.37445962,7368661.5,9656751.0,1578646.0,2104861.2,0.75,0.76305807
ref,1264,5,6,4,2,8.073767,1.091122,2.3611507,10.550699,331.19376,0.0,-30.0,0.0,5.499004e-06,5.499004e-06,4.699932e-07,3.3732892e-06,1,1.5122651,0.40624163,7368661.5,9656751.0,1578646.0,2104861.2,0.75,0.76305807
ref,1265,5,6,5,2,8.073767,1.091122,2.3611507,11.1922655,331.19376,0.0,-30.0,0.0,5.695124e-06,5.695124e-06,4.981226e-07,3.6058366e-06,1,1.5575093,0.44212162,7368661.5,9656751.0,1578646.0,2104861.2,0.75,0.76305807
ref,1266,5,6,6,2,8.073767,1.091122,2.3611507,11.954876,331.19376,0.0,-30.0,0.0,4.933365e-06,4.933365e-06,4.4713835e-07,2.962777e-06,1,1.5995778,0.4754832,7368661.5,9656751.0,1578646.0,2104861.2,0.75,0.76305807
ref,1267,5,6,7,2,8.073767,1.091122,2.3611507,13.056154,331.19376,0.0,-30.0,0.0,4.7001877e-06,4.7001877e-06,4.6863343e-07,2.939888e-06,1,1.6424421,0.5094758,7368661.5,9656751.0,1578646.0,2104861.2,0.75,0.76305807
ref,1268,5,7,1,2,8.073767,1.091122,2.8522766,8.9956455,331.19376,0.0,-30.0,0.0,5.780164e-06,5.780164e-06,4.796178e-07,3.5253556e-06,1,1.259182,0.20553906,7368661.5,9656751.0,1578646.0,2104861.2,0.75,0.76305807
ref,1269,5,7,2,2,8.073767,1.091122,2.8522766,9.779453,331.19376,0.0,-30.0,0.0,6.3244865e-06,6.3244865e-06,4.5833707e-07,3.6196932e-06,1,1.3097856,0.24566932,7368661.5,9656751.0,1578646.0,2104861.2,0.75,0.76305807
ref,1270,5,7,3,2,8.073767,1.091122,2.8522766,10.409815,331.19376,0.0,-30.0,0.0,5.7744346e-06,5.7744346e-06,4.478082e-07,3.2207074e-06,1,1.3452802,0.27381757,7368661.5,9656751.0,1578646.0,2104861.2,0.75,0.76305807
ref,1271,5,7,4,2,8.073767,1.091122,2.8522766,11.008614,331.19376,0.0,-30.0,0.0,5.3793183e-06,5.3793183e-06,4.153263e-07,3.2021414e-06,1,1.3807274,0.30192828,7368661.5,9656751.0,1578646.0,2104861.2,0.75,0.76305807
ref,1272,5,7,5,2,8.073767,1.091122,2.8522766,11.641792,331.19376,0.0,-30.0,0.0,5.3646545e-06,5.3646545e-06,4.845794e-07,3.1529594e-06,1,1.4140866,0.32838306,7368661.5,9656751.0,1578646.0,2104861.2,0.75,0.76305807
ref,1273,5,7,6,2,8.073767,1.091122,2.8522766,12.391943,331.19376,0.0,-30.0,0.0,5.15614e-06,5.15614e-06,4.3113167e-07,3.0750273e-06,1,1.4456463,0.35341087,7368661.5,9656751.0,1578646.0,2104861.2,0.75,0.76305807
ref,1274,5,7,7,2,8.073767,1.091122,2.8522766,13.470834,331.19376,0.0,-30.0,0.0,4.3648347e-06,4.3648347e-06,4.490491e-07,2.6600458e-06,1,1.4787796,0.37968656,7368661.5,9656751.0,1578646.0,2104861.2,0.75,0.76305807
ref,1275,5,1,1,3,7.4094696,1.5285095,1.0569276,7.0533094,331.19376,0.0,-30.0,0.0,5.7082093e-06,5.7082093e-06,5.596904e-07,3.6731403e-06,1,1.8492252,0.6734611,5762433.0,7551762.0,1343132.1,1790842.8,0.75,0.76305807
ref,1276,5,1,2,3,7.4094696,1.5285095,1.0569276,7.8092723,331.19376,0.0,-30.0,0.0,6.2495087e-06,6.2495087e-06,5.616435e-07,3.970388e-06,1,1.881092,0.6987323,5762433.0,7551762.0,1343132.1,1790842.8,0.75,0.76305807
ref,1277,5,1,3,3,7.4094696,1.5285095,1.0569276,8.426987,331.19376,0.0,-30.0,0.0,6.35212e-06,6.35212e-06,5.677684e-07,3.994472e-06,1,1.9113368,0.72271746,5762433.0,7551762.0,1343132.1,1790842.8,0.75,0.76305807
ref,1278,5,1,4,3,7.4094696,1.5285095,1.0569276,9.021398,331.19376,0.0,-30.0,0.0,6.760859e-06,6.760859e-06,5.8678484e-07,4.2001734e-06,1,1.9577274,0.7595066,5762433.0,7551762.0,1343132.1,1790842.8,0.75,0.76305807
ref,1279,5,1,5,3,7.4094696,1.5285095,1.0569276,9.657674,331.19376,0.0,-30.0,0.0,6.993451e-06,6.993451e-06,5.743171e-07,4.4418275e-06,1,1.9991702,0.7923719,5762433.0,7551762.0,1343132.1,1790842.8,0.75,0.76305807
ref,1280,5,1,6,3,7.4094696,1.5285095,1.0569276,10.421364,331.19376,0.0,-30.0,0.0,6.6655757e-06,6.6655757e-06,6.025344e-07,4.352857e-06,1,2.03481,0.8206354,5762433.0,7551762.0,1343132.1,1790842.8,0.75,0.76305807
ref,1281,5,1,7,3,7.4094696,1.5285095,1.0569276,11.537597,331.19376,0.0,-30.0,0.0,7.3500914e-06,7.3500914e-06,5.832473e-07,4.695185e-06,1,2.0758648,0.85319304,5762433.0,7551762.0,1343132.1,1790842.8,0.75,0.76305807
ref,1282,5,2,1,3,7.4094696,1.5285095,1.3227133,7.3925524,331.19376,0.0,-30.0,0.0,5.7538796e-06,5.7538796e-06,5.101995e-07,3.6553697e-06,1,1.6647062,0.527132,5762433.0,7551762.0,1343132.1,1790842.8,0.75,0.76305807
ref,1283,5,2,2,3,7.4094696,1.5285095,1.3227133,8.160858,331.19376,0.0,-30.0,0.0,5.876017e-06,5.876017e-06,5.322991e-07,3.7467464e-06,1,1.6971143,0.5528326,5762433.0,7551762.0,1343132.1,1790842.8,0.75,0.76305807
ref,1284,5,2,3,3,7.4094696,1.5285095,1.3227133,8.787041,331.19376,0.0,-30.0,0.0,6.970888e-06,6.970888e-06,5.527567e-07,4.3784007e-06,1,1.7540057,0.59794915,5762433.0,7551762.0,1343132.1,1790842.8,0.75,0.76305807
ref,1285,5,2,4,3,7.4094696,1.5285095,1.3227133,9.388358,331.19376,0.0,-30.0,0.0,6.8464933e-06,6.8464933e-06,5.369209e-07,4.3299915e-06,1,1.8108985,0.6430669,5762433.0,7551762.0,1343132.1,1790842.8,0.75,0.76305807
ref,1286,5,2,5,3,7.4094696,1.5285095,1.3227133,10.030751,331.19376,0.0,-30.0,0.0,6.7790143e-06,6.7790143e-06,5.406152e-07,4.237629e-06,1,1.8594058,0.6815346,5762433.0,7551762.0,1343132.1,1790842.8,0.75,0.76305807
ref,1287,5,2,6,3,7.4094696,1.5285095,1.3227133,10.800185,331.19376,0.0,-30.0,0.0,7.2670327e-06,7.2670327e-06,5.4531654e-07,4.4765525e-06,1,1.9055523,0.7181301,5762433.0,7551762.0,1343132.1,1790842.8,0.75,0.76305807
ref,1288,5,2,7,3,7.4094696,1.5285095,1.3227133,11.921865,331.19376,0.0,-30.0,0.0,7.1730146e-06,7.1730146e-06,5.6093023e-07,4.5281054e-06,1,1.9578525,0.7596058,5762433.0,7551762.0,1343132.1,1790842.8,0.75,0.76305807
ref,1289,5,3,1,3,7.4094696,1.5285095,1.5524389,7.6652484,331.19376,0.0,-30.0,0.0,5.4389648e-06,5.4389648e-06,4.6445533e-07,3.325066e-06,1,1.5269319,0.4178728,5762433.0,7551762.0,1343132.1,1790842.8,0.75,0.76305807
ref,1290,5,3,2,3,7.4094696,1.5285095,1.5524389,8.440992,331.19376,0.0,-30.0,0.0,6.055697e-06,6.055697e-06,4.969268e-07,3.7873967e-06,1,1.5702094,0.4521931,5762433.0,7551762.0,1343132.1,1790842.8,0.75,0.76305807
ref,1291,5,3,3,3,7.4094696,1.5285095,1.5524389,9.0718975,331.19376,0.0,-30.0,0.0,6.0700218e-06,6.0700218e-06,4.8093744e-07,3.842284e-06,1,1.6345572,0.50322294,5762433.0,7551762.0,1343132.1,1790842.8,0.75,0.76305807
ref,1292,5,3,4,3,7.4094696,1.5285095,1.5524389,9.67668,331.19376,0.0,-30.0,0.0,6.4083542e-06,6.4083542e-06,4.8588714e-07,3.952527e-06,1,1.690544,0.54762214,5762433.0,7551762.0,1343132.1,1790842.8,0.75,0.76305807
ref,1293,5,3,5,3,7.4094696,1.5285095,1.5524389,10.321719,331.19376,0.0,-30.0,0.0,6.6644748e-06,6.6644748e-06,4.8841196e-07,4.139712e-06,1,1.7384632,0.58562344,5762433.0,7551762.0,1343132.1,1790842.8,0.75,0.76305807
ref,1294,5,3,6,3,7.4094696,1.5285095,1.5524389,11.092947,331.19376,0.0,-30.0,0.0,6.9406397e-06,6.9406397e-06,5.098218e-07,4.346198e-06,1,1.7908667,0.62718105,5762433.0,7551762.0,1343132.1,1790842.8,0.75,0.76305807
ref,1295,5,3,7,3,7.4094696,1.5285095,1.5524389,12.214801,331.19376,0.0,-30.0,0.0,6.266025e-06,6.266025e-06,4.9686497e-07,4.0122527e-06,1,1.8460972,0.6709805,5762433.0,7551762.0,1343132.1,1790842.8,0.75,0.76305807
ref,1296,5,4,1,3,7.4094696,1.5285095,1.7832625,7.9244986,331.19376,0.0,-30.0,0.0,5.916385e-06,5.916385e-06,4.4589137e-07,3.7863808e-06,1,1.4147044,0.32887304,5762433.0,7551762.0,1343132.1,1790842.8,0.75,0.76305807
ref,1297,5,4,2,3,7.4094696,1.5285095,1.7832625,8.7053795,331.19376,0.0,-30.0,0.0,5.8794094e-06,5.8794094e-06,4.3028606e-07,3.6435931e-06,1,1.4684525,0.3714968,5762433.0,7551762.0,1343132.1,1790842.8,0.75,0.76305807
ref,1298,5,4,3,3,7.4094696,1.5285095,1.7832625,9.339123,331.19376,0.0,-30.0,0.0,6.5783397e-06,6.5783397e-06,4.7871816e-07,4.010525e-06,1,1.5298358,0.42017573,5762433.0,7551762.0,1343132.1,1790842.8,0.75,0.76305807
ref,1299,5,4,4,3,7.4094696,1.5285095,1.7832625,9.945587,331.19376,0.0,-30.0,0.0,6.1255946e-06,6.1255946e-06,4.5368472e-07,3.8822627e-06,1,1.5814859,0.46113572,5762433.0,7551762.0,1343132.1,1790842.8,0.75,0.76305807
ref,1300,5,4,5,3,7.4094696,1.5285095,1.7832625,10.591377,331.19376,0.0,-30.0,0.0,6.9265257e-06,6.9265257e-06,4.5919822e-07,4.3330165e-06,1,1.6266223,0.49693027,5762433.0,7551762.0,1343132.1,1790842.8,0.75,0.76305807
ref,1301,5,4,6,3,7.4094696,1.5285095,1.7832625,11.3621645,331.19376,0.0,-30.0,0.0,7.4909417e-06,7.4909417e-06,4.6462807e-07,4.621606e-06,1,1.6802961,0.5394952,5762433.0,7551762.0,1343132.1,1790842.8,0.75,0.76305807
ref,1302,5,4,7,3,7.4094696,1.5285095,1.7832625,12.481005,331.19376,0.0,-30.0,0.0,6.756928e-06,6.756928e-06,4.7383898e-07,4.211004e-06,1,1.7340391,0.582115,5762433.0,7551762.0,1343132.1,1790842.8,0.75,0.76305807
ref,1303,5,5,1,3,7.4094696,1.5285095,2.040212,8.199097,331.19376,0.0,-30.0,0.0,5.43399e-06,5.43399e-06,4.38232e-07,3.3481447e-06,1,1.3203995,0.25408643,5762433.0,7551762.0,1343132.1,1790842.8,0.75,0.76305807
ref,1304,5,5,2,3,7.4094696,1.5285095,2.040212,8.983438,331.19376,0.0,-30.0,0.0,6.9058133e-06,6.9058133e-06,4.4611104e-07,4.203537e-06,1,1.3814121,0.30247134,5762433.0,7551762.0,1343132.1,1790842.8,0.75,0.76305807
ref,1305,5,5,3,3,7.4094696,1.5285095,2.040212,9.618535,331.19376,0.0,-30.0,0.0,6.7097203e-06,6.7097203e-06,4.331056e-07,4.125855e-06,1,1.4340557,0.34421924,5762433.0,7551762.0,1343132.1,1790842.8,0.75,0.76305807
ref,1306,5,5,4,3,7.4094696,1.5285095,2.040212,10.225178,331.19376,0.0,-30.0,0.0,7.3564192e-06,7.3564192e-06,4.5073082e-07,4.432351e-06,1,1.4774588,0.3786392,5762433.0,7551762.0,1343132.1,1790842.8,0.75,0.76305807
ref,1307,5,5,5,3,7.4094696,1.5285095,2.040212,10.870011,331.19376,0.0,-30.0,0.0,5.8021246e-06,5.8021246e-06,4.3947043e-07,3.6900963e-06,1,1.5216826,0.41371003,5762433.0,7551762.0,1343132.1,1790842.8,0.75,0.76305807
ref,1308,5,5,6,3,7.4094696,1.5285095,2.040212,11.638242,331.19376,0.0,-30.0,0.0,7.107427e-06,7.107427e-06,4.407666e-07,4.2798715e-06,1,1.5690227,0.451252,5762433.0,7551762.0,1343132.1,1790842.8,0.75,0.76305807
ref,1309,5,5,7,3,7.4094696,1.5285095,2.040212,12.750769,331.19376,0.0,-30.0,0.0,6.32354e-06,6.32354e-06,4.905896e-07,4.0020113e-06,1,1.6176783,0.4898374,5762433.0,7551762.0,1343132.1,1790842.8,0.75,0.76305807
ref,1310,5,6,1,3,7.4094696,1.5285095,2.3611507,8.525253,331.19376,0.0,-30.0,0.0,6.2397075e-06,6.2397075e-06,3.9609833e-07,3.7330321e-06,1,1.2439117,0.1934293,5762433.0,7551762.0,1343132.1,1790842.8,0.75,0.76305807
ref,1311,5,6,2,3,7.4094696,1.5285095,2.3611507,9.3111925,331.19376,0.0,-30.0,0.0,7.452287e-06,7.452287e-06,3.957199e-07,4.3426458e-06,1,1.2981663,0.2364548,5762433.0,7551762.0,1343132.1,1790842.8,0.75,0.76305807
ref,1312,5,6,3,3,7.4094696,1.5285095,2.3611507,9.945848,331.19376,0.0,-30.0,0.0,6.2929093e-06,6.2929093e-06,4.4628533e-07,3.7711927e-06,1,1.3396719,0.26936996,5762433.0,7551762.0,1343132.1,1790842.8,0.75,0.76305807
ref,1313,5,6,4,3,7.4094696,1.5285095,2.3611507,10.550699,331.19376,0.0,-30.0,0.0,5.5602495e-06,5.5602495e-06,4.5852818e-07,3.512866e-06,1,1.3738316,0.29645967,5762433.0,7551762.0,1343132.1,1790842.8,0.75,0.76305807
ref,1314,5,6,5,3,7.4094696,1.5285095,2.3611507,11.1922655,331.19376,0.0,-30.0,0.0,6.362464e-06,6.362464e-06,4.305742e-07,3.968047e-06,1,1.4136033,0.3279998,5762433.0,7551762.0,1343132.1,1790842.8,0.75,0.76305807
ref,1315,5,6,6,3,7.4094696,1.5285095,2.3611507,11.954876,331.19376,0.0,-30.0,0.0,6.1715427e-06,6.1715427e-06,4.146608e-07,3.8353273e-06,1,1.4517868,0.35828042,5762433.0,7551762.0,1343132.1,1790842.8,0.75,0.76305807
ref,1316,5,6,7,3,7.4094696,1.5285095,2.3611507,13.056154,331.19376,0.0,-30.0,0.0,6.051593e-06,6.051593e-06,4.5471464e-07,3.756434e-06,1,1.4919438,0.39012623,5762433.0,7551762.0,1343132.1,1790842.8,0.75,0.76305807
ref,1317,5,7,1,3,7.4094696,1.5285095,2.8522766,8.9956455,331.19376,0.0,-30.0,0.0,6.549968e-06,6.549968e-06,3.9952087e-07,3.8895814e-06,1,1.1733099,0.13743998,5762433.0,7551762.0,1343132.1,1790842.8,0.75,0.76305807
ref,1318,5,7,2,3,7.4094696,1.5285095,2.8522766,9.779453,331.19376,0.0,-30.0,0.0,6.835747e-06,6.835747e-06,3.5538483e-07,4.0475716e-06,1,1.2106735,0.16707037,5762433.0,7551762.0,1343132.1,1790842.8,0.75,0.76305807
ref,1319,5,7,3,3,7.4094696,1.5285095,2.8522766,10.409815,331.19376,0.0,-30.0,0.0,7.3633028e-06,7.3633028e-06,4.2509222e-07,4.2968745e-06,1,1.2376492,0.18846293,5762433.0,7551762.0,1343132.1,1790842.8,0.75,0.76305807
ref,1320,5,7,4,3,7.4094696,1.5285095,2.8522766,11.008614,331.19376,0.0,-30.0,0.0,6.17263e-06,6.17263e-06,3.850059e-07,3.7876523e-06,1,1.2652475,0.21034917,5762433.0,7551762.0,1343132.1,1790842.8,0.75,0.76305807
ref,1321,5,7,5,3,7.4094696,1.5285095,2.8522766,11.641792,331.19376,0.0,-30.0,0.0,7.755747e-06,7.755747e-06,4.3488063e-07,4.7477292e-06,1,1.2918429,0.23144019,5762433.0,7551762.0,1343132.1,1790842.8,0.75,0.76305807
ref,1322,5,7,6,3,7.4094696,1.5285095,2.8522766,12.391943,331.19376,0.0,-30.0,0.0,5.425625e-06,5.425625e-06,4.0305102e-07,3.3799295e-06,1,1.3175795,0.2518501,5762433.0,7551762.0,1343132.1,1790842.8,0.75,0.76305807
ref,1323,5,7,7,3,7.4094696,1.5285095,2.8522766,13.470834,331.19376,0.0,-30.0,0.0,5.8646456e-06,5.8646456e-06,4.3258223e-07,3.6345284e-06,1,1.3452227,0.273772,5762433.0,7551762.0,1343132.1,1790842.8,0.75,0.76305807
ref,1324,5,1,1,4,6.9768353,1.171883,1.0569276,7.0533094,331.19376,0.0,-30.0,0.0,4.410575e-06,4.410575e-06,7.945866e-07,3.1124289e-06,1,1.7425691,0.5888795,4760209.0,6238331.5,1189447.8,1585930.2,0.75,0.76305807
ref,1325,5,1,2,4,6.9768353,1.171883,1.0569276,7.8092723,331.19376,0.0,-30.0,0.0,5.043995e-06,5.043995e-06,8.220714e-07,3.4414982e-06,1,1.7779955,0.61697376,4760209.0,6238331.5,1189447.8,1585930.2,0.75,0.76305807
ref,1326,5,1,3,4,6.9768353,1.171883,1.0569276,8.426987,331.19376,0.0,-30.0,0.0,5.1479533e-06,5.1479533e-06,8.663757e-07,3.631516e-06,1,1.8122683,0.64415306,4760209.0,6238331.5,1189447.8,1585930.2,0.75,0.76305807
ref,1327,5,1,4,4,6.9768353,1.171883,1.0569276,9.021398,331.19376,0.0,-30.0,0.0,5.0769218e-06,5.0769218e-06,8.451233e-07,3.534285e-06,1,1.8661076,0.68684936,4760209.0,6238331.5,1189447.8,1585930.2,0.75,0.76305807
ref,1328,5,1,5,4,6.9768353,1.171883,1.0569276,9.657674,331.19376,0.0,-30.0,0.0,6.119391e-06,6.119391e-06,8.3946975e-07,4.1324156e-06,1,1.9155551,0.7260627,4760209.0,6238331.5,1189447.8,1585930.2,0.75,0.76305807
ref,1329,5,1,6,4,6.9768353,1.171883,1.0569276,10.421364,331.19376,0.0,-30.0,0.0,5.562949e-06,5.562949e-06,8.534324e-07,3.7796271e-06,1,1.9591385,0.7606256,4760209.0,6238331.5,1189447.8,1585930.2,0.75,0.76305807
ref,1330,5,1,7,4,6.9768353,1.171883,1.0569276,11.537597,331.19376,0.0,-30.0,0.0,5.8795745e-06,5.8795745e-06,8.8099125e-07,3.9248093e-06,1,2.0106056,0.8014405,4760209.0,6238331.5,1189447.8,1585930.2,0.75,0.76305807
ref,1331,5,2,1,4,6.9768353,1.171883,1.3227133,7.3925524,331.19376,0.0,-30.0,0.0,4.521679e-06,4.521679e-06,7.0147973e-07,3.0318993e-06,1,1.5502555,0.43636912,4760209.0,6238331.5,1189447.8,1585930.2,0.75,0.76305807
ref,1332,5,2,2,4,6.9768353,1.171883,1.3227133,8.160858,331.19376,0.0,-30.0,0.0,4.922343e-06,4.922343e-06,6.7666366e-07,3.2955293e-06,1,1.582535,0.46196774,4760209.0,6238331.5,1189447.8,1585930.2,0.75,0.76305807
ref,1333,5,2,3,4,6.9768353,1.171883,1.3227133,8.787041,331.19376,0.0,-30.0,0.0,5.0292574e-06,5.0292574e-06,7.185151e-07,3.3466642e-06,1,1.6407005,0.50809467,4760209.0,6238331.5,1189447.8,1585930.2,0.75,0.76305807
ref,1334,5,2,4,4,6.9768353,1.171883,1.3227133,9.388358,331.19376,0.0,-30.0,0.0,4.998553e-06,4.998553e-06,7.678582e-07,3.4970217e-06,1,1.7008628,0.5558052,4760209.0,6238331.5,1189447.8,1585930.2,0.75,0.76305807
ref,1335,5,2,5,4,6.9768353,1.171883,1.3227133,10.030751,331.19376,0.0,-30.0,0.0,5.972264e-06,5.972264e-06,7.5155873e-07,3.9261495e-06,1,1.7538118,0.59779537,4760209.0,6238331.5,1189447.8,1585930.2,0.75,0.76305807
ref,1336,5,2,6,4,6.9768353,1.171883,1.3227133,10.800185,331.19376,0.0,-30.0,0.0,6.011886e-06,6.011886e-06,7.544379e-07,4.032911e-06,1,1.8056636,0.63891536,4760209.0,6238331.5,1189447.8,1585930.2,0.75,0.76305807
ref,1337,5,2,7,4,6.9768353,1.171883,1.3227133,11.921865,331.19376,0.0,-30.0,0.0,5.705519e-06,5.705519e-06,7.7225644e-07,3.8461258e-06,1,1.866255,0.68696624,4760209.0,6238331.5,1189447.8,1585930.2,0.75,0.76305807
ref,1338,5,3,1,4,6.9768353,1.171883,1.5524389,7.6652484,331.19376,0.0,-30.0,0.0,4.8431325e-06,4.8431325e-06,6.685477e-07,3.1580473e-06,1,1.4195137,0.3326869,4760209.0,6238331.5,1189447.8,1585930.2,0.75,0.76305807
ref,1339,5,3,2,4,6.9768353,1.171883,1.5524389,8.440992,331.19376,0.0,-30.0,0.0,4.849485e-06,4.849485e-06,7.2612414e-07,3.3291062e-06,1,1.4594913,0.3643903,4760209.0,6238331.5,1189447.8,1585930.2,0.75,0.76305807
ref,1340,5,3,3,4,6.9768353,1.171883,1.5524389,9.0718975,331.19376,0.0,-30.0,0.0,5.1412317e-06,5.1412317e-06,6.4907897e-07,3.4042912e-06,1,1.520764,0.41298145,4760209.0,6238331.5,1189447.8,1585930.2,0.75,0.76305807
ref,1341,5,3,4,4,6.9768353,1.171883,1.5524389,9.67668,331.19376,0.0,-30.0,0.0,4.7181675e-06,4.7181675e-06,6.926826e-07,3.1637235e-06,1,1.5759416,0.45673898,4760209.0,6238331.5,1189447.8,1585930.2,0.75,0.76305807
ref,1342,5,3,5,4,6.9768353,1.171883,1.5524389,10.321719,331.19376,0.0,-30.0,0.0,5.117463e-06,5.117463e-06,7.036353e-07,3.3814817e-06,1,1.624616,0.49533924,4760209.0,6238331.5,1189447.8,1585930.2,0.75,0.76305807
ref,1343,5,3,6,4,6.9768353,1.171883,1.5524389,11.092947,331.19376,0.0,-30.0,0.0,5.9243303e-06,5.9243303e-06,6.9400187e-07,3.8342664e-06,1,1.6794457,0.5388209,4760209.0,6238331.5,1189447.8,1585930.2,0.75,0.76305807
ref,1344,5,3,7,4,6.9768353,1.171883,1.5524389,12.214801,331.19376,0.0,-30.0,0.0,5.7540733e-06,5.7540733e-06,7.0569826e-07,3.7152174e-06,1,1.7391288,0.5861513,4760209.0,6238331.5,1189447.8,1585930.2,0.75,0.76305807
ref,1345,5,4,1,4,6.9768353,1.171883,1.7832625,7.9244986,331.19376,0.0,-30.0,0.0,4.504074e-06,4.504074e-06,6.3194614e-07,2.999741e-06,1,1.3201852,0.25391647,4760209.0,6238331.5,1189447.8,1585930.2,0.75,0.76305807
ref,1346,5,4,2,4,6.9768353,1.171883,1.7832625,8.7053795,331.19376,0.0,-30.0,0.0,5.055632e-06,5.055632e-06,6.2079914e-07,3.288028e-06,1,1.3669953,0.29103833,4760209.0,6238331.5,1189447.8,1585930.2,0.75,0.76305807
ref,1347,5,4,3,4,6.9768353,1.171883,1.7832625,9.339123,331.19376,0.0,-30.0,0.0,5.256562e-06,5.256562e-06,6.369058e-07,3.4626028e-06,1,1.4221661,0.33479038,4760209.0,6238331.5,1189447.8,1585930.2,0.75,0.76305807
ref,1348,5,4,4,4,6.9768353,1.171883,1.7832625,9.945587,331.19376,0.0,-30.0,0.0,5.237838e-06,5.237838e-06,6.436297e-07,3.3947629e-06,1,1.4700681,0.37277812,4760209.0,6238331.5,1189447.8,1585930.2,0.75,0.76305807
ref,1349,5,4,5,4,6.9768353,1.171883,1.7832625,10.591377,331.19376,0.0,-30.0,0.0,5.24724e-06,5.24724e-06,6.827947e-07,3.508622e-06,1,1.5130864,0.406893,4760209.0,6238331.5,1189447.8,1585930.2,0.75,0.76305807
ref,1350,5,4,6,4,6.9768353,1.171883,1.7832625,11.3621645,331.19376,0.0,-30.0,0.0,5.264614e-06,5.264614e-06,6.997194e-07,3.511888e-06,1,1.5657078,0.44862327,4760209.0,6238331.5,1189447.8,1585930.2,0.75,0.76305807
ref,1351,5,4,7,4,6.9768353,1.171883,1.7832625,12.481005,331.19376,0.0,-30.0,0.0,6.100173e-06,6.100173e-06,6.647842e-07,4.0571135e-06,1,1.6200645,0.49172977,4760209.0,6238331.5,1189447.8,1585930.2,0.75,0.76305807
ref,1352,5,5,1,4,6.9768353,1.171883,2.040212,8.199097,331.19376,0.0,-30.0,0.0,4.7600342e-06,4.7600342e-06,5.9255694e-07,3.1528944e-06,1,1.241247,0.19131613,4760209.0,6238331.5,1189447.8,1585930.2,0.75,0.76305807
ref,1353,5,5,2,4,6.9768353,1.171883,2.040212,8.983438,331.19376,0.0,-30.0,0.0,5.021719e-06,5.021719e-06,5.676591e-07,3.1438542e-06,1,1.291864,0.23145695,4760209.0,6238331.5,1189447.8,1585930.2,0.75,0.76305807
ref,1354,5,5,3,4,6.9768353,1.171883,2.040212,9.618535,331.19376,0.0,-30.0,0.0,5.3742674e-06,5.3742674e-06,6.1890415e-07,3.4572747e-06,1,1.3368818,0.26715732,4760209.0,6238331.5,1189447.8,1585930.2,0.75,0.76305807
ref,1355,5,5,4,4,6.9768353,1.171883,2.040212,10.225178,331.19376,0.0,-30.0,0.0,5.85249e-06,5.85249e-06,6.557809e-07,3.7867596e-06,1,1.3749741,0.29736573,4760209.0,6238331.5,1189447.8,1585930.2,0.75,0.76305807
ref,1356,5,5,5,4,6.9768353,1.171883,2.040212,10.870011,331.19376,0.0,-30.0,0.0,6.112604e-06,6.112604e-06,6.1934406e-07,3.87885e-06,1,1.41473,0.32889327,4760209.0,6238331.5,1189447.8,1585930.2,0.75,0.76305807
ref,1357,5,5,6,4,6.9768353,1.171883,2.040212,11.638242,331.19376,0.0,-30.0,0.0,4.76202e-06,4.76202e-06,6.1862886e-07,3.2362755e-06,1,1.458382,0.3635107,4760209.0,6238331.5,1189447.8,1585930.2,0.75,0.76305807
ref,1358,5,5,7,4,6.9768353,1.171883,2.040212,12.750769,331.19376,0.0,-30.0,0.0,5.2394757e-06,5.2394757e-06,6.041753e-07,3.3501447e-06,1,1.5044743,0.40006328,4760209.0,6238331.5,1189447.8,1585930.2,0.75,0.76305807
ref,1359,5,6,1,4,6.9768353,1.171883,2.3611507,8.525253,331.19376,0.0,-30.0,0.0,5.4412767e-06,5.4412767e-06,5.3343905e-07,3.2924497e-06,1,1.1800382,0.14277567,4760209.0,6238331.5,1189447.8,1585930.2,0.75,0.76305807
ref,1360,5,6,2,4,6.9768353,1.171883,2.3611507,9.3111925,331.19376,0.0,-30.0,0.0,5.6109143e-06,5.6109143e-06,5.860596e-07,3.4832724e-06,1,1.223203,0.17700665,4760209.0,6238331.5,1189447.8,1585930.2,0.75,0.76305807
ref,1361,5,6,3,4,6.9768353,1.171883,2.3611507,9.945848,331.19376,0.0,-30.0,0.0,6.5794065e-06,6.5794065e-06,5.997844e-07,3.9876236e-06,1,1.2570595,0.20385586,4760209.0,6238331.5,1189447.8,1585930.2,0.75,0.76305807
ref,1362,5,6,4,4,6.9768353,1.171883,2.3611507,10.550699,331.19376,0.0,-30.0,0.0,5.7959787e-06,5.7959787e-06,6.0435025e-07,3.6029674e-06,1,1.2854855,0.2263986,4760209.0,6238331.5,1189447.8,1585930.2,0.75,0.76305807
ref,1363,5,6,5,4,6.9768353,1.171883,2.3611507,11.1922655,331.19376,0.0,-30.0,0.0,5.6591584e-06,5.6591584e-06,5.673532e-07,3.509876e-06,1,1.3192403,0.2531672,4760209.0,6238331.5,1189447.8,1585930.2,0.75,0.76305807
ref,1364,5,6,6,4,6.9768353,1.171883,2.3611507,11.954876,331.19376,0.0,-30.0,0.0,5.6880376e-06,5.6880376e-06,6.50294e-07,3.5922546e-06,1,1.3523345,0.27941182,4760209.0,6238331.5,1189447.8,1585930.2,0.75,0.76305807
ref,1365,5,6,7,4,6.9768353,1.171883,2.3611507,13.056154,331.19376,0.0,-30.0,0.0,5.4636985e-06,5.4636985e-06,5.8132923e-07,3.4826594e-06,1,1.3878891,0.30760774,4760209.0,6238331.5,1189447.8,1585930.2,0.75,0.76305807
ref,1366,5,7,1,4,6.9768353,1.171883,2.8522766,8.9956455,331.19376,0.0,-30.0,0.0,8.133486e-06,8.133486e-06,5.6158746e-07,4.822606e-06,1,1.1256411,0.09963713,4760209.0,6238331.5,1189447.8,1585930.2,0.75,0.76305807
ref,1367,5,7,2,4,6.9768353,1.171883,2.8522766,9.779453,331.19376,0.0,-30.0,0.0,6.4381375e-06,6.4381375e-06,5.3836584e-07,3.9809693e-06,1,1.1541846,0.122272976,4760209.0,6238331.5,1189447.8,1585930.2,0.75,0.76305807
ref,1368,5,7,3,4,6.9768353,1.171883,2.8522766,10.409815,331.19376,0.0,-30.0,0.0,7.214385e-06,7.214385e-06,6.70909e-07,4.4240765e-06,1,1.1751332,0.13888589,4760209.0,6238331.5,1189447.8,1585930.2,0.75,0.76305807
ref,1369,5,7,4,4,6.9768353,1.171883,2.8522766,11.008614,331.19376,0.0,-30.0,0.0,5.9245363e-06,5.9245363e-06,5.905838e-07,3.722131e-06,1,1.1968682,0.15612234,4760209.0,6238331.5,1189447.8,1585930.2,0.75,0.76305807
ref,1370,5,7,5,4,6.9768353,1.171883,2.8522766,11.641792,331.19376,0.0,-30.0,0.0,6.0695224e-06,6.0695224e-06,5.958054e-07,3.8424946e-06,1,1.2181093,0.17296718,4760209.0,6238331.5,1189447.8,1585930.2,0.75,0.76305807
ref,1371,5,7,6,4,6.9768353,1.171883,2.8522766,12.391943,331.19376,0.0,-30.0,0.0,6.0543375e-06,6.0543375e-06,5.987527e-07,3.6712468e-06,1,1.2389467,0.18949191,4760209.0,6238331.5,1189447.8,1585930.2,0.75,0.76305807
ref,1372,5,7,7,4,6.9768353,1.171883,2.8522766,13.470834,331.19376,0.0,-30.0,0.0,5.53931e-06,5.53931e-06,5.7901883e-07,3.6333006e-06,1,1.2616438,0.20749132,4760209.0,6238331.5,1189447.8,1585930.2,0.75,0.76305807
ref,1373,5,1,1,5,7.763077,1.7960622,1.0569276,7.0533094,331.19376,0.0,-30.0,0.0,6.0248094e-06,6.0248094e-06,5.4962186e-07,3.92735e-06,1,1.9202799,0.7298095,6592359.0,8639394.0,1469510.6,1959347.5,0.75,0.76305807
ref,1374,5,1,2,5,7.763077,1.7960622,1.0569276,7.8092723,331.19376,0.0,-30.0,0.0,6.4825335e-06,6.4825335e-06,5.4253024e-07,4.176514e-06,1,1.9486699,0.7523237,6592359.0,8639394.0,1469510.6,1959347.5,0.75,0.76305807
ref,1375,5,1,3,5,7.763077,1.7960622,1.0569276,8.426987,331.19376,0.0,-30.0,0.0,6.709698e-06,6.709698e-06,5.515713e-07,4.251392e-06,1,1.9752792,0.7734257,6592359.0,8639394.0,1469510.6,1959347.5,0.75,0.76305807
ref,1376,5,1,4,5,7.763077,1.7960622,1.0569276,9.021398,331.19376,0.0,-30.0,0.0,7.0800616e-06,7.0800616e-06,5.641115e-07,4.6203977e-06,1,2.0154717,0.80529946,6592359.0,8639394.0,1469510.6,1959347.5,0.75,0.76305807
ref,1377,5,1,5,5,7.763077,1.7960622,1.0569276,9.657674,331.19376,0.0,-30.0,0.0,7.1588956e-06,7.1588956e-06,5.820145e-07,4.6632485e-06,1,2.0507555,0.83328056,6592359.0,8639394.0,1469510.6,1959347.5,0.75,0.76305807
ref,1378,5,1,6,5,7.763077,1.7960622,1.0569276,10.421364,331.19376,0.0,-30.0,0.0,7.293561e-06,7.293561e-06,5.640321e-07,4.6285204e-06,1,2.0806406,0.85698044,6592359.0,8639394.0,1469510.6,1959347.5,0.75,0.76305807
ref,1379,5,1,7,5,7.763077,1.7960622,1.0569276,11.537597,331.19376,0.0,-30.0,0.0,8.071049e-06,8.071049e-06,5.8968135e-07,5.1860666e-06,1,2.1145535,0.8838744,6592359.0,8639394.0,1469510.6,1959347.5,0.75,0.76305807
ref,1380,5,2,1,5,7.763077,1.7960622,1.3227133,7.3925524,331.19376,0.0,-30.0,0.0,6.4056953e-06,6.4056953e-06,5.097308e-07,4.111133e-06,1,1.7483822,0.5934895,6592359.0,8639394.0,1469510.6,1959347.5,0.75,0.76305807
ref,1381,5,2,2,5,7.763077,1.7960622,1.3227133,8.160858,331.19376,0.0,-30.0,0.0,5.6151753e-06,5.6151753e-06,5.0432703e-07,3.6189501e-06,1,1.7795365,0.6181959,6592359.0,8639394.0,1469510.6,1959347.5,0.75,0.76305807
ref,1382,5,2,3,5,7.763077,1.7960622,1.3227133,8.787041,331.19376,0.0,-30.0,0.0,7.186149e-06,7.186149e-06,5.321746e-07,4.6353452e-06,1,1.8332149,0.66076446,6592359.0,8639394.0,1469510.6,1959347.5,0.75,0.76305807
ref,1383,5,2,4,5,7.763077,1.7960622,1.3227133,9.388358,331.19376,0.0,-30.0,0.0,6.974987e-06,6.974987e-06,5.200745e-07,4.3775026e-06,1,1.8856437,0.7023421,6592359.0,8639394.0,1469510.6,1959347.5,0.75,0.76305807
ref,1384,5,2,5,5,7.763077,1.7960622,1.3227133,10.030751,331.19376,0.0,-30.0,0.0,7.179055e-06,7.179055e-06,5.5198933e-07,4.5999054e-06,1,1.9293896,0.73703384,6592359.0,8639394.0,1469510.6,1959347.5,0.75,0.76305807
ref,1385,5,2,6,5,7.763077,1.7960622,1.3227133,10.800185,331.19376,0.0,-30.0,0.0,6.8669947e-06,6.8669947e-06,5.1317903e-07,4.3590508e-06,1,1.970215,0.7694096,6592359.0,8639394.0,1469510.6,1959347.5,0.75,0.76305807
ref,1386,5,2,7,5,7.763077,1.7960622,1.3227133,11.921865,331.19376,0.0,-30.0,0.0,7.418119e-06,7.418119e-06,5.402571e-07,4.7821277e-06,1,2.015579,0.80538464,6592359.0,8639394.0,1469510.6,1959347.5,0.75,0.76305807
ref,1387,5,3,1,5,7.763077,1.7960622,1.5524389,7.6652484,331.19376,0.0,-30.0,0.0,5.3756844e-06,5.3756844e-06,4.5468772e-07,3.4779218e-06,1,1.6110371,0.4845708,6592359.0,8639394.0,1469510.6,1959347.5,0.75,0.76305807
ref,1388,5,3,2,5,7.763077,1.7960622,1.5524389,8.440992,331.19376,0.0,-30.0,0.0,6.9457715e-06,6.9457715e-06,4.996203e-07,4.3440086e-06,1,1.655058,0.51948065,6592359.0,8639394.0,1469510.6,1959347.5,0.75,0.76305807
ref,1389,5,3,3,5,7.763077,1.7960622,1.5524389,9.0718975,331.19376,0.0,-30.0,0.0,6.081888e-06,6.081888e-06,4.6437336e-07,3.8400735e-06,1,1.7190144,0.5702,6592359.0,8639394.0,1469510.6,1959347.5,0.75,0.76305807
ref,1390,5,3,4,5,7.763077,1.7960622,1.5524389,9.67668,331.19376,0.0,-30.0,0.0,6.463645e-06,6.463645e-06,5.2148204e-07,4.19059e-06,1,1.7732548,0.6132142,6592359.0,8639394.0,1469510.6,1959347.5,0.75,0.76305807
ref,1391,5,3,5,5,7.763077,1.7960622,1.5524389,10.321719,331.19376,0.0,-30.0,0.0,7.323868e-06,7.323868e-06,4.853016e-07,4.5596744e-06,1,1.8186762,0.64923483,6592359.0,8639394.0,1469510.6,1959347.5,0.75,0.76305807
ref,1392,5,3,6,5,7.763077,1.7960622,1.5524389,11.092947,331.19376,0.0,-30.0,0.0,6.806741e-06,6.806741e-06,5.3268616e-07,4.310493e-06,1,1.8673236,0.6878137,6592359.0,8639394.0,1469510.6,1959347.5,0.75,0.76305807
ref,1393,5,3,7,5,7.763077,1.7960622,1.5524389,12.214801,331.19376,0.0,-30.0,0.0,7.079931e-06,7.079931e-06,5.122042e-07,4.4703797e-06,1,1.9174733,0.7275839,6592359.0,8639394.0,1469510.6,1959347.5,0.75,0.76305807
ref,1394,5,4,1,5,7.763077,1.7960622,1.7832625,7.9244986,331.19376,0.0,-30.0,0.0,6.5745776e-06,6.5745776e-06,4.3092348e-07,4.061843e-06,1,1.4929254,0.39090466,6592359.0,8639394.0,1469510.6,1959347.5,0.75,0.76305807
ref,1395,5,4,2,5,7.763077,1.7960622,1.7832625,8.7053795,331.19376,0.0,-30.0,0.0,6.215109e-06,6.215109e-06,4.7545626e-07,3.960673e-06,1,1.55022,0.43634102,6592359.0,8639394.0,1469510.6,1959347.5,0.75,0.76305807
ref,1396,5,4,3,5,7.763077,1.7960622,1.7832625,9.339123,331.19376,0.0,-30.0,0.0,6.519517e-06,6.519517e-06,4.7169294e-07,4.106239e-06,1,1.6140169,0.48693383,6592359.0,8639394.0,1469510.6,1959347.5,0.75,0.76305807
ref,1397,5,4,4,5,7.763077,1.7960622,1.7832625,9.945587,331.19376,0.0,-30.0,0.0,7.668819e-06,7.668819e-06,4.9314053e-07,4.7800327e-06,1,1.6663938,0.5284702,6592359.0,8639394.0,1469510.6,1959347.5,0.75,0.76305807
ref,1398,5,4,5,5,7.763077,1.7960622,1.7832625,10.591377,331.19376,0.0,-30.0,0.0,7.696001e-06,7.696001e-06,4.7452053e-07,4.762414e-06,1,1.7112224,0.56402075,6592359.0,8639394.0,1469510.6,1959347.5,0.75,0.76305807
ref,1399,5,4,6,5,7.763077,1.7960622,1.7832625,11.3621645,331.19376,0.0,-30.0,0.0,7.179327e-06,7.179327e-06,4.8947544e-07,4.495836e-06,1,1.763422,0.6054166,6592359.0,8639394.0,1469510.6,1959347.5,0.75,0.76305807
ref,1400,5,4,7,5,7.763077,1.7960622,1.7832625,12.481005,331.19376,0.0,-30.0,0.0,7.774976e-06,7.774976e-06,4.961204e-07,4.8470656e-06,1,1.8145206,0.6459393,6592359.0,8639394.0,1469510.6,1959347.5,0.75,0.76305807
ref,1401,5,5,1,5,7.763077,1.7960622,2.040212,8.199097,331.19376,0.0,-30.0,0.0,7.1819004e-06,7.1819004e-06,4.220172e-07,4.4360586e-06,1,1.3890094,0.30849606,6592359.0,8639394.0,1469510.6,1959347.5,0.75,0.76305807
ref,1402,5,5,2,5,7.763077,1.7960622,2.040212,8.983438,331.19376,0.0,-30.0,0.0,7.146922e-06,7.146922e-06,4.2768588e-07,4.304313e-06,1,1.4567428,0.36221075,6592359.0,8639394.0,1469510.6,1959347.5,0.75,0.76305807
ref,1403,5,5,3,5,7.763077,1.7960622,2.040212,9.618535,331.19376,0.0,-30.0,0.0,6.472558e-06,6.472558e-06,4.0837296e-07,4.0735154e-06,1,1.5137112,0.40738836,6592359.0,8639394.0,1469510.6,1959347.5,0.75,0.76305807
ref,1404,5,5,4,5,7.763077,1.7960622,2.040212,10.225178,331.19376,0.0,-30.0,0.0,6.8242075e-06,6.8242075e-06,4.5859827e-07,4.0507684e-06,1,1.5596883,0.44384968,6592359.0,8639394.0,1469510.6,1959347.5,0.75,0.76305807
ref,1405,5,5,5,5,7.763077,1.7960622,2.040212,10.870011,331.19376,0.0,-30.0,0.0,7.034834e-06,7.034834e-06,4.4887102e-07,4.367978e-06,1,1.6056414,0.48029178,6592359.0,8639394.0,1469510.6,1959347.5,0.75,0.76305807
ref,1406,5,5,6,5,7.763077,1.7960622,2.040212,11.638242,331.19376,0.0,-30.0,0.0,7.086788e-06,7.086788e-06,4.4566087e-07,4.385689e-06,1,1.6538619,0.51853204,6592359.0,8639394.0,1469510.6,1959347.5,0.75,0.76305807
ref,1407,5,5,7,5,7.763077,1.7960622,2.040212,12.750769,331.19376,0.0,-30.0,0.0,7.1523737e-06,7.1523737e-06,4.6552188e-07,4.3981377e-06,1,1.702408,0.5570306,6592359.0,8639394.0,1469510.6,1959347.5,0.75,0.76305807
ref,1408,5,6,1,5,7.763077,1.7960622,2.3611507,8.525253,331.19376,0.0,-30.0,0.0,6.533491e-06,6.533491e-06,4.2570085e-07,3.9382344e-06,1,1.3013909,0.23901197,6592359.0,8639394.0,1469510.6,1959347.5,0.75,0.76305807
ref,1409,5,6,2,5,7.763077,1.7960622,2.3611507,9.3111925,331.19376,0.0,-30.0,0.0,5.2493715e-06,5.2493715e-06,4.15177e-07,3.2949392e-06,1,1.3638568,0.28854936,6592359.0,8639394.0,1469510.6,1959347.5,0.75,0.76305807
ref,1410,5,6,3,5,7.763077,1.7960622,2.3611507,9.945848,331.19376,0.0,-30.0,0.0,6.3171215e-06,6.3171215e-06,4.1334513e-07,3.7879022e-06,1,1.410607,0.32562366,6592359.0,8639394.0,1469510.6,1959347.5,0.75,0.76305807
ref,1411,5,6,4,5,7.763077,1.7960622,2.3611507,10.550699,331.19376,0.0,-30.0,0.0,6.000983e-06,6.000983e-06,4.3842869e-07,3.6707663e-06,1,1.4484283,0.3556171,6592359.0,8639394.0,1469510.6,1959347.5,0.75,0.76305807
ref,1412,5,6,5,5,7.763077,1.7960622,2.3611507,11.1922655,331.19376,0.0,-30.0,0.0,7.232841e-06,7.232841e-06,4.2012445e-07,4.4321678e-06,1,1.4917372,0.38996243,6592359.0,8639394.0,1469510.6,1959347.5,0.75,0.76305807
ref,1413,5,6,6,5,7.763077,1.7960622,2.3611507,11.954876,331.19376,0.0,-30.0,0.0,7.6240794e-06,7.6240794e-06,4.022862e-07,4.595851e-06,1,1.5326003,0.42236802,6592359.0,8639394.0,1469510.6,1959347.5,0.75,0.76305807
ref,1414,5,6,7,5,7.763077,1.7960622,2.3611507,13.056154,331.19376,0.0,-30.0,0.0,6.4584838e-06,6.4584838e-06,4.3425115e-07,3.9922384e-06,1,1.5748378,0.45586362,6592359.0,8639394.0,1469510.6,1959347.5,0.75,0.76305807
ref,1415,5,7,1,5,7.763077,1.7960622,2.8522766,8.9956455,331.19376,0.0,-30.0,0.0,7.602962e-06,7.602962e-06,4.3721403e-07,4.3326736e-06,1,1.2177128,0.17265278,6592359.0,8639394.0,1469510.6,1959347.5,0.75,0.76305807
ref,1416,5,7,2,5,7.763077,1.7960622,2.8522766,9.779453,331.19376,0.0,-30.0,0.0,6.5259505e-06,6.5259505e-06,3.6128452e-07,3.7197462e-06,1,1.2623402,0.20804362,6592359.0,8639394.0,1469510.6,1959347.5,0.75,0.76305807
ref,1417,5,7,3,5,7.763077,1.7960622,2.8522766,10.409815,331.19376,0.0,-30.0,0.0,7.2469406e-06,7.2469406e-06,4.364611e-07,4.2285255e-06,1,1.2940792,0.23321363,6592359.0,8639394.0,1469510.6,1959347.5,0.75,0.76305807
ref,1418,5,7,4,5,7.763077,1.7960622,2.8522766,11.008614,331.19376,0.0,-30.0,0.0,8.665364e-06,8.665364e-06,4.578768e-07,5.0267004e-06,1,1.3261422,0.2586405,6592359.0,8639394.0,1469510.6,1959347.5,0.75,0.76305807
ref,1419,5,7,5,5,7.763077,1.7960622,2.8522766,11.641792,331.19376,0.0,-30.0,0.0,7.3256065e-06,7.3256065e-06,3.882227e-07,4.390026e-06,1,1.3566564,0.2828392,6592359.0,8639394.0,1469510.6,1959347.5,0.75,0.76305807
ref,1420,5,7,6,5,7.763077,1.7960622,2.8522766,12.391943,331.19376,0.0,-30.0,0.0,6.7574297e-06,6.7574297e-06,4.1561103e-07,3.916024e-06,1,1.3858331,0.30597728,6592359.0,8639394.0,1469510.6,1959347.5,0.75,0.76305807
ref,1421,5,7,7,5,7.763077,1.7960622,2.8522766,13.470834,331.19376,0.0,-30.0,0.0,6.547892e-06,6.547892e-06,4.699612e-07,4.0785226e-06,1,1.4167928,0.33052912,6592359.0,8639394.0,1469510.6,1959347.5,0.75,0.76305807
ref,1422,5,1,1,6,7.2934146,1.3348656,1.0569276,7.0533094,331.19376,0.0,-30.0,0.0,3.6855201e-06,3.6855201e-06,7.880598e-07,2.6263156e-06,1,1.8227164,0.65243876,5490049.5,7194799.0,1301654.5,1735539.2,0.75,0.76305807
ref,1423,5,1,2,6,7.2934146,1.3348656,1.0569276,7.8092723,331.19376,0.0,-30.0,0.0,3.6690406e-06,3.6690406e-06,7.805891e-07,2.6610128e-06,1,1.8556554,0.67856044,5490049.5,7194799.0,1301654.5,1735539.2,0.75,0.76305807
ref,1424,5,1,3,6,7.2934146,1.3348656,1.0569276,8.426987,331.19376,0.0,-30.0,0.0,4.2327893e-06,4.2327893e-06,8.375028e-07,3.0584588e-06,1,1.887066,0.70347,5490049.5,7194799.0,1301654.5,1735539.2,0.75,0.76305807
ref,1425,5,1,4,6,7.2934146,1.3348656,1.0569276,9.021398,331.19376,0.0,-30.0,0.0,4.1427083e-06,4.1427083e-06,8.16696e-07,2.8852294e-06,1,1.9355268,0.7419008,5490049.5,7194799.0,1301654.5,1735539.2,0.75,0.76305807
ref,1426,5,1,5,6,7.2934146,1.3348656,1.0569276,9.657674,331.19376,0.0,-30.0,0.0,4.36749e-06,4.36749e-06,8.214131e-07,3.0965673e-06,1,1.9791106,0.77646405,5490049.5,7194799.0,1301654.5,1735539.2,0.75,0.76305807
ref,1427,5,1,6,6,7.2934146,1.3348656,1.0569276,10.421364,331.19376,0.0,-30.0,0.0,4.3674468e-06,4.3674468e-06,8.053258e-07,3.0688411e-06,1,2.0168138,0.80636376,5490049.5,7194799.0,1301654.5,1735539.2,0.75,0.76305807
ref,1428,5,1,7,6,7.2934146,1.3348656,1.0569276,11.537597,331.19376,0.0,-30.0,0.0,4.1118165e-06,4.1118165e-06,8.148052e-07,2.9440384e-06,1,2.0605023,0.8410101,5490049.5,7194799.0,1301654.5,1735539.2,0.75,0.76305807
ref,1429,5,2,1,6,7.2934146,1.3348656,1.3227133,7.3925524,331.19376,0.0,-30.0,0.0,4.0902264e-06,4.0902264e-06,6.951199e-07,2.8005504e-06,1,1.6350737,0.5036324,5490049.5,7194799.0,1301654.5,1735539.2,0.75,0.76305807
ref,1430,5,2,2,6,7.2934146,1.3348656,1.3227133,8.160858,331.19376,0.0,-30.0,0.0,4.1579688e-06,4.1579688e-06,7.31281e-07,2.8759578e-06,1,1.6676548,0.5294702,5490049.5,7194799.0,1301654.5,1735539.2,0.75,0.76305807
ref,1431,5,2,3,6,7.2934146,1.3348656,1.3227133,8.787041,331.19376,0.0,-30.0,0.0,4.3090718e-06,4.3090718e-06,7.212316e-07,2.973845e-06,1,1.725234,0.57513237,5490049.5,7194799.0,1301654.5,1735539.2,0.75,0.76305807
ref,1432,5,2,4,6,7.2934146,1.3348656,1.3227133,9.388358,331.19376,0.0,-30.0,0.0,4.4206026e-06,4.4206026e-06,7.6316536e-07,3.076144e-06,1,1.7833102,0.62118846,5490049.5,7194799.0,1301654.5,1735539.2,0.75,0.76305807
ref,1433,5,2,5,6,7.2934146,1.3348656,1.3227133,10.030751,331.19376,0.0,-30.0,0.0,4.3439572e-06,4.3439572e-06,7.762577e-07,2.9892608e-06,1,1.8332223,0.66077024,5490049.5,7194799.0,1301654.5,1735539.2,0.75,0.76305807
ref,1434,5,2,6,6,7.2934146,1.3348656,1.3227133,10.800185,331.19376,0.0,-30.0,0.0,4.3100904e-06,4.3100904e-06,7.134305e-07,2.9646753e-06,1,1.8810474,0.698697,5490049.5,7194799.0,1301654.5,1735539.2,0.75,0.76305807
ref,1435,5,2,7,6,7.2934146,1.3348656,1.3227133,11.921865,331.19376,0.0,-30.0,0.0,4.152559e-06,4.152559e-06,7.497042e-07,2.9556015e-06,1,1.935658,0.7420049,5490049.5,7194799.0,1301654.5,1735539.2,0.75,0.76305807
ref,1436,5,3,1,6,7.2934146,1.3348656,1.5524389,7.6652484,331.19376,0.0,-30.0,0.0,3.7616603e-06,3.7616603e-06,6.5033146e-07,2.530871e-06,1,1.4983084,0.39517358,5490049.5,7194799.0,1301654.5,1735539.2,0.75,0.76305807
ref,1437,5,3,2,6,7.2934146,1.3348656,1.5524389,8.440992,331.19376,0.0,-30.0,0.0,3.6853603e-06,3.6853603e-06,7.075926e-07,2.5377753e-06,1,1.5409676,0.4290035,5490049.5,7194799.0,1301654.5,1735539.2,0.75,0.76305807
ref,1438,5,3,3,6,7.2934146,1.3348656,1.5524389,9.0718975,331.19376,0.0,-30.0,0.0,4.201348e-06,4.201348e-06,6.5869955e-07,2.7820845e-06,1,1.6049052,0.479708,5490049.5,7194799.0,1301654.5,1735539.2,0.75,0.76305807
ref,1439,5,3,4,6,7.2934146,1.3348656,1.5524389,9.67668,331.19376,0.0,-30.0,0.0,4.4700087e-06,4.4700087e-06,7.1497334e-07,2.9831508e-06,1,1.6610366,0.52422184,5490049.5,7194799.0,1301654.5,1735539.2,0.75,0.76305807
ref,1440,5,3,5,6,7.2934146,1.3348656,1.5524389,10.321719,331.19376,0.0,-30.0,0.0,4.3210184e-06,4.3210184e-06,6.521714e-07,2.8762202e-06,1,1.7094547,0.56261885,5490049.5,7194799.0,1301654.5,1735539.2,0.75,0.76305807
ref,1441,5,3,6,6,7.2934146,1.3348656,1.5524389,11.092947,331.19376,0.0,-30.0,0.0,4.4068747e-06,4.4068747e-06,7.286232e-07,3.000803e-06,1,1.7628049,0.6049271,5490049.5,7194799.0,1301654.5,1735539.2,0.75,0.76305807
ref,1442,5,3,7,6,7.2934146,1.3348656,1.5524389,12.214801,331.19376,0.0,-30.0,0.0,4.309367e-06,4.309367e-06,7.1724827e-07,2.996395e-06,1,1.8194917,0.64988154,5490049.5,7194799.0,1301654.5,1735539.2,0.75,0.76305807
ref,1443,5,4,1,6,7.2934146,1.3348656,1.7832625,7.9244986,331.19376,0.0,-30.0,0.0,3.984959e-06,3.984959e-06,6.144751e-07,2.675199e-06,1,1.3889471,0.3084467,5490049.5,7194799.0,1301654.5,1735539.2,0.75,0.76305807
ref,1444,5,4,2,6,7.2934146,1.3348656,1.7832625,8.7053795,331.19376,0.0,-30.0,0.0,3.7768589e-06,3.7768589e-06,6.461454e-07,2.612384e-06,1,1.4410968,0.34980297,5490049.5,7194799.0,1301654.5,1735539.2,0.75,0.76305807
ref,1445,5,4,3,6,7.2934146,1.3348656,1.7832625,9.339123,331.19376,0.0,-30.0,0.0,3.9282595e-06,3.9282595e-06,6.196838e-07,2.6763014e-06,1,1.5011624,0.3974368,5490049.5,7194799.0,1301654.5,1735539.2,0.75,0.76305807
ref,1446,5,4,4,6,7.2934146,1.3348656,1.7832625,9.945587,331.19376,0.0,-30.0,0.0,4.0843925e-06,4.0843925e-06,6.4251986e-07,2.7394556e-06,1,1.552128,0.43785405,5490049.5,7194799.0,1301654.5,1735539.2,0.75,0.76305807
ref,1447,5,4,5,6,7.2934146,1.3348656,1.7832625,10.591377,331.19376,0.0,-30.0,0.0,4.5625966e-06,4.5625966e-06,6.594208e-07,3.0130693e-06,1,1.5969877,0.47342914,5490049.5,7194799.0,1301654.5,1735539.2,0.75,0.76305807
ref,1448,5,4,6,6,7.2934146,1.3348656,1.7832625,11.3621645,331.19376,0.0,-30.0,0.0,4.797342e-06,4.797342e-06,6.902231e-07,3.125643e-06,1,1.650727,0.51604605,5490049.5,7194799.0,1301654.5,1735539.2,0.75,0.76305807
ref,1449,5,4,7,6,7.2934146,1.3348656,1.7832625,12.481005,331.19376,0.0,-30.0,0.0,3.9827237e-06,3.9827237e-06,6.099126e-07,2.7306917e-06,1,1.7049699,0.55906224,5490049.5,7194799.0,1301654.5,1735539.2,0.75,0.76305807
ref,1450,5,5,1,6,7.2934146,1.3348656,2.040212,8.199097,331.19376,0.0,-30.0,0.0,4.4499066e-06,4.4499066e-06,6.2230407e-07,2.9610417e-06,1,1.2984339,0.23666708,5490049.5,7194799.0,1301654.5,1735539.2,0.75,0.76305807
ref,1451,5,5,2,6,7.2934146,1.3348656,2.040212,8.983438,331.19376,0.0,-30.0,0.0,4.028025e-06,4.028025e-06,6.2933225e-07,2.6242456e-06,1,1.3568507,0.28299335,5490049.5,7194799.0,1301654.5,1735539.2,0.75,0.76305807
ref,1452,5,5,3,6,7.2934146,1.3348656,2.040212,9.618535,331.19376,0.0,-30.0,0.0,4.2284405e-06,4.2284405e-06,6.098219e-07,2.7905699e-06,1,1.4076755,0.32329893,5490049.5,7194799.0,1301654.5,1735539.2,0.75,0.76305807
ref,1453,5,5,4,6,7.2934146,1.3348656,2.040212,10.225178,331.19376,0.0,-30.0,0.0,4.1647513e-06,4.1647513e-06,6.706995e-07,2.7721821e-06,1,1.4498758,0.35676503,5490049.5,7194799.0,1301654.5,1735539.2,0.75,0.76305807
ref,1454,5,5,5,6,7.2934146,1.3348656,2.040212,10.870011,331.19376,0.0,-30.0,0.0,4.242057e-06,4.242057e-06,6.149773e-07,2.839474e-06,1,1.4931529,0.391085,5490049.5,7194799.0,1301654.5,1735539.2,0.75,0.76305807
ref,1455,5,5,6,6,7.2934146,1.3348656,2.040212,11.638242,331.19376,0.0,-30.0,0.0,4.8733586e-06,4.8733586e-06,5.9599955e-07,3.0847368e-06,1,1.5397941,0.42807296,5490049.5,7194799.0,1301654.5,1735539.2,0.75,0.76305807
ref,1456,5,5,7,6,7.2934146,1.3348656,2.040212,12.750769,331.19376,0.0,-30.0,0.0,4.0824693e-06,4.0824693e-06,6.179805e-07,2.7963815e-06,1,1.5880746,0.46636078,5490049.5,7194799.0,1301654.5,1735539.2,0.75,0.76305807
ref,1457,5,6,1,6,7.2934146,1.3348656,2.3611507,8.525253,331.19376,0.0,-30.0,0.0,4.585191e-06,4.585191e-06,5.7199804e-07,2.9122266e-06,1,1.2259303,0.17916957,5490049.5,7194799.0,1301654.5,1735539.2,0.75,0.76305807
ref,1458,5,6,2,6,7.2934146,1.3348656,2.3611507,9.3111925,331.19376,0.0,-30.0,0.0,4.9375376e-06,4.9375376e-06,6.149022e-07,3.1011673e-06,1,1.2772757,0.21988788,5490049.5,7194799.0,1301654.5,1735539.2,0.75,0.76305807
ref,1459,5,6,3,6,7.2934146,1.3348656,2.3611507,9.945848,331.19376,0.0,-30.0,0.0,4.8024654e-06,4.8024654e-06,5.4843e-07,2.8755683e-06,1,1.31683,0.25125578,5490049.5,7194799.0,1301654.5,1735539.2,0.75,0.76305807
ref,1460,5,6,4,6,7.2934146,1.3348656,2.3611507,10.550699,331.19376,0.0,-30.0,0.0,5.4172724e-06,5.4172724e-06,6.2012344e-07,3.3625677e-06,1,1.3495643,0.27721497,5490049.5,7194799.0,1301654.5,1735539.2,0.75,0.76305807
ref,1461,5,6,5,6,7.2934146,1.3348656,2.3611507,11.1922655,331.19376,0.0,-30.0,0.0,4.66222e-06,4.66222e-06,5.614593e-07,2.9892908e-06,1,1.3878831,0.30760288,5490049.5,7194799.0,1301654.5,1735539.2,0.75,0.76305807
ref,1462,5,6,6,6,7.2934146,1.3348656,2.3611507,11.954876,331.19376,0.0,-30.0,0.0,3.808527e-06,3.808527e-06,5.529604e-07,2.5062552e-06,1,1.4248825,0.3369446,5490049.5,7194799.0,1301654.5,1735539.2,0.75,0.76305807
ref,1463,5,6,7,6,7.2934146,1.3348656,2.3611507,13.056154,331.19376,0.0,-30.0,0.0,5.1122943e-06,5.1122943e-06,5.662934e-07,3.288502e-06,1,1.4640195,0.36798143,5490049.5,7194799.0,1301654.5,1735539.2,0.75,0.76305807
ref,1464,5,7,1,6,7.2934146,1.3348656,2.8522766,8.9956455,331.19376,0.0,-30.0,0.0,4.957173e-06,4.957173e-06,5.3792485e-07,2.983502e-06,1,1.159716,0.12665963,5490049.5,7194799.0,1301654.5,1735539.2,0.75,0.76305807
ref,1465,5,7,2,6,7.2934146,1.3348656,2.8522766,9.779453,331.19376,0.0,-30.0,0.0,5.095422e-06,5.095422e-06,6.0035273e-07,3.2100336e-06,1,1.1946734,0.15438189,5490049.5,7194799.0,1301654.5,1735539.2,0.75,0.76305807
ref,1466,5,7,3,6,7.2934146,1.3348656,2.8522766,10.409815,331.19376,0.0,-30.0,0.0,6.473546e-06,6.473546e-06,6.6458153e-07,3.9793135e-06,1,1.2200296,0.1744901,5490049.5,7194799.0,1301654.5,1735539.2,0.75,0.76305807
ref,1467,5,7,4,6,7.2934146,1.3348656,2.8522766,11.008614,331.19376,0.0,-30.0,0.0,6.1499877e-06,6.1499877e-06,5.719078e-07,3.765597e-06,1,1.2460737,0.19514386,5490049.5,7194799.0,1301654.5,1735539.2,0.75,0.76305807
ref,1468,5,7,5,6,7.2934146,1.3348656,2.8522766,11.641792,331.19376,0.0,-30.0,0.0,5.613686e-06,5.613686e-06,5.9600336e-07,3.40344e-06,1,1.2712705,0.21512564,5490049.5,7194799.0,1301654.5,1735539.2,0.75,0.76305807
ref,1469,5,7,6,6,7.2934146,1.3348656,2.8522766,12.391943,331.19376,0.0,-30.0,0.0,4.993641e-06,4.993641e-06,5.936837e-07,3.1581521e-06,1,1.2957466,0.23453586,5490049.5,7194799.0,1301654.5,1735539.2,0.75,0.76305807
ref,1470,5,7,7,6,7.2934146,1.3348656,2.8522766,13.470834,331.19376,0.0,-30.0,0.0,3.9797683e-06,3.9797683e-06,5.5580006e-07,2.5679535e-06,1,1.3221382,0.2554653,5490049.5,7194799.0,1301654.5,1735539.2,0.75,0.76305807
ref,1471,6,1,1,1,8.4789505,1.3336333,1.1641384,7.1937313,344.99512,0.0,-30.0,0.0,5.496405e-06,5.496405e-06,9.806865e-07,3.6796873e-06,1,1.9665731,0.7665215,8578383.0,11242111.0,1712997.5,2283996.5,0.75,0.76305807
ref,1472,6,1,2,1,8.4789505,1.3336333,1.1641384,7.955209,344.99512,0.0,-30.0,0.0,5.94763e-06,5.94763e-06,1.0257838e-06,4.0312257e-06,1,1.9908462,0.7857707,8578383.0,11242111.0,1712997.5,2283996.5,0.75,0.76305807
ref,1473,6,1,3,1,8.4789505,1.3336333,1.1641384,8.57679,344.99512,0.0,-30.0,0.0,6.875877e-06,6.875877e-06,9.922131e-07,4.4391963e-06,1,2.0196395,0.8086047,8578383.0,11242111.0,1712997.5,2283996.5,0.75,0.76305807
ref,1474,6,1,4,1,8.4789505,1.3336333,1.1641384,9.1744175,344.99512,0.0,-30.0,0.0,6.5582035e-06,6.5582035e-06,9.929971e-07,4.3026425e-06,1,2.0558171,0.83729464,8578383.0,11242111.0,1712997.5,2283996.5,0.75,0.76305807
ref,1475,6,1,5,1,8.4789505,1.3336333,1.1641384,9.813629,344.99512,0.0,-30.0,0.0,7.142248e-06,7.142248e-06,9.981098e-07,4.5622905e-06,1,2.0852249,0.86061597,8578383.0,11242111.0,1712997.5,2283996.5,0.75,0.76305807
ref,1476,6,1,6,1,8.4789505,1.3336333,1.1641384,10.580164,344.99512,0.0,-30.0,0.0,6.887069e-06,6.887069e-06,1.0232314e-06,4.396269e-06,1,2.1098726,0.88016236,8578383.0,11242111.0,1712997.5,2283996.5,0.75,0.76305807
ref,1477,6,1,7,1,8.4789505,1.3336333,1.1641384,11.699415,344.99512,0.0,-30.0,0.0,6.3141583e-06,6.3141583e-06,1.0018537e-06,4.2564666e-06,1,2.1383026,0.90270805,8578383.0,11242111.0,1712997.5,2283996.5,0.75,0.76305807
ref,1478,6,2,1,1,8.4789505,1.3336333,1.4476153,7.542839,344.99512,0.0,-30.0,0.0,5.9270715e-06,5.9270715e-06,8.797637e-07,3.8570142e-06,1,1.8114088,0.6434715,8578383.0,11242111.0,1712997.5,2283996.5,0.75,0.76305807
ref,1479,6,2,2,1,8.4789505,1.3336333,1.4476153,8.315508,344.99512,0.0,-30.0,0.0,6.1602523e-06,6.1602523e-06,9.039969e-07,3.9679876e-06,1,1.846654,0.6714221,8578383.0,11242111.0,1712997.5,2283996.5,0.75,0.76305807
ref,1480,6,2,3,1,8.4789505,1.3336333,1.4476153,8.944522,344.99512,0.0,-30.0,0.0,6.550289e-06,6.550289e-06,8.4107063e-07,4.223064e-06,1,1.8992355,0.71312076,8578383.0,11242111.0,1712997.5,2283996.5,0.75,0.76305807
ref,1481,6,2,4,1,8.4789505,1.3336333,1.4476153,9.547968,344.99512,0.0,-30.0,0.0,6.0927346e-06,6.0927346e-06,9.107549e-07,3.936225e-06,1,1.9448218,0.7492721,8578383.0,11242111.0,1712997.5,2283996.5,0.75,0.76305807
ref,1482,6,2,5,1,8.4789505,1.3336333,1.4476153,10.19207,344.99512,0.0,-30.0,0.0,6.2846543e-06,6.2846543e-06,9.395587e-07,4.1355615e-06,1,1.9815732,0.77841705,8578383.0,11242111.0,1712997.5,2283996.5,0.75,0.76305807
ref,1483,6,2,6,1,8.4789505,1.3336333,1.4476153,10.96278,344.99512,0.0,-30.0,0.0,7.3267934e-06,7.3267934e-06,9.3202215e-07,4.6371024e-06,1,2.0177705,0.8071226,8578383.0,11242111.0,1712997.5,2283996.5,0.75,0.76305807
ref,1484,6,2,7,1,8.4789505,1.3336333,1.4476153,12.085018,344.99512,0.0,-30.0,0.0,6.872988e-06,6.872988e-06,9.326426e-07,4.3894306e-06,1,2.055058,0.8366927,8578383.0,11242111.0,1712997.5,2283996.5,0.75,0.76305807
ref,1485,6,3,1,1,8.4789505,1.3336333,1.6913353,7.8228326,344.99512,0.0,-30.0,0.0,6.3698517e-06,6.3698517e-06,8.4912193e-07,4.0970945e-06,1,1.6815453,0.5404858,8578383.0,11242111.0,1712997.5,2283996.5,0.75,0.76305807
ref,1486,6,3,2,1,8.4789505,1.3336333,1.6913353,8.6019125,344.99512,0.0,-30.0,0.0,6.4607175e-06,6.4607175e-06,8.6435085e-07,4.1208423e-06,1,1.7332261,0.5814703,8578383.0,11242111.0,1712997.5,2283996.5,0.75,0.76305807
ref,1487,6,3,3,1,8.4789505,1.3336333,1.6913353,9.234724,344.99512,0.0,-30.0,0.0,6.6175244e-06,6.6175244e-06,8.561923e-07,4.231416e-06,1,1.7954983,0.630854,8578383.0,11242111.0,1712997.5,2283996.5,0.75,0.76305807
ref,1488,6,3,4,1,8.4789505,1.3336333,1.6913353,9.840709,344.99512,0.0,-30.0,0.0,6.5038735e-06,6.5038735e-06,8.5073856e-07,4.135024e-06,1,1.8444483,0.66967285,8578383.0,11242111.0,1712997.5,2283996.5,0.75,0.76305807
ref,1489,6,3,5,1,8.4789505,1.3336333,1.6913353,10.4864025,344.99512,0.0,-30.0,0.0,6.620063e-06,6.620063e-06,8.502935e-07,4.2948577e-06,1,1.8843075,0.70128244,8578383.0,11242111.0,1712997.5,2283996.5,0.75,0.76305807
ref,1490,6,3,6,1,8.4789505,1.3336333,1.6913353,11.2576,344.99512,0.0,-30.0,0.0,6.762992e-06,6.762992e-06,9.292681e-07,4.3707046e-06,1,1.9283811,0.73623407,8578383.0,11242111.0,1712997.5,2283996.5,0.75,0.76305807
ref,1491,6,3,7,1,8.4789505,1.3336333,1.6913353,12.377981,344.99512,0.0,-30.0,0.0,6.5187473e-06,6.5187473e-06,8.780196e-07,4.152714e-06,1,1.9706569,0.76976,8578383.0,11242111.0,1712997.5,2283996.5,0.75,0.76305807
ref,1492,6,4,1,1,8.4789505,1.3336333,1.9352068,8.088473,344.99512,0.0,-30.0,0.0,6.3253997e-06,6.3253997e-06,7.900277e-07,3.8792405e-06,1,1.5647929,0.44789767,8578383.0,11242111.0,1712997.5,2283996.5,0.75,0.76305807
ref,1493,6,4,2,1,8.4789505,1.3336333,1.9352068,8.87166,344.99512,0.0,-30.0,0.0,7.297953e-06,7.297953e-06,8.333177e-07,4.593475e-06,1,1.6351725,0.5037108,8578383.0,11242111.0,1712997.5,2283996.5,0.75,0.76305807
ref,1494,6,4,3,1,8.4789505,1.3336333,1.9352068,9.506416,344.99512,0.0,-30.0,0.0,7.110087e-06,7.110087e-06,8.0313526e-07,4.5019847e-06,1,1.6970428,0.55277586,8578383.0,11242111.0,1712997.5,2283996.5,0.75,0.76305807
ref,1495,6,4,4,1,8.4789505,1.3336333,1.9352068,10.113178,344.99512,0.0,-30.0,0.0,6.4714513e-06,6.4714513e-06,8.264326e-07,4.188667e-06,1,1.7452048,0.5909698,8578383.0,11242111.0,1712997.5,2283996.5,0.75,0.76305807
ref,1496,6,4,5,1,8.4789505,1.3336333,1.9352068,10.758609,344.99512,0.0,-30.0,0.0,6.555614e-06,6.555614e-06,8.500707e-07,4.093548e-06,1,1.7888945,0.625617,8578383.0,11242111.0,1712997.5,2283996.5,0.75,0.76305807
ref,1497,6,4,6,1,8.4789505,1.3336333,1.9352068,11.528107,344.99512,0.0,-30.0,0.0,7.268332e-06,7.268332e-06,8.6990883e-07,4.595735e-06,1,1.8350923,0.66225326,8578383.0,11242111.0,1712997.5,2283996.5,0.75,0.76305807
ref,1498,6,4,7,1,8.4789505,1.3336333,1.9352068,12.643543,344.99512,0.0,-30.0,0.0,6.6702382e-06,6.6702382e-06,8.354535e-07,4.262133e-06,1,1.8795248,0.69748956,8578383.0,11242111.0,1712997.5,2283996.5,0.75,0.76305807
ref,1499,6,5,1,1,8.4789505,1.3336333,2.205661,8.369351,344.99512,0.0,-30.0,0.0,6.074859e-06,6.074859e-06,7.4479397e-07,3.8024434e-06,1,1.4659531,0.36951482,8578383.0,11242111.0,1712997.5,2283996.5,0.75,0.76305807
ref,1500,6,5,2,1,8.4789505,1.3336333,2.205661,9.154845,344.99512,0.0,-30.0,0.0,6.7454303e-06,6.7454303e-06,7.662317e-07,4.1684602e-06,1,1.5412741,0.42924657,8578383.0,11242111.0,1712997.5,2283996.5,0.75,0.76305807
ref,1501,6,5,3,1,8.4789505,1.3336333,2.205661,9.789983,344.99512,0.0,-30.0,0.0,6.3326215e-06,6.3326215e-06,8.0064547e-07,3.9688775e-06,1,1.5981107,0.47431976,8578383.0,11242111.0,1712997.5,2283996.5,0.75,0.76305807
ref,1502,6,5,4,1,8.4789505,1.3336333,2.205661,10.395953,344.99512,0.0,-30.0,0.0,6.9356083e-06,6.9356083e-06,7.5763404e-07,4.2641573e-06,1,1.64248,0.50950587,8578383.0,11242111.0,1712997.5,2283996.5,0.75,0.76305807
ref,1503,6,5,5,1,8.4789505,1.3336333,2.205661,11.039354,344.99512,0.0,-30.0,0.0,7.322201e-06,7.322201e-06,7.7210564e-07,4.5041775e-06,1,1.6885957,0.5460771,8578383.0,11242111.0,1712997.5,2283996.5,0.75,0.76305807
ref,1504,6,5,6,1,8.4789505,1.3336333,2.205661,11.804985,344.99512,0.0,-30.0,0.0,7.5236985e-06,7.5236985e-06,8.336345e-07,4.7720705e-06,1,1.7329326,0.5812375,8578383.0,11242111.0,1712997.5,2283996.5,0.75,0.76305807
ref,1505,6,5,7,1,8.4789505,1.3336333,2.205661,12.912108,344.99512,0.0,-30.0,0.0,6.9560256e-06,6.9560256e-06,8.349502e-07,4.4775475e-06,1,1.7767667,0.6159993,8578383.0,11242111.0,1712997.5,2283996.5,0.75,0.76305807
ref,1506,6,6,1,1,8.4789505,1.3336333,2.542128,8.702239,344.99512,0.0,-30.0,0.0,6.5666773e-06,6.5666773e-06,6.826415e-07,3.911665e-06,1,1.3747413,0.29718113,8578383.0,11242111.0,1712997.5,2283996.5,0.75,0.76305807
ref,1507,6,6,2,1,8.4789505,1.3336333,2.542128,9.487978,344.99512,0.0,-30.0,0.0,6.9421076e-06,6.9421076e-06,6.975941e-07,4.2372103e-06,1,1.4434135,0.3516402,8578383.0,11242111.0,1712997.5,2283996.5,0.75,0.76305807
ref,1508,6,6,3,1,8.4789505,1.3336333,2.542128,10.121494,344.99512,0.0,-30.0,0.0,6.3447833e-06,6.3447833e-06,7.503394e-07,3.997542e-06,1,1.4914272,0.38971648,8578383.0,11242111.0,1712997.5,2283996.5,0.75,0.76305807
ref,1509,6,6,4,1,8.4789505,1.3336333,2.542128,10.724524,344.99512,0.0,-30.0,0.0,6.863148e-06,6.863148e-06,7.6490437e-07,4.283376e-06,1,1.5325823,0.42235374,8578383.0,11242111.0,1712997.5,2283996.5,0.75,0.76305807
ref,1510,6,6,5,1,8.4789505,1.3336333,2.542128,11.363423,344.99512,0.0,-30.0,0.0,7.2423322e-06,7.2423322e-06,7.193971e-07,4.3975115e-06,1,1.5753405,0.4562623,8578383.0,11242111.0,1712997.5,2283996.5,0.75,0.76305807
ref,1511,6,6,6,1,8.4789505,1.3336333,2.542128,12.121912,344.99512,0.0,-30.0,0.0,6.8829404e-06,6.8829404e-06,7.4315506e-07,4.273067e-06,1,1.6146877,0.4874658,8578383.0,11242111.0,1712997.5,2283996.5,0.75,0.76305807
ref,1512,6,6,7,1,8.4789505,1.3336333,2.542128,13.215584,344.99512,0.0,-30.0,0.0,6.7010005e-06,6.7010005e-06,8.001138e-07,4.1979597e-06,1,1.6546752,0.51917714,8578383.0,11242111.0,1712997.5,2283996.5,0.75,0.76305807
ref,1513,6,7,1,1,8.4789505,1.3336333,3.0546293,9.181103,344.99512,0.0,-30.0,0.0,6.804374e-06,6.804374e-06,6.633756e-07,4.121828e-06,1,1.2800041,0.22205168,8578383.0,11242111.0,1712997.5,2283996.5,0.75,0.76305807
ref,1514,6,7,2,1,8.4789505,1.3336333,3.0546293,9.962705,344.99512,0.0,-30.0,0.0,7.728458e-06,7.728458e-06,7.387847e-07,4.682007e-06,1,1.330147,0.26181653,8578383.0,11242111.0,1712997.5,2283996.5,0.75,0.76305807
ref,1515,6,7,3,1,8.4789505,1.3336333,3.0546293,10.5903015,344.99512,0.0,-30.0,0.0,7.82816e-06,7.82816e-06,6.9127356e-07,4.6977043e-06,1,1.3651439,0.28957006,8578383.0,11242111.0,1712997.5,2283996.5,0.75,0.76305807
ref,1516,6,7,4,1,8.4789505,1.3336333,3.0546293,11.185691,344.99512,0.0,-30.0,0.0,6.9104185e-06,6.9104185e-06,7.0708137e-07,4.076718e-06,1,1.4014281,0.31834453,8578383.0,11242111.0,1712997.5,2283996.5,0.75,0.76305807
ref,1517,6,7,5,1,8.4789505,1.3336333,3.0546293,11.814487,344.99512,0.0,-30.0,0.0,7.5847424e-06,7.5847424e-06,7.4598387e-07,4.5192296e-06,1,1.4332118,0.34355,8578383.0,11242111.0,1712997.5,2283996.5,0.75,0.76305807
ref,1518,6,7,6,1,8.4789505,1.3336333,3.0546293,12.558476,344.99512,0.0,-30.0,0.0,7.7875175e-06,7.7875175e-06,6.6833013e-07,4.6736977e-06,1,1.463103,0.36725459,8578383.0,11242111.0,1712997.5,2283996.5,0.75,0.76305807
ref,1519,6,7,7,1,8.4789505,1.3336333,3.0546293,13.626754,344.99512,0.0,-30.0,0.0,6.192001e-06,6.192001e-06,7.7330253e-07,4.0184327e-06,1,1.4944003,0.3920743,8578383.0,11242111.0,1712997.5,2283996.5,0.75,0.76305807
ref,1520,6,1,1,2,8.277149,1.6696306,1.1641384,7.1937313,344.99512,0.0,-30.0,0.0,1.2235015e-05,1.2235015e-05,1.4197202e-06,7.703278e-06,1,1.9387432,0.7444516,7975883.5,10452525.0,1646083.9,2194778.5,0.75,0.76305807
ref,1521,6,1,2,2,8.277149,1.6696306,1.1641384,7.955209,344.99512,0.0,-30.0,0.0,1.320341e-05,1.320341e-05,1.4317138e-06,8.276951e-06,1,1.9646071,0.76496243,7975883.5,10452525.0,1646083.9,2194778.5,0.75,0.76305807
ref,1522,6,1,3,2,8.277149,1.6696306,1.1641384,8.57679,344.99512,0.0,-30.0,0.0,1.43909e-05,1.43909e-05,1.4854842e-06,9.07143e-06,1,1.9954478,0.78941995,7975883.5,10452525.0,1646083.9,2194778.5,0.75,0.76305807
ref,1523,6,1,4,2,8.277149,1.6696306,1.1641384,9.1744175,344.99512,0.0,-30.0,0.0,1.5338086e-05,1.5338086e-05,1.5189402e-06,9.679839e-06,1,2.034446,0.82034665,7975883.5,10452525.0,1646083.9,2194778.5,0.75,0.76305807
ref,1524,6,1,5,2,8.277149,1.6696306,1.1641384,9.813629,344.99512,0.0,-30.0,0.0,1.4803967e-05,1.4803967e-05,1.5139617e-06,9.314492e-06,1,2.0663524,0.8456494,7975883.5,10452525.0,1646083.9,2194778.5,0.75,0.76305807
ref,1525,6,1,6,2,8.277149,1.6696306,1.1641384,10.580164,344.99512,0.0,-30.0,0.0,1.5626409e-05,1.5626409e-05,1.4579686e-06,9.714205e-06,1,2.0932376,0.8669702,7975883.5,10452525.0,1646083.9,2194778.5,0.75,0.76305807
ref,1526,6,1,7,2,8.277149,1.6696306,1.1641384,11.699415,344.99512,0.0,-30.0,0.0,1.4216557e-05,1.4216557e-05,1.435656e-06,8.9107725e-06,1,2.124412,0.89169246,7975883.5,10452525.0,1646083.9,2194778.5,0.75,0.76305807
ref,1527,6,2,1,2,8.277149,1.6696306,1.4476153,7.542839,344.99512,0.0,-30.0,0.0,1.1895694e-05,1.1895694e-05,1.3172718e-06,7.4230456e-06,1,1.776267,0.615603,7975883.5,10452525.0,1646083.9,2194778.5,0.75,0.76305807
ref,1528,6,2,2,2,8.277149,1.6696306,1.4476153,8.315508,344.99512,0.0,-30.0,0.0,1.3843277e-05,1.3843277e-05,1.3276141e-06,8.4752e-06,1,1.8127455,0.64453155,7975883.5,10452525.0,1646083.9,2194778.5,0.75,0.76305807
ref,1529,6,2,3,2,8.277149,1.6696306,1.4476153,8.944522,344.99512,0.0,-30.0,0.0,1.2931839e-05,1.2931839e-05,1.3660612e-06,8.080016e-06,1,1.8676308,0.68805724,7975883.5,10452525.0,1646083.9,2194778.5,0.75,0.76305807
ref,1530,6,2,4,2,8.277149,1.6696306,1.4476153,9.547968,344.99512,0.0,-30.0,0.0,1.5195206e-05,1.5195206e-05,1.278527e-06,9.3690705e-06,1,1.9156705,0.72615415,7975883.5,10452525.0,1646083.9,2194778.5,0.75,0.76305807
ref,1531,6,2,5,2,8.277149,1.6696306,1.4476153,10.19207,344.99512,0.0,-30.0,0.0,1.5260068e-05,1.5260068e-05,1.441603e-06,9.615167e-06,1,1.954712,0.75711524,7975883.5,10452525.0,1646083.9,2194778.5,0.75,0.76305807
ref,1532,6,2,6,2,8.277149,1.6696306,1.4476153,10.96278,344.99512,0.0,-30.0,0.0,1.4394368e-05,1.4394368e-05,1.3038748e-06,8.969574e-06,1,1.9934406,0.7878282,7975883.5,10452525.0,1646083.9,2194778.5,0.75,0.76305807
ref,1533,6,2,7,2,8.277149,1.6696306,1.4476153,12.085018,344.99512,0.0,-30.0,0.0,1.368504e-05,1.368504e-05,1.3847783e-06,8.66709e-06,1,2.033625,0.81969553,7975883.5,10452525.0,1646083.9,2194778.5,0.75,0.76305807
ref,1534,6,3,1,2,8.277149,1.6696306,1.6913353,7.8228326,344.99512,0.0,-30.0,0.0,1.2701788e-05,1.2701788e-05,1.2611906e-06,7.763671e-06,1,1.6439716,0.5106888,7975883.5,10452525.0,1646083.9,2194778.5,0.75,0.76305807
ref,1535,6,3,2,2,8.277149,1.6696306,1.6913353,8.6019125,344.99512,0.0,-30.0,0.0,1.25241795e-05,1.25241795e-05,1.2581738e-06,7.715463e-06,1,1.6962267,0.5521287,7975883.5,10452525.0,1646083.9,2194778.5,0.75,0.76305807
ref,1536,6,3,3,2,8.277149,1.6696306,1.6913353,9.234724,344.99512,0.0,-30.0,0.0,1.5113384e-05,1.5113384e-05,1.2324814e-06,9.259318e-06,1,1.7598809,0.6026084,7975883.5,10452525.0,1646083.9,2194778.5,0.75,0.76305807
ref,1537,6,3,4,2,8.277149,1.6696306,1.6913353,9.840709,344.99512,0.0,-30.0,0.0,1.4308383e-05,1.4308383e-05,1.2517559e-06,9.128425e-06,1,1.8104552,0.6427153,7975883.5,10452525.0,1646083.9,2194778.5,0.75,0.76305807
ref,1538,6,3,5,2,8.277149,1.6696306,1.6913353,10.4864025,344.99512,0.0,-30.0,0.0,1.48276495e-05,1.48276495e-05,1.2959891e-06,9.229502e-06,1,1.8519918,0.67565507,7975883.5,10452525.0,1646083.9,2194778.5,0.75,0.76305807
ref,1539,6,3,6,2,8.277149,1.6696306,1.6913353,11.2576,344.99512,0.0,-30.0,0.0,1.3916694e-05,1.3916694e-05,1.2089931e-06,8.514035e-06,1,1.8982956,0.7123754,7975883.5,10452525.0,1646083.9,2194778.5,0.75,0.76305807
ref,1540,6,3,7,2,8.277149,1.6696306,1.6913353,12.377981,344.99512,0.0,-30.0,0.0,1.4304174e-05,1.4304174e-05,1.2188234e-06,8.952827e-06,1,1.943086,0.7478955,7975883.5,10452525.0,1646083.9,2194778.5,0.75,0.76305807
ref,1541,6,4,1,2,8.277149,1.6696306,1.9352068,8.088473,344.99512,0.0,-30.0,0.0,1.1352078e-05,1.1352078e-05,1.1019517e-06,7.0098167e-06,1,1.5277929,0.41855562,7975883.5,10452525.0,1646083.9,2194778.5,0.75,0.76305807
ref,1542,6,4,2,2,8.277149,1.6696306,1.9352068,8.87166,344.99512,0.0,-30.0,0.0,1.34177935e-05,1.34177935e-05,1.1243717e-06,8.1454755e-06,1,1.597519,0.47385052,7975883.5,10452525.0,1646083.9,2194778.5,0.75,0.76305807
ref,1543,6,4,3,2,8.277149,1.6696306,1.9352068,9.506416,344.99512,0.0,-30.0,0.0,1.3870269e-05,1.3870269e-05,1.239262e-06,8.47439e-06,1,1.6595873,0.52307254,7975883.5,10452525.0,1646083.9,2194778.5,0.75,0.76305807
ref,1544,6,4,4,2,8.277149,1.6696306,1.9352068,10.113178,344.99512,0.0,-30.0,0.0,1.4017357e-05,1.4017357e-05,1.2089005e-06,8.782328e-06,1,1.7084123,0.5617922,7975883.5,10452525.0,1646083.9,2194778.5,0.75,0.76305807
ref,1545,6,4,5,2,8.277149,1.6696306,1.9352068,10.758609,344.99512,0.0,-30.0,0.0,1.3276024e-05,1.3276024e-05,1.2576537e-06,8.299358e-06,1,1.7530946,0.59722656,7975883.5,10452525.0,1646083.9,2194778.5,0.75,0.76305807
ref,1546,6,4,6,2,8.277149,1.6696306,1.9352068,11.528107,344.99512,0.0,-30.0,0.0,1.3752594e-05,1.3752594e-05,1.186566e-06,8.607948e-06,1,1.8007518,0.6350202,7975883.5,10452525.0,1646083.9,2194778.5,0.75,0.76305807
ref,1547,6,4,7,2,8.277149,1.6696306,1.9352068,12.643543,344.99512,0.0,-30.0,0.0,1.5530008e-05,1.5530008e-05,1.1698606e-06,9.455811e-06,1,1.8469908,0.67168915,7975883.5,10452525.0,1646083.9,2194778.5,0.75,0.76305807
ref,1548,6,5,1,2,8.277149,1.6696306,2.205661,8.369351,344.99512,0.0,-30.0,0.0,1.2204529e-05,1.2204529e-05,9.933186e-07,7.512106e-06,1,1.4314158,0.34212568,7975883.5,10452525.0,1646083.9,2194778.5,0.75,0.76305807
ref,1549,6,5,2,2,8.277149,1.6696306,2.205661,9.154845,344.99512,0.0,-30.0,0.0,1.2474152e-05,1.2474152e-05,1.0620766e-06,7.544641e-06,1,1.5046979,0.4002406,7975883.5,10452525.0,1646083.9,2194778.5,0.75,0.76305807
ref,1550,6,5,3,2,8.277149,1.6696306,2.205661,9.789983,344.99512,0.0,-30.0,0.0,1.3903873e-05,1.3903873e-05,1.0485552e-06,8.133547e-06,1,1.5606859,0.4446408,7975883.5,10452525.0,1646083.9,2194778.5,0.75,0.76305807
ref,1551,6,5,4,2,8.277149,1.6696306,2.205661,10.395953,344.99512,0.0,-30.0,0.0,1.3977932e-05,1.3977932e-05,1.0753489e-06,8.541474e-06,1,1.604812,0.47963408,7975883.5,10452525.0,1646083.9,2194778.5,0.75,0.76305807
ref,1552,6,5,5,2,8.277149,1.6696306,2.205661,11.039354,344.99512,0.0,-30.0,0.0,1.5087278e-05,1.5087278e-05,1.1492884e-06,8.925395e-06,1,1.6510701,0.51631814,7975883.5,10452525.0,1646083.9,2194778.5,0.75,0.76305807
ref,1553,6,5,6,2,8.277149,1.6696306,2.205661,11.804985,344.99512,0.0,-30.0,0.0,1.3628174e-05,1.3628174e-05,1.1310542e-06,8.2040315e-06,1,1.6959283,0.5518921,7975883.5,10452525.0,1646083.9,2194778.5,0.75,0.76305807
ref,1554,6,5,7,2,8.277149,1.6696306,2.205661,12.912108,344.99512,0.0,-30.0,0.0,1.4513821e-05,1.4513821e-05,1.1093271e-06,8.443387e-06,1,1.7406535,0.5873605,7975883.5,10452525.0,1646083.9,2194778.5,0.75,0.76305807
ref,1555,6,6,1,2,8.277149,1.6696306,2.542128,8.702239,344.99512,0.0,-30.0,0.0,1.1354864e-05,1.1354864e-05,1.0293716e-06,6.901943e-06,1,1.3440392,0.27283338,7975883.5,10452525.0,1646083.9,2194778.5,0.75,0.76305807
ref,1556,6,6,2,2,8.277149,1.6696306,2.542128,9.487978,344.99512,0.0,-30.0,0.0,1.3629185e-05,1.3629185e-05,9.833351e-07,8.159747e-06,1,1.409686,0.32489324,7975883.5,10452525.0,1646083.9,2194778.5,0.75,0.76305807
ref,1557,6,6,3,2,8.277149,1.6696306,2.542128,10.121494,344.99512,0.0,-30.0,0.0,1.5186725e-05,1.5186725e-05,1.0970763e-06,8.918021e-06,1,1.4560848,0.36168897,7975883.5,10452525.0,1646083.9,2194778.5,0.75,0.76305807
ref,1558,6,6,4,2,8.277149,1.6696306,2.542128,10.724524,344.99512,0.0,-30.0,0.0,1.3326917e-05,1.3326917e-05,9.497551e-07,8.035228e-06,1,1.4961885,0.39349243,7975883.5,10452525.0,1646083.9,2194778.5,0.75,0.76305807
ref,1559,6,6,5,2,8.277149,1.6696306,2.542128,11.363423,344.99512,0.0,-30.0,0.0,1.3476505e-05,1.3476505e-05,1.1131924e-06,8.146868e-06,1,1.5381837,0.42679584,7975883.5,10452525.0,1646083.9,2194778.5,0.75,0.76305807
ref,1560,6,6,6,2,8.277149,1.6696306,2.542128,12.121912,344.99512,0.0,-30.0,0.0,1.3879789e-05,1.3879789e-05,1.0908611e-06,8.35261e-06,1,1.5771288,0.45768043,7975883.5,10452525.0,1646083.9,2194778.5,0.75,0.76305807
ref,1561,6,6,7,2,8.277149,1.6696306,2.542128,13.215584,344.99512,0.0,-30.0,0.0,1.435013e-05,1.435013e-05,1.0301123e-06,8.808669e-06,1,1.6170056,0.48930395,7975883.5,10452525.0,1646083.9,2194778.5,0.75,0.76305807
ref,1562,6,7,1,2,8.277149,1.6696306,3.0546293,9.181103,344.99512,0.0,-30.0,0.0,1.6176285e-05,1.6176285e-05,9.3179773e-07,9.191147e-06,1,1.2548319,0.20208931,7975883.5,10452525.0,1646083.9,2194778.5,0.75,0.76305807
ref,1563,6,7,2,2,8.277149,1.6696306,3.0546293,9.962705,344.99512,0.0,-30.0,0.0,1.3994177e-05,1.3994177e-05,9.402458e-07,8.341209e-06,1,1.301854,0.23937932,7975883.5,10452525.0,1646083.9,2194778.5,0.75,0.76305807
ref,1564,6,7,3,2,8.277149,1.6696306,3.0546293,10.5903015,344.99512,0.0,-30.0,0.0,1.423227e-05,1.423227e-05,9.35754e-07,8.257982e-06,1,1.3349309,0.26561022,7975883.5,10452525.0,1646083.9,2194778.5,0.75,0.76305807
ref,1565,6,7,4,2,8.277149,1.6696306,3.0546293,11.185691,344.99512,0.0,-30.0,0.0,1.2595818e-05,1.2595818e-05,9.539733e-07,7.635699e-06,1,1.3694509,0.2929857,7975883.5,10452525.0,1646083.9,2194778.5,0.75,0.76305807
ref,1566,6,7,5,2,8.277149,1.6696306,3.0546293,11.814487,344.99512,0.0,-30.0,0.0,1.3273369e-05,1.3273369e-05,1.0687907e-06,8.049008e-06,1,1.3998806,0.3171174,7975883.5,10452525.0,1646083.9,2194778.5,0.75,0.76305807
ref,1567,6,7,6,2,8.277149,1.6696306,3.0546293,12.558476,344.99512,0.0,-30.0,0.0,1.3300548e-05,1.3300548e-05,9.852444e-07,7.924887e-06,1,1.428663,0.33994266,7975883.5,10452525.0,1646083.9,2194778.5,0.75,0.76305807
ref,1568,6,7,7,2,8.277149,1.6696306,3.0546293,13.626754,344.99512,0.0,-30.0,0.0,1.3784301e-05,1.3784301e-05,9.75656e-07,8.221659e-06,1,1.4589717,0.36397833,7975883.5,10452525.0,1646083.9,2194778.5,0.75,0.76305807
ref,1569,6,1,1,3,8.678866,1.8555835,1.1641384,7.1937313,344.99512,0.0,-30.0,0.0,7.805558e-06,7.805558e-06,1.1798757e-06,5.225271e-06,1,1.9914944,0.7862848,9175254.0,12024319.0,1779285.8,2372381.0,0.75,0.76305807
ref,1570,6,1,2,3,8.678866,1.8555835,1.1641384,7.955209,344.99512,0.0,-30.0,0.0,8.709761e-06,8.709761e-06,1.2638942e-06,5.799094e-06,1,2.0142372,0.8043206,9175254.0,12024319.0,1779285.8,2372381.0,0.75,0.76305807
ref,1571,6,1,3,3,8.678866,1.8555835,1.1641384,8.57679,344.99512,0.0,-30.0,0.0,9.336038e-06,9.336038e-06,1.2264562e-06,6.105491e-06,1,2.0410907,0.8256162,9175254.0,12024319.0,1779285.8,2372381.0,0.75,0.76305807
ref,1572,6,1,4,3,8.678866,1.8555835,1.1641384,9.1744175,344.99512,0.0,-30.0,0.0,1.0059355e-05,1.0059355e-05,1.2160517e-06,6.4700016e-06,1,2.0746405,0.8522221,9175254.0,12024319.0,1779285.8,2372381.0,0.75,0.76305807
ref,1573,6,1,5,3,8.678866,1.8555835,1.1641384,9.813629,344.99512,0.0,-30.0,0.0,9.879165e-06,9.879165e-06,1.204964e-06,6.4660685e-06,1,2.1017573,0.87372655,9175254.0,12024319.0,1779285.8,2372381.0,0.75,0.76305807
ref,1574,6,1,6,3,8.678866,1.8555835,1.1641384,10.580164,344.99512,0.0,-30.0,0.0,9.912754e-06,9.912754e-06,1.296052e-06,6.6703205e-06,1,2.1243784,0.89166576,9175254.0,12024319.0,1779285.8,2372381.0,0.75,0.76305807
ref,1575,6,1,7,3,8.678866,1.8555835,1.1641384,11.699415,344.99512,0.0,-30.0,0.0,9.573987e-06,9.573987e-06,1.18528e-06,6.1483192e-06,1,2.1503513,0.91226304,9175254.0,12024319.0,1779285.8,2372381.0,0.75,0.76305807
ref,1576,6,2,1,3,8.678866,1.8555835,1.4476153,7.542839,344.99512,0.0,-30.0,0.0,8.629619e-06,8.629619e-06,1.0900907e-06,5.625563e-06,1,1.8437953,0.66915494,9175254.0,12024319.0,1779285.8,2372381.0,0.75,0.76305807
ref,1577,6,2,2,3,8.678866,1.8555835,1.4476153,8.315508,344.99512,0.0,-30.0,0.0,9.308705e-06,9.308705e-06,1.0838603e-06,5.93893e-06,1,1.8777009,0.6960432,9175254.0,12024319.0,1779285.8,2372381.0,0.75,0.76305807
ref,1578,6,2,3,3,8.678866,1.8555835,1.4476153,8.944522,344.99512,0.0,-30.0,0.0,9.758847e-06,9.758847e-06,1.1332069e-06,6.3526463e-06,1,1.9278924,0.7358465,9175254.0,12024319.0,1779285.8,2372381.0,0.75,0.76305807
ref,1579,6,2,4,3,8.678866,1.8555835,1.4476153,9.547968,344.99512,0.0,-30.0,0.0,9.77974e-06,9.77974e-06,1.1071561e-06,6.295945e-06,1,1.971032,0.7700575,9175254.0,12024319.0,1779285.8,2372381.0,0.75,0.76305807
ref,1580,6,2,5,3,8.678866,1.8555835,1.4476153,10.19207,344.99512,0.0,-30.0,0.0,9.996423e-06,9.996423e-06,1.1605966e-06,6.3913176e-06,1,2.0055604,0.7974395,9175254.0,12024319.0,1779285.8,2372381.0,0.75,0.76305807
ref,1581,6,2,6,3,8.678866,1.8555835,1.4476153,10.96278,344.99512,0.0,-30.0,0.0,9.571781e-06,9.571781e-06,1.100358e-06,6.225112e-06,1,2.0393517,0.82423717,9175254.0,12024319.0,1779285.8,2372381.0,0.75,0.76305807
ref,1582,6,2,7,3,8.678866,1.8555835,1.4476153,12.085018,344.99512,0.0,-30.0,0.0,9.709735e-06,9.709735e-06,1.1915134e-06,6.3801863e-06,1,2.0739388,0.8516657,9175254.0,12024319.0,1779285.8,2372381.0,0.75,0.76305807
ref,1583,6,3,1,3,8.678866,1.8555835,1.6913353,7.8228326,344.99512,0.0,-30.0,0.0,7.912141e-06,7.912141e-06,1.0005094e-06,5.1401453e-06,1,1.7170151,0.5686145,9175254.0,12024319.0,1779285.8,2372381.0,0.75,0.76305807
ref,1584,6,3,2,3,8.678866,1.8555835,1.6913353,8.6019125,344.99512,0.0,-30.0,0.0,9.883319e-06,9.883319e-06,1.0772475e-06,6.554947e-06,1,1.7678216,0.60890555,9175254.0,12024319.0,1779285.8,2372381.0,0.75,0.76305807
ref,1585,6,3,3,3,8.678866,1.8555835,1.6913353,9.234724,344.99512,0.0,-30.0,0.0,1.0007057e-05,1.0007057e-05,1.0764165e-06,6.0655493e-06,1,1.8284199,0.65696186,9175254.0,12024319.0,1779285.8,2372381.0,0.75,0.76305807
ref,1586,6,3,4,3,8.678866,1.8555835,1.6913353,9.840709,344.99512,0.0,-30.0,0.0,9.493168e-06,9.493168e-06,1.0436269e-06,6.2110526e-06,1,1.8755852,0.6943653,9175254.0,12024319.0,1779285.8,2372381.0,0.75,0.76305807
ref,1587,6,3,5,3,8.678866,1.8555835,1.6913353,10.4864025,344.99512,0.0,-30.0,0.0,1.0230559e-05,1.0230559e-05,1.0515316e-06,6.489329e-06,1,1.9136903,0.7245838,9175254.0,12024319.0,1779285.8,2372381.0,0.75,0.76305807
ref,1588,6,3,6,3,8.678866,1.8555835,1.6913353,11.2576,344.99512,0.0,-30.0,0.0,1.0150229e-05,1.0150229e-05,1.1066179e-06,6.5764343e-06,1,1.9555135,0.75775087,9175254.0,12024319.0,1779285.8,2372381.0,0.75,0.76305807
ref,1589,6,3,7,3,8.678866,1.8555835,1.6913353,12.377981,344.99512,0.0,-30.0,0.0,8.961767e-06,8.961767e-06,1.1190095e-06,5.9166355e-06,1,1.9953274,0.7893245,9175254.0,12024319.0,1779285.8,2372381.0,0.75,0.76305807
ref,1590,6,4,1,3,8.678866,1.8555835,1.9352068,8.088473,344.99512,0.0,-30.0,0.0,8.450272e-06,8.450272e-06,9.752998e-07,5.2577852e-06,1,1.6004834,0.47620133,9175254.0,12024319.0,1779285.8,2372381.0,0.75,0.76305807
ref,1591,6,4,2,3,8.678866,1.8555835,1.9352068,8.87166,344.99512,0.0,-30.0,0.0,8.732497e-06,8.732497e-06,1.0441497e-06,5.7523293e-06,1,1.6710237,0.532142,9175254.0,12024319.0,1779285.8,2372381.0,0.75,0.76305807
ref,1592,6,4,3,3,8.678866,1.8555835,1.9352068,9.506416,344.99512,0.0,-30.0,0.0,1.0054715e-05,1.0054715e-05,1.004819e-06,6.4437763e-06,1,1.7322999,0.5807358,9175254.0,12024319.0,1779285.8,2372381.0,0.75,0.76305807
ref,1593,6,4,4,3,8.678866,1.8555835,1.9352068,10.113178,344.99512,0.0,-30.0,0.0,9.229797e-06,9.229797e-06,9.648112e-07,5.907353e-06,1,1.7795306,0.6181912,9175254.0,12024319.0,1779285.8,2372381.0,0.75,0.76305807
ref,1594,6,4,5,3,8.678866,1.8555835,1.9352068,10.758609,344.99512,0.0,-30.0,0.0,9.5325895e-06,9.5325895e-06,1.0322412e-06,6.022694e-06,1,1.8220254,0.6518909,9175254.0,12024319.0,1779285.8,2372381.0,0.75,0.76305807
ref,1595,6,4,6,3,8.678866,1.8555835,1.9352068,11.528107,344.99512,0.0,-30.0,0.0,1.031563e-05,1.031563e-05,1.0293738e-06,6.626698e-06,1,1.866602,0.6872413,9175254.0,12024319.0,1779285.8,2372381.0,0.75,0.76305807
ref,1596,6,4,7,3,8.678866,1.8555835,1.9352068,12.643543,344.99512,0.0,-30.0,0.0,9.7249795e-06,9.7249795e-06,1.0474008e-06,6.2351946e-06,1,1.9091321,0.7209691,9175254.0,12024319.0,1779285.8,2372381.0,0.75,0.76305807
ref,1597,6,5,1,3,8.678866,1.8555835,2.205661,8.369351,344.99512,0.0,-30.0,0.0,8.037113e-06,8.037113e-06,9.303215e-07,5.1850075e-06,1,1.4998825,0.3964218,9175254.0,12024319.0,1779285.8,2372381.0,0.75,0.76305807
ref,1598,6,5,2,3,8.678866,1.8555835,2.205661,9.154845,344.99512,0.0,-30.0,0.0,9.57741e-06,9.57741e-06,9.15337e-07,6.1242126e-06,1,1.5767095,0.45734796,9175254.0,12024319.0,1779285.8,2372381.0,0.75,0.76305807
ref,1599,6,5,3,3,8.678866,1.8555835,2.205661,9.789983,344.99512,0.0,-30.0,0.0,1.0351163e-05,1.0351163e-05,9.4809934e-07,6.498132e-06,1,1.6339893,0.50277257,9175254.0,12024319.0,1779285.8,2372381.0,0.75,0.76305807
ref,1600,6,5,4,3,8.678866,1.8555835,2.205661,10.395953,344.99512,0.0,-30.0,0.0,1.01641845e-05,1.01641845e-05,9.4126875e-07,6.429407e-06,1,1.6782967,0.5379096,9175254.0,12024319.0,1779285.8,2372381.0,0.75,0.76305807
ref,1601,6,5,5,3,8.678866,1.8555835,2.205661,11.039354,344.99512,0.0,-30.0,0.0,8.82582e-06,8.82582e-06,9.266817e-07,5.8211135e-06,1,1.7239741,0.57413316,9175254.0,12024319.0,1779285.8,2372381.0,0.75,0.76305807
ref,1602,6,5,6,3,8.678866,1.8555835,2.205661,11.804985,344.99512,0.0,-30.0,0.0,8.828445e-06,8.828445e-06,1.0016788e-06,5.6405092e-06,1,1.7675343,0.6086777,9175254.0,12024319.0,1779285.8,2372381.0,0.75,0.76305807
ref,1603,6,5,7,3,8.678866,1.8555835,2.205661,12.912108,344.99512,0.0,-30.0,0.0,8.767155e-06,8.767155e-06,9.334684e-07,5.625444e-06,1,1.8102624,0.64256245,9175254.0,12024319.0,1779285.8,2372381.0,0.75,0.76305807
ref,1604,6,6,1,3,8.678866,1.8555835,2.542128,8.702239,344.99512,0.0,-30.0,0.0,1.1248566e-05,1.1248566e-05,8.2665247e-07,6.952334e-06,1,1.4054158,0.3215069,9175254.0,12024319.0,1779285.8,2372381.0,0.75,0.76305807
ref,1605,6,6,2,3,8.678866,1.8555835,2.542128,9.487978,344.99512,0.0,-30.0,0.0,9.261043e-06,9.261043e-06,8.7997256e-07,5.7589627e-06,1,1.4766856,0.378026,9175254.0,12024319.0,1779285.8,2372381.0,0.75,0.76305807
ref,1606,6,6,3,3,8.678866,1.8555835,2.542128,10.121494,344.99512,0.0,-30.0,0.0,1.0029115e-05,1.0029115e-05,9.517693e-07,6.4001856e-06,1,1.5259842,0.41712126,9175254.0,12024319.0,1779285.8,2372381.0,0.75,0.76305807
ref,1607,6,6,4,3,8.678866,1.8555835,2.542128,10.724524,344.99512,0.0,-30.0,0.0,1.0197708e-05,1.0197708e-05,9.806653e-07,6.475489e-06,1,1.5678977,0.45035994,9175254.0,12024319.0,1779285.8,2372381.0,0.75,0.76305807
ref,1608,6,6,5,3,8.678866,1.8555835,2.542128,11.363423,344.99512,0.0,-30.0,0.0,1.0534165e-05,1.0534165e-05,8.43877e-07,6.4875503e-06,1,1.6111125,0.48463053,9175254.0,12024319.0,1779285.8,2372381.0,0.75,0.76305807
ref,1609,6,6,6,3,8.678866,1.8555835,2.542128,12.121912,344.99512,0.0,-30.0,0.0,9.950705e-06,9.950705e-06,8.468438e-07,6.153998e-06,1,1.6505848,0.5159333,9175254.0,12024319.0,1779285.8,2372381.0,0.75,0.76305807
ref,1610,6,6,7,3,8.678866,1.8555835,2.542128,13.215584,344.99512,0.0,-30.0,0.0,1.1762025e-05,1.1762025e-05,1.0099783e-06,7.317333e-06,1,1.690413,0.5475182,9175254.0,12024319.0,1779285.8,2372381.0,0.75,0.76305807
ref,1611,6,7,1,3,8.678866,1.8555835,3.0546293,9.181103,344.99512,0.0,-30.0,0.0,1.1005386e-05,1.1005386e-05,8.291125e-07,6.6623443e-06,1,1.3055979,0.24234827,9175254.0,12024319.0,1779285.8,2372381.0,0.75,0.76305807
ref,1612,6,7,2,3,8.678866,1.8555835,3.0546293,9.962705,344.99512,0.0,-30.0,0.0,1.1883514e-05,1.1883514e-05,8.527029e-07,6.8336994e-06,1,1.3586484,0.28441897,9175254.0,12024319.0,1779285.8,2372381.0,0.75,0.76305807
ref,1613,6,7,3,3,8.678866,1.8555835,3.0546293,10.5903015,344.99512,0.0,-30.0,0.0,1.1580925e-05,1.1580925e-05,8.3360663e-07,6.920903e-06,1,1.3953832,0.31355074,9175254.0,12024319.0,1779285.8,2372381.0,0.75,0.76305807
ref,1614,6,7,4,3,8.678866,1.8555835,3.0546293,11.185691,344.99512,0.0,-30.0,0.0,1.2096307e-05,1.2096307e-05,9.151097e-07,7.262107e-06,1,1.4332192,0.34355578,9175254.0,12024319.0,1779285.8,2372381.0,0.75,0.76305807
ref,1615,6,7,5,3,8.678866,1.8555835,3.0546293,11.814487,344.99512,0.0,-30.0,0.0,1.1294253e-05,1.1294253e-05,9.201657e-07,6.840916e-06,1,1.4661549,0.36967483,9175254.0,12024319.0,1779285.8,2372381.0,0.75,0.76305807
ref,1616,6,7,6,3,8.678866,1.8555835,3.0546293,12.558476,344.99512,0.0,-30.0,0.0,9.628436e-06,9.628436e-06,9.386776e-07,5.8295586e-06,1,1.4969546,0.39409986,9175254.0,12024319.0,1779285.8,2372381.0,0.75,0.76305807
ref,1617,6,7,7,3,8.678866,1.8555835,3.0546293,13.626754,344.99512,0.0,-30.0,0.0,9.358392e-06,9.358392e-06,9.363791e-07,6.0826837e-06,1,1.5290227,0.4195309,9175254.0,12024319.0,1779285.8,2372381.0,0.75,0.76305807
ref,1618,6,1,1,4,8.200873,1.6675621,1.1641384,7.1937313,344.99512,0.0,-30.0,0.0,7.1601835e-06,7.1601835e-06,8.255481e-07,4.559501e-06,1,1.9274738,0.7355145,7748154.0,10154081.0,1620792.2,2161056.5,0.75,0.76305807
ref,1619,6,1,2,4,8.200873,1.6675621,1.1641384,7.955209,344.99512,0.0,-30.0,0.0,8.1615535e-06,8.1615535e-06,8.5117983e-07,5.070871e-06,1,1.9539464,0.75650805,7748154.0,10154081.0,1620792.2,2161056.5,0.75,0.76305807
ref,1620,6,1,3,4,8.200873,1.6675621,1.1641384,8.57679,344.99512,0.0,-30.0,0.0,8.657469e-06,8.657469e-06,8.701643e-07,5.322438e-06,1,1.9855795,0.78159416,7748154.0,10154081.0,1620792.2,2161056.5,0.75,0.76305807
ref,1621,6,1,4,4,8.200873,1.6675621,1.1641384,9.1744175,344.99512,0.0,-30.0,0.0,8.221833e-06,8.221833e-06,8.876621e-07,5.214588e-06,1,2.0256844,0.81339854,7748154.0,10154081.0,1620792.2,2161056.5,0.75,0.76305807
ref,1622,6,1,5,4,8.200873,1.6675621,1.1641384,9.813629,344.99512,0.0,-30.0,0.0,8.657699e-06,8.657699e-06,8.5642324e-07,5.4412635e-06,1,2.0585835,0.8394884,7748154.0,10154081.0,1620792.2,2161056.5,0.75,0.76305807
ref,1623,6,1,6,4,8.200873,1.6675621,1.1641384,10.580164,344.99512,0.0,-30.0,0.0,8.273562e-06,8.273562e-06,9.0506023e-07,5.173367e-06,1,2.086366,0.8615208,7748154.0,10154081.0,1620792.2,2161056.5,0.75,0.76305807
ref,1624,6,1,7,4,8.200873,1.6675621,1.1641384,11.699415,344.99512,0.0,-30.0,0.0,8.8085435e-06,8.8085435e-06,9.2975756e-07,5.3912768e-06,1,2.1186512,0.88712394,7748154.0,10154081.0,1620792.2,2161056.5,0.75,0.76305807
ref,1625,6,2,1,4,8.200873,1.6675621,1.4476153,7.542839,344.99512,0.0,-30.0,0.0,6.743457e-06,6.743457e-06,7.5481836e-07,4.2122433e-06,1,1.7623338,0.6045535,7748154.0,10154081.0,1620792.2,2161056.5,0.75,0.76305807
ref,1626,6,2,2,4,8.200873,1.6675621,1.4476153,8.315508,344.99512,0.0,-30.0,0.0,8.09847e-06,8.09847e-06,7.505737e-07,5.0212825e-06,1,1.799237,0.63381886,7748154.0,10154081.0,1620792.2,2161056.5,0.75,0.76305807
ref,1627,6,2,3,4,8.200873,1.6675621,1.4476153,8.944522,344.99512,0.0,-30.0,0.0,8.874955e-06,8.874955e-06,7.896044e-07,5.3771446e-06,1,1.8549501,0.67800105,7748154.0,10154081.0,1620792.2,2161056.5,0.75,0.76305807
ref,1628,6,2,4,4,8.200873,1.6675621,1.4476153,9.547968,344.99512,0.0,-30.0,0.0,8.826362e-06,8.826362e-06,8.1342216e-07,5.4066004e-06,1,1.903901,0.7168206,7748154.0,10154081.0,1620792.2,2161056.5,0.75,0.76305807
ref,1629,6,2,5,4,8.200873,1.6675621,1.4476153,10.19207,344.99512,0.0,-30.0,0.0,7.726348e-06,7.726348e-06,7.7029364e-07,4.8737525e-06,1,1.9438123,0.74847144,7748154.0,10154081.0,1620792.2,2161056.5,0.75,0.76305807
ref,1630,6,2,6,4,8.200873,1.6675621,1.4476153,10.96278,344.99512,0.0,-30.0,0.0,8.75372e-06,8.75372e-06,8.427272e-07,5.5059204e-06,1,1.9835186,0.77995974,7748154.0,10154081.0,1620792.2,2161056.5,0.75,0.76305807
ref,1631,6,2,7,4,8.200873,1.6675621,1.4476153,12.085018,344.99512,0.0,-30.0,0.0,8.486847e-06,8.486847e-06,7.74748e-07,5.1944307e-06,1,2.024839,0.812728,7748154.0,10154081.0,1620792.2,2161056.5,0.75,0.76305807
ref,1632,6,3,1,4,8.200873,1.6675621,1.6913353,7.8228326,344.99512,0.0,-30.0,0.0,6.9337884e-06,6.9337884e-06,7.6718163e-07,4.274081e-06,1,1.6293298,0.49907744,7748154.0,10154081.0,1620792.2,2161056.5,0.75,0.76305807
ref,1633,6,3,2,4,8.200873,1.6675621,1.6913353,8.6019125,344.99512,0.0,-30.0,0.0,7.589083e-06,7.589083e-06,6.74211e-07,4.6629584e-06,1,1.6817095,0.5406161,7748154.0,10154081.0,1620792.2,2161056.5,0.75,0.76305807
ref,1634,6,3,3,4,8.200873,1.6675621,1.6913353,9.234724,344.99512,0.0,-30.0,0.0,8.017439e-06,8.017439e-06,7.6722614e-07,4.9570826e-06,1,1.7457892,0.5914332,7748154.0,10154081.0,1620792.2,2161056.5,0.75,0.76305807
ref,1635,6,3,4,4,8.200873,1.6675621,1.6913353,9.840709,344.99512,0.0,-30.0,0.0,8.653038e-06,8.653038e-06,7.8279385e-07,5.286756e-06,1,1.7969171,0.63197917,7748154.0,10154081.0,1620792.2,2161056.5,0.75,0.76305807
ref,1636,6,3,5,4,8.200873,1.6675621,1.6913353,10.4864025,344.99512,0.0,-30.0,0.0,1.0027976e-05,1.0027976e-05,7.5947383e-07,6.0063053e-06,1,1.8390521,0.6653935,7748154.0,10154081.0,1620792.2,2161056.5,0.75,0.76305807
ref,1637,6,3,6,4,8.200873,1.6675621,1.6913353,11.2576,344.99512,0.0,-30.0,0.0,8.995711e-06,8.995711e-06,7.974819e-07,5.3637636e-06,1,1.8861765,0.7027645,7748154.0,10154081.0,1620792.2,2161056.5,0.75,0.76305807
ref,1638,6,3,7,4,8.200873,1.6675621,1.6913353,12.377981,344.99512,0.0,-30.0,0.0,8.505012e-06,8.505012e-06,7.7836376e-07,5.08283e-06,1,1.9319152,0.7390367,7748154.0,10154081.0,1620792.2,2161056.5,0.75,0.76305807
ref,1639,6,4,1,4,8.200873,1.6675621,1.9352068,8.088473,344.99512,0.0,-30.0,0.0,6.914617e-06,6.914617e-06,7.126538e-07,4.338142e-06,1,1.5135939,0.40729538,7748154.0,10154081.0,1620792.2,2161056.5,0.75,0.76305807
ref,1640,6,4,2,4,8.200873,1.6675621,1.9352068,8.87166,344.99512,0.0,-30.0,0.0,7.625249e-06,7.625249e-06,6.814155e-07,4.6445457e-06,1,1.5829356,0.4622854,7748154.0,10154081.0,1620792.2,2161056.5,0.75,0.76305807
ref,1641,6,4,3,4,8.200873,1.6675621,1.9352068,9.506416,344.99512,0.0,-30.0,0.0,8.535301e-06,8.535301e-06,8.071745e-07,5.173784e-06,1,1.6449616,0.5114739,7748154.0,10154081.0,1620792.2,2161056.5,0.75,0.76305807
ref,1642,6,4,4,4,8.200873,1.6675621,1.9352068,10.113178,344.99512,0.0,-30.0,0.0,8.375523e-06,8.375523e-06,7.2235787e-07,5.0782073e-06,1,1.6939533,0.55032575,7748154.0,10154081.0,1620792.2,2161056.5,0.75,0.76305807
ref,1643,6,4,5,4,8.200873,1.6675621,1.9352068,10.758609,344.99512,0.0,-30.0,0.0,8.487899e-06,8.487899e-06,6.947669e-07,5.1036172e-06,1,1.738943,0.586004,7748154.0,10154081.0,1620792.2,2161056.5,0.75,0.76305807
ref,1644,6,4,6,4,8.200873,1.6675621,1.9352068,11.528107,344.99512,0.0,-30.0,0.0,8.300554e-06,8.300554e-06,7.4430005e-07,5.0766043e-06,1,1.7870926,0.62418807,7748154.0,10154081.0,1620792.2,2161056.5,0.75,0.76305807
ref,1645,6,4,7,4,8.200873,1.6675621,1.9352068,12.643543,344.99512,0.0,-30.0,0.0,8.146377e-06,8.146377e-06,7.222511e-07,5.0263493e-06,1,1.8339722,0.661365,7748154.0,10154081.0,1620792.2,2161056.5,0.75,0.76305807
ref,1646,6,5,1,4,8.200873,1.6675621,2.205661,8.369351,344.99512,0.0,-30.0,0.0,7.3413107e-06,7.3413107e-06,6.4788424e-07,4.3987507e-06,1,1.4183302,0.33174843,7748154.0,10154081.0,1620792.2,2161056.5,0.75,0.76305807
ref,1647,6,5,2,4,8.200873,1.6675621,2.205661,9.154845,344.99512,0.0,-30.0,0.0,7.835609e-06,7.835609e-06,6.267137e-07,4.8282554e-06,1,1.4907044,0.38914332,7748154.0,10154081.0,1620792.2,2161056.5,0.75,0.76305807
ref,1648,6,5,3,4,8.200873,1.6675621,2.205661,9.789983,344.99512,0.0,-30.0,0.0,9.708963e-06,9.708963e-06,6.7753183e-07,5.701802e-06,1,1.5462613,0.4332016,7748154.0,10154081.0,1620792.2,2161056.5,0.75,0.76305807
ref,1649,6,5,4,4,8.200873,1.6675621,2.205661,10.395953,344.99512,0.0,-30.0,0.0,7.7532095e-06,7.7532095e-06,6.6935576e-07,4.792805e-06,1,1.5902089,0.46805337,7748154.0,10154081.0,1620792.2,2161056.5,0.75,0.76305807
ref,1650,6,5,5,4,8.200873,1.6675621,2.205661,11.039354,344.99512,0.0,-30.0,0.0,8.231468e-06,8.231468e-06,6.669247e-07,5.0662657e-06,1,1.6364334,0.5047108,7748154.0,10154081.0,1620792.2,2161056.5,0.75,0.76305807
ref,1651,6,5,6,4,8.200873,1.6675621,2.205661,11.804985,344.99512,0.0,-30.0,0.0,8.497982e-06,8.497982e-06,7.037073e-07,5.2526225e-06,1,1.68141,0.5403785,7748154.0,10154081.0,1620792.2,2161056.5,0.75,0.76305807
ref,1652,6,5,7,4,8.200873,1.6675621,2.205661,12.912108,344.99512,0.0,-30.0,0.0,8.254048e-06,8.254048e-06,6.471635e-07,4.9950686e-06,1,1.7264016,0.5760582,7748154.0,10154081.0,1620792.2,2161056.5,0.75,0.76305807
ref,1653,6,6,1,4,8.200873,1.6675621,2.542128,8.702239,344.99512,0.0,-30.0,0.0,8.999813e-06,8.999813e-06,6.644159e-07,5.3464014e-06,1,1.3325415,0.2637154,7748154.0,10154081.0,1620792.2,2161056.5,0.75,0.76305807
ref,1654,6,6,2,4,8.200873,1.6675621,2.542128,9.487978,344.99512,0.0,-30.0,0.0,8.95795e-06,8.95795e-06,6.1237887e-07,5.2010178e-06,1,1.396944,0.31478858,7748154.0,10154081.0,1620792.2,2161056.5,0.75,0.76305807
ref,1655,6,6,3,4,8.200873,1.6675621,2.542128,10.121494,344.99512,0.0,-30.0,0.0,9.779651e-06,9.779651e-06,7.048051e-07,5.6945223e-06,1,1.4426503,0.35103497,7748154.0,10154081.0,1620792.2,2161056.5,0.75,0.76305807
ref,1656,6,6,4,4,8.200873,1.6675621,2.542128,10.724524,344.99512,0.0,-30.0,0.0,9.269862e-06,9.269862e-06,6.306284e-07,5.347366e-06,1,1.4822805,0.38246292,7748154.0,10154081.0,1620792.2,2161056.5,0.75,0.76305807
ref,1657,6,6,5,4,8.200873,1.6675621,2.542128,11.363423,344.99512,0.0,-30.0,0.0,6.7941764e-06,6.7941764e-06,6.453776e-07,4.2794895e-06,1,1.5239049,0.41547233,7748154.0,10154081.0,1620792.2,2161056.5,0.75,0.76305807
ref,1658,6,6,6,4,8.200873,1.6675621,2.542128,12.121912,344.99512,0.0,-30.0,0.0,9.375173e-06,9.375173e-06,6.684499e-07,5.493289e-06,1,1.562621,0.4461753,7748154.0,10154081.0,1620792.2,2161056.5,0.75,0.76305807
ref,1659,6,6,7,4,8.200873,1.6675621,2.542128,13.215584,344.99512,0.0,-30.0,0.0,8.2521665e-06,8.2521665e-06,6.314386e-07,4.937249e-06,1,1.6023784,0.4777041,7748154.0,10154081.0,1620792.2,2161056.5,0.75,0.76305807
ref,1660,6,7,1,4,8.200873,1.6675621,3.0546293,9.181103,344.99512,0.0,-30.0,0.0,8.6221025e-06,8.6221025e-06,6.109438e-07,4.969844e-06,1,1.2455173,0.19470252,7748154.0,10154081.0,1620792.2,2161056.5,0.75,0.76305807
ref,1661,6,7,2,4,8.200873,1.6675621,3.0546293,9.962705,344.99512,0.0,-30.0,0.0,7.879772e-06,7.879772e-06,6.2578846e-07,4.696014e-06,1,1.2913183,0.23102415,7748154.0,10154081.0,1620792.2,2161056.5,0.75,0.76305807
ref,1662,6,7,3,4,8.200873,1.6675621,3.0546293,10.5903015,344.99512,0.0,-30.0,0.0,1.0392948e-05,1.0392948e-05,6.860188e-07,5.7788093e-06,1,1.3236301,0.25664842,7748154.0,10154081.0,1620792.2,2161056.5,0.75,0.76305807
ref,1663,6,7,4,4,8.200873,1.6675621,3.0546293,11.185691,344.99512,0.0,-30.0,0.0,9.841121e-06,9.841121e-06,6.88259e-07,5.820847e-06,1,1.3574351,0.28345674,7748154.0,10154081.0,1620792.2,2161056.5,0.75,0.76305807
ref,1664,6,7,5,4,8.200873,1.6675621,3.0546293,11.814487,344.99512,0.0,-30.0,0.0,8.306081e-06,8.306081e-06,5.906516e-07,4.9008177e-06,1,1.3873051,0.30714455,7748154.0,10154081.0,1620792.2,2161056.5,0.75,0.76305807
ref,1665,6,7,6,4,8.200873,1.6675621,3.0546293,12.558476,344.99512,0.0,-30.0,0.0,8.477037e-06,8.477037e-06,6.042769e-07,5.099797e-06,1,1.4156191,0.32959846,7748154.0,10154081.0,1620792.2,2161056.5,0.75,0.76305807
ref,1666,6,7,7,4,8.200873,1.6675621,3.0546293,13.626754,344.99512,0.0,-30.0,0.0,7.773753e-06,7.773753e-06,6.5960216e-07,4.6236087e-06,1,1.4454992,0.3532942,7748154.0,10154081.0,1620792.2,2161056.5,0.75,0.76305807
ref,1667,6,1,1,5,8.23706,1.660275,1.1641384,7.1937313,344.99512,0.0,-30.0,0.0,4.4434746e-06,4.4434746e-06,6.204793e-07,3.0431515e-06,1,1.9328732,0.73979646,7856191.5,10295667.0,1632791.0,2177054.5,0.75,0.76305807
ref,1668,6,1,2,5,8.23706,1.660275,1.1641384,7.955209,344.99512,0.0,-30.0,0.0,5.005705e-06,5.005705e-06,6.1574974e-07,3.2408561e-06,1,1.9590567,0.7605608,7856191.5,10295667.0,1632791.0,2177054.5,0.75,0.76305807
ref,1669,6,1,3,5,8.23706,1.660275,1.1641384,8.57679,344.99512,0.0,-30.0,0.0,5.032996e-06,5.032996e-06,5.650721e-07,3.325079e-06,1,1.9903128,0.7853478,7856191.5,10295667.0,1632791.0,2177054.5,0.75,0.76305807
ref,1670,6,1,4,5,8.23706,1.660275,1.1641384,9.1744175,344.99512,0.0,-30.0,0.0,5.3494673e-06,5.3494673e-06,6.0085006e-07,3.5246687e-06,1,2.02989,0.8167337,7856191.5,10295667.0,1632791.0,2177054.5,0.75,0.76305807
ref,1671,6,1,5,5,8.23706,1.660275,1.1641384,9.813629,344.99512,0.0,-30.0,0.0,5.502959e-06,5.502959e-06,6.2311074e-07,3.607584e-06,1,2.062315,0.84244764,7856191.5,10295667.0,1632791.0,2177054.5,0.75,0.76305807
ref,1672,6,1,6,5,8.23706,1.660275,1.1641384,10.580164,344.99512,0.0,-30.0,0.0,5.5120386e-06,5.5120386e-06,6.221539e-07,3.6907086e-06,1,2.0896683,0.8641396,7856191.5,10295667.0,1632791.0,2177054.5,0.75,0.76305807
ref,1673,6,1,7,5,8.23706,1.660275,1.1641384,11.699415,344.99512,0.0,-30.0,0.0,5.307447e-06,5.307447e-06,6.123818e-07,3.540706e-06,1,2.1214213,0.88932073,7856191.5,10295667.0,1632791.0,2177054.5,0.75,0.76305807
ref,1674,6,2,1,5,8.23706,1.660275,1.4476153,7.542839,344.99512,0.0,-30.0,0.0,5.183306e-06,5.183306e-06,5.5055233e-07,3.3464003e-06,1,1.7689885,0.609831,7856191.5,10295667.0,1632791.0,2177054.5,0.75,0.76305807
ref,1675,6,2,2,5,8.23706,1.660275,1.4476153,8.315508,344.99512,0.0,-30.0,0.0,4.97492e-06,4.97492e-06,5.326789e-07,3.1652753e-06,1,1.8056934,0.638939,7856191.5,10295667.0,1632791.0,2177054.5,0.75,0.76305807
ref,1676,6,2,3,5,8.23706,1.660275,1.4476153,8.944522,344.99512,0.0,-30.0,0.0,5.1719057e-06,5.1719057e-06,5.629811e-07,3.4211232e-06,1,1.8610173,0.6828126,7856191.5,10295667.0,1632791.0,2177054.5,0.75,0.76305807
ref,1677,6,2,4,5,8.23706,1.660275,1.4476153,9.547968,344.99512,0.0,-30.0,0.0,5.7301017e-06,5.7301017e-06,6.083182e-07,3.7717482e-06,1,1.9095376,0.7212905,7856191.5,10295667.0,1632791.0,2177054.5,0.75,0.76305807
ref,1678,6,2,5,5,8.23706,1.660275,1.4476153,10.19207,344.99512,0.0,-30.0,0.0,5.7590655e-06,5.7590655e-06,5.909638e-07,3.7166137e-06,1,1.9490362,0.7526142,7856191.5,10295667.0,1632791.0,2177054.5,0.75,0.76305807
ref,1679,6,2,6,5,8.23706,1.660275,1.4476153,10.96278,344.99512,0.0,-30.0,0.0,5.0379695e-06,5.0379695e-06,5.854434e-07,3.265497e-06,1,1.9882776,0.7837337,7856191.5,10295667.0,1632791.0,2177054.5,0.75,0.76305807
ref,1680,6,2,7,5,8.23706,1.660275,1.4476153,12.085018,344.99512,0.0,-30.0,0.0,5.3372955e-06,5.3372955e-06,5.6146695e-07,3.4988007e-06,1,2.0290563,0.81607246,7856191.5,10295667.0,1632791.0,2177054.5,0.75,0.76305807
ref,1681,6,3,1,5,8.23706,1.660275,1.6913353,7.8228326,344.99512,0.0,-30.0,0.0,4.9392615e-06,4.9392615e-06,5.385492e-07,3.2215423e-06,1,1.6363051,0.50460905,7856191.5,10295667.0,1632791.0,2177054.5,0.75,0.76305807
ref,1682,6,3,2,5,8.23706,1.660275,1.6913353,8.6019125,344.99512,0.0,-30.0,0.0,5.0476383e-06,5.0476383e-06,5.7711895e-07,3.304769e-06,1,1.6886325,0.5461062,7856191.5,10295667.0,1632791.0,2177054.5,0.75,0.76305807
ref,1683,6,3,3,5,8.23706,1.660275,1.6913353,9.234724,344.99512,0.0,-30.0,0.0,5.3097133e-06,5.3097133e-06,4.9283517e-07,3.3957033e-06,1,1.7525176,0.596769,7856191.5,10295667.0,1632791.0,2177054.5,0.75,0.76305807
ref,1684,6,3,4,5,8.23706,1.660275,1.6913353,9.840709,344.99512,0.0,-30.0,0.0,4.7668777e-06,4.7668777e-06,5.5213985e-07,3.1036504e-06,1,1.8033874,0.6371103,7856191.5,10295667.0,1632791.0,2177054.5,0.75,0.76305807
ref,1685,6,3,5,5,8.23706,1.660275,1.6913353,10.4864025,344.99512,0.0,-30.0,0.0,6.000343e-06,6.000343e-06,5.113996e-07,3.851765e-06,1,1.8452414,0.6703018,7856191.5,10295667.0,1632791.0,2177054.5,0.75,0.76305807
ref,1686,6,3,6,5,8.23706,1.660275,1.6913353,11.2576,344.99512,0.0,-30.0,0.0,6.242141e-06,6.242141e-06,5.477139e-07,4.048108e-06,1,1.8919785,0.7073657,7856191.5,10295667.0,1632791.0,2177054.5,0.75,0.76305807
ref,1687,6,3,7,5,8.23706,1.660275,1.6913353,12.377981,344.99512,0.0,-30.0,0.0,5.4708867e-06,5.4708867e-06,5.6792334e-07,3.5455935e-06,1,1.9372678,0.7432815,7856191.5,10295667.0,1632791.0,2177054.5,0.75,0.76305807
ref,1688,6,4,1,5,8.23706,1.660275,1.9352068,8.088473,344.99512,0.0,-30.0,0.0,4.7466833e-06,4.7466833e-06,4.8005955e-07,3.0295932e-06,1,1.5203432,0.41264775,7856191.5,10295667.0,1632791.0,2177054.5,0.75,0.76305807
ref,1689,6,4,2,5,8.23706,1.660275,1.9352068,8.87166,344.99512,0.0,-30.0,0.0,4.7979015e-06,4.7979015e-06,4.940469e-07,3.066503e-06,1,1.5898769,0.46779007,7856191.5,10295667.0,1632791.0,2177054.5,0.75,0.76305807
ref,1690,6,4,3,5,8.23706,1.660275,1.9352068,9.506416,344.99512,0.0,-30.0,0.0,5.2566106e-06,5.2566106e-06,5.6037334e-07,3.3530605e-06,1,1.6519314,0.51700115,7856191.5,10295667.0,1632791.0,2177054.5,0.75,0.76305807
ref,1691,6,4,4,5,8.23706,1.660275,1.9352068,10.113178,344.99512,0.0,-30.0,0.0,5.559294e-06,5.559294e-06,4.807179e-07,3.4788388e-06,1,1.7008501,0.55579513,7856191.5,10295667.0,1632791.0,2177054.5,0.75,0.76305807
ref,1692,6,4,5,5,8.23706,1.660275,1.9352068,10.758609,344.99512,0.0,-30.0,0.0,5.269849e-06,5.269849e-06,5.2678865e-07,3.4271184e-06,1,1.7456989,0.5913617,7856191.5,10295667.0,1632791.0,2177054.5,0.75,0.76305807
ref,1693,6,4,6,5,8.23706,1.660275,1.9352068,11.528107,344.99512,0.0,-30.0,0.0,5.962361e-06,5.962361e-06,5.6650276e-07,3.760944e-06,1,1.7936195,0.62936413,7856191.5,10295667.0,1632791.0,2177054.5,0.75,0.76305807
ref,1694,6,4,7,5,8.23706,1.660275,1.9352068,12.643543,344.99512,0.0,-30.0,0.0,5.3360886e-06,5.3360886e-06,5.201065e-07,3.47897e-06,1,1.8401986,0.66630274,7856191.5,10295667.0,1632791.0,2177054.5,0.75,0.76305807
ref,1695,6,5,1,5,8.23706,1.660275,2.205661,8.369351,344.99512,0.0,-30.0,0.0,5.3170083e-06,5.3170083e-06,5.168242e-07,3.3503816e-06,1,1.4245387,0.33667195,7856191.5,10295667.0,1632791.0,2177054.5,0.75,0.76305807
ref,1696,6,5,2,5,8.23706,1.660275,2.205661,9.154845,344.99512,0.0,-30.0,0.0,5.849208e-06,5.849208e-06,4.8301314e-07,3.6127838e-06,1,1.4973531,0.3944159,7856191.5,10295667.0,1632791.0,2177054.5,0.75,0.76305807
ref,1697,6,5,3,5,8.23706,1.660275,2.205661,9.789983,344.99512,0.0,-30.0,0.0,4.7250414e-06,4.7250414e-06,4.4596467e-07,2.8910902e-06,1,1.5531222,0.43864247,7856191.5,10295667.0,1632791.0,2177054.5,0.75,0.76305807
ref,1698,6,5,4,5,8.23706,1.660275,2.205661,10.395953,344.99512,0.0,-30.0,0.0,6.26099e-06,6.26099e-06,4.7518805e-07,3.8080043e-06,1,1.5971606,0.47356623,7856191.5,10295667.0,1632791.0,2177054.5,0.75,0.76305807
ref,1699,6,5,5,5,8.23706,1.660275,2.205661,11.039354,344.99512,0.0,-30.0,0.0,4.7273556e-06,4.7273556e-06,4.8837654e-07,3.0577603e-06,1,1.6434072,0.51024127,7856191.5,10295667.0,1632791.0,2177054.5,0.75,0.76305807
ref,1700,6,5,6,5,8.23706,1.660275,2.205661,11.804985,344.99512,0.0,-30.0,0.0,6.4904366e-06,6.4904366e-06,4.4371083e-07,3.975968e-06,1,1.6883334,0.54586905,7856191.5,10295667.0,1632791.0,2177054.5,0.75,0.76305807
ref,1701,6,5,7,5,8.23706,1.660275,2.205661,12.912108,344.99512,0.0,-30.0,0.0,5.3189588e-06,5.3189588e-06,5.0867067e-07,3.361888e-06,1,1.7332039,0.58145267,7856191.5,10295667.0,1632791.0,2177054.5,0.75,0.76305807
ref,1702,6,6,1,5,8.23706,1.660275,2.542128,8.702239,344.99512,0.0,-30.0,0.0,4.3590358e-06,4.3590358e-06,4.3848107e-07,2.7463188e-06,1,1.3379874,0.2680342,7856191.5,10295667.0,1632791.0,2177054.5,0.75,0.76305807
ref,1703,6,6,2,5,8.23706,1.660275,2.542128,9.487978,344.99512,0.0,-30.0,0.0,5.5122337e-06,5.5122337e-06,4.589036e-07,3.3694776e-06,1,1.402987,0.31958076,7856191.5,10295667.0,1632791.0,2177054.5,0.75,0.76305807
ref,1704,6,6,3,5,8.23706,1.660275,2.542128,10.121494,344.99512,0.0,-30.0,0.0,7.30632e-06,7.30632e-06,4.818673e-07,4.41214e-06,1,1.4490274,0.35609218,7856191.5,10295667.0,1632791.0,2177054.5,0.75,0.76305807
ref,1705,6,6,4,5,8.23706,1.660275,2.542128,10.724524,344.99512,0.0,-30.0,0.0,6.2405775e-06,6.2405775e-06,4.797271e-07,3.8430553e-06,1,1.4888874,0.3877024,7856191.5,10295667.0,1632791.0,2177054.5,0.75,0.76305807
ref,1706,6,6,5,5,8.23706,1.660275,2.542128,11.363423,344.99512,0.0,-30.0,0.0,5.5315995e-06,5.5315995e-06,4.7923123e-07,3.481755e-06,1,1.5306934,0.42085585,7856191.5,10295667.0,1632791.0,2177054.5,0.75,0.76305807
ref,1707,6,6,6,5,8.23706,1.660275,2.542128,12.121912,344.99512,0.0,-30.0,0.0,5.4785633e-06,5.4785633e-06,4.861904e-07,3.4467441e-06,1,1.5695236,0.45164928,7856191.5,10295667.0,1632791.0,2177054.5,0.75,0.76305807
ref,1708,6,6,7,5,8.23706,1.660275,2.542128,13.215584,344.99512,0.0,-30.0,0.0,5.2897763e-06,5.2897763e-06,4.2259174e-07,3.2752703e-06,1,1.6093432,0.48322737,7856191.5,10295667.0,1632791.0,2177054.5,0.75,0.76305807
ref,1709,6,7,1,5,8.23706,1.660275,3.0546293,9.181103,344.99512,0.0,-30.0,0.0,6.9838516e-06,6.9838516e-06,4.2595735e-07,4.0449086e-06,1,1.2499217,0.19819535,7856191.5,10295667.0,1632791.0,2177054.5,0.75,0.76305807
ref,1710,6,7,2,5,8.23706,1.660275,3.0546293,9.962705,344.99512,0.0,-30.0,0.0,6.708388e-06,6.708388e-06,4.407842e-07,3.999284e-06,1,1.2963046,0.23497844,7856191.5,10295667.0,1632791.0,2177054.5,0.75,0.76305807
ref,1711,6,7,3,5,8.23706,1.660275,3.0546293,10.5903015,344.99512,0.0,-30.0,0.0,6.3843854e-06,6.3843854e-06,4.252622e-07,3.7851219e-06,1,1.3289819,0.2608925,7856191.5,10295667.0,1632791.0,2177054.5,0.75,0.76305807
ref,1712,6,7,4,5,8.23706,1.660275,3.0546293,11.185691,344.99512,0.0,-30.0,0.0,6.8506733e-06,6.8506733e-06,5.176628e-07,4.0159407e-06,1,1.3631293,0.28797242,7856191.5,10295667.0,1632791.0,2177054.5,0.75,0.76305807
ref,1713,6,7,5,5,8.23706,1.660275,3.0546293,11.814487,344.99512,0.0,-30.0,0.0,6.4067485e-06,6.4067485e-06,4.3960543e-07,3.7814132e-06,1,1.393268,0.31187335,7856191.5,10295667.0,1632791.0,2177054.5,0.75,0.76305807
ref,1714,6,7,6,5,8.23706,1.660275,3.0546293,12.558476,344.99512,0.0,-30.0,0.0,6.841469e-06,6.841469e-06,4.5767874e-07,4.208548e-06,1,1.4218075,0.33450603,7856191.5,10295667.0,1632791.0,2177054.5,0.75,0.76305807
ref,1715,6,7,7,5,8.23706,1.660275,3.0546293,13.626754,344.99512,0.0,-30.0,0.0,5.807493e-06,5.807493e-06,3.954136e-07,3.5120324e-06,1,1.4518946,0.35836598,7856191.5,10295667.0,1632791.0,2177054.5,0.75,0.76305807
ref,1716,6,1,1,6,9.072899,1.4250866,1.1641384,7.1937313,344.99512,0.0,-30.0,0.0,9.517447e-06,9.517447e-06,8.1372036e-07,6.3413945e-06,1,2.0298285,0.81668484,10368241.0,13587749.0,1896485.9,2528648.0,0.75,0.76305807
ref,1717,6,1,2,6,9.072899,1.4250866,1.1641384,7.955209,344.99512,0.0,-30.0,0.0,9.965227e-06,9.965227e-06,8.153567e-07,6.475761e-06,1,2.0500245,0.832701,10368241.0,13587749.0,1896485.9,2528648.0,0.75,0.76305807
ref,1718,6,1,3,6,9.072899,1.4250866,1.1641384,8.57679,344.99512,0.0,-30.0,0.0,1.055274e-05,1.055274e-05,9.077071e-07,6.987087e-06,1,2.0737026,0.85147834,10368241.0,13587749.0,1896485.9,2528648.0,0.75,0.76305807
ref,1719,6,1,4,6,9.072899,1.4250866,1.1641384,9.1744175,344.99512,0.0,-30.0,0.0,1.0671781e-05,1.0671781e-05,8.3189616e-07,7.021967e-06,1,2.1030316,0.8747371,10368241.0,13587749.0,1896485.9,2528648.0,0.75,0.76305807
ref,1720,6,1,5,6,9.072899,1.4250866,1.1641384,9.813629,344.99512,0.0,-30.0,0.0,1.0501832e-05,1.0501832e-05,8.880277e-07,6.921036e-06,1,2.1265337,0.8933751,10368241.0,13587749.0,1896485.9,2528648.0,0.75,0.76305807
ref,1721,6,1,6,6,9.072899,1.4250866,1.1641384,10.580164,344.99512,0.0,-30.0,0.0,1.1317103e-05,1.1317103e-05,9.2723695e-07,7.587006e-06,1,2.1460023,0.90881425,10368241.0,13587749.0,1896485.9,2528648.0,0.75,0.76305807
ref,1722,6,1,7,6,9.072899,1.4250866,1.1641384,11.699415,344.99512,0.0,-30.0,0.0,1.1100991e-05,1.1100991e-05,8.725117e-07,7.390039e-06,1,2.168203,0.92642015,10368241.0,13587749.0,1896485.9,2528648.0,0.75,0.76305807
ref,1723,6,2,1,6,9.072899,1.4250866,1.4476153,7.542839,344.99512,0.0,-30.0,0.0,9.300149e-06,9.300149e-06,7.832765e-07,6.2016475e-06,1,1.8953921,0.71007276,10368241.0,13587749.0,1896485.9,2528648.0,0.75,0.76305807
ref,1724,6,2,2,6,9.072899,1.4250866,1.4476153,8.315508,344.99512,0.0,-30.0,0.0,1.1066802e-05,1.1066802e-05,8.2370497e-07,7.1786494e-06,1,1.9267653,0.7349527,10368241.0,13587749.0,1896485.9,2528648.0,0.75,0.76305807
ref,1725,6,2,3,6,9.072899,1.4250866,1.4476153,8.944522,344.99512,0.0,-30.0,0.0,1.0508107e-05,1.0508107e-05,8.270577e-07,6.888162e-06,1,1.9726425,0.7713347,10368241.0,13587749.0,1896485.9,2528648.0,0.75,0.76305807
ref,1726,6,2,4,6,9.072899,1.4250866,1.4476153,9.547968,344.99512,0.0,-30.0,0.0,1.1574725e-05,1.1574725e-05,8.319008e-07,7.4722893e-06,1,2.0115445,0.8021851,10368241.0,13587749.0,1896485.9,2528648.0,0.75,0.76305807
ref,1727,6,2,5,6,9.072899,1.4250866,1.4476153,10.19207,344.99512,0.0,-30.0,0.0,1.0869004e-05,1.0869004e-05,7.547897e-07,7.1957375e-06,1,2.0423348,0.82660276,10368241.0,13587749.0,1896485.9,2528648.0,0.75,0.76305807
ref,1728,6,2,6,6,9.072899,1.4250866,1.4476153,10.96278,344.99512,0.0,-30.0,0.0,1.0803612e-05,1.0803612e-05,8.849744e-07,7.191588e-06,1,2.0721748,0.8502667,10368241.0,13587749.0,1896485.9,2528648.0,0.75,0.76305807
ref,1729,6,2,7,6,9.072899,1.4250866,1.4476153,12.085018,344.99512,0.0,-30.0,0.0,1.1156944e-05,1.1156944e-05,7.8388945e-07,7.327597e-06,1,2.102421,0.8742529,10368241.0,13587749.0,1896485.9,2528648.0,0.75,0.76305807
ref,1730,6,3,1,6,9.072899,1.4250866,1.6913353,7.8228326,344.99512,0.0,-30.0,0.0,9.435761e-06,9.435761e-06,7.3987553e-07,6.226049e-06,1,1.7752657,0.61480904,10368241.0,13587749.0,1896485.9,2528648.0,0.75,0.76305807
ref,1731,6,3,2,6,9.072899,1.4250866,1.6913353,8.6019125,344.99512,0.0,-30.0,0.0,1.07135265e-05,1.07135265e-05,7.85975e-07,6.8859745e-06,1,1.8239478,0.6534153,10368241.0,13587749.0,1896485.9,2528648.0,0.75,0.76305807
ref,1732,6,3,3,6,9.072899,1.4250866,1.6913353,9.234724,344.99512,0.0,-30.0,0.0,1.0594659e-05,1.0594659e-05,7.559716e-07,6.7838355e-06,1,1.881062,0.69870865,10368241.0,13587749.0,1896485.9,2528648.0,0.75,0.76305807
ref,1733,6,3,4,6,9.072899,1.4250866,1.6913353,9.840709,344.99512,0.0,-30.0,0.0,1.0406789e-05,1.0406789e-05,7.6588395e-07,6.813797e-06,1,1.9248166,0.7334074,10368241.0,13587749.0,1896485.9,2528648.0,0.75,0.76305807
ref,1734,6,3,5,6,9.072899,1.4250866,1.6913353,10.4864025,344.99512,0.0,-30.0,0.0,1.084033e-05,1.084033e-05,8.203907e-07,7.0552915e-06,1,1.959729,0.76109385,10368241.0,13587749.0,1896485.9,2528648.0,0.75,0.76305807
ref,1735,6,3,6,6,9.072899,1.4250866,1.6913353,11.2576,344.99512,0.0,-30.0,0.0,1.073073e-05,1.073073e-05,8.180248e-07,7.040829e-06,1,1.997606,0.79113156,10368241.0,13587749.0,1896485.9,2528648.0,0.75,0.76305807
ref,1736,6,3,7,6,9.072899,1.4250866,1.6913353,12.377981,344.99512,0.0,-30.0,0.0,1.0851364e-05,1.0851364e-05,8.742905e-07,7.030413e-06,1,2.0332415,0.8193915,10368241.0,13587749.0,1896485.9,2528648.0,0.75,0.76305807
ref,1737,6,4,1,6,9.072899,1.4250866,1.9352068,8.088473,344.99512,0.0,-30.0,0.0,9.639139e-06,9.639139e-06,6.3218545e-07,6.088492e-06,1,1.6607667,0.5240078,10368241.0,13587749.0,1896485.9,2528648.0,0.75,0.76305807
ref,1738,6,4,2,6,9.072899,1.4250866,1.9352068,8.87166,344.99512,0.0,-30.0,0.0,1.0824545e-05,1.0824545e-05,8.057007e-07,6.93478e-06,1,1.730556,0.5793528,10368241.0,13587749.0,1896485.9,2528648.0,0.75,0.76305807
ref,1739,6,4,3,6,9.072899,1.4250866,1.9352068,9.506416,344.99512,0.0,-30.0,0.0,1.0834004e-05,1.0834004e-05,6.725819e-07,6.8792297e-06,1,1.7899889,0.62648493,10368241.0,13587749.0,1896485.9,2528648.0,0.75,0.76305807
ref,1740,6,4,4,6,9.072899,1.4250866,1.9352068,10.113178,344.99512,0.0,-30.0,0.0,1.1585506e-05,1.1585506e-05,7.1808074e-07,7.2243083e-06,1,1.8350635,0.66223043,10368241.0,13587749.0,1896485.9,2528648.0,0.75,0.76305807
ref,1741,6,4,5,6,9.072899,1.4250866,1.9352068,10.758609,344.99512,0.0,-30.0,0.0,1.1901172e-05,1.1901172e-05,7.6222386e-07,7.652396e-06,1,1.8750833,0.6939673,10368241.0,13587749.0,1896485.9,2528648.0,0.75,0.76305807
ref,1742,6,4,6,6,9.072899,1.4250866,1.9352068,11.528107,344.99512,0.0,-30.0,0.0,1.1101377e-05,1.1101377e-05,7.210084e-07,7.1955283e-06,1,1.9165295,0.72683537,10368241.0,13587749.0,1896485.9,2528648.0,0.75,0.76305807
ref,1743,6,4,7,6,9.072899,1.4250866,1.9352068,12.643543,344.99512,0.0,-30.0,0.0,1.096814e-05,1.096814e-05,7.18126e-07,7.179975e-06,1,1.9555731,0.75779814,10368241.0,13587749.0,1896485.9,2528648.0,0.75,0.76305807
ref,1744,6,5,1,6,9.072899,1.4250866,2.205661,8.369351,344.99512,0.0,-30.0,0.0,9.998096e-06,9.998096e-06,7.3602877e-07,6.415821e-06,1,1.5586077,0.4429927,10368241.0,13587749.0,1896485.9,2528648.0,0.75,0.76305807
ref,1745,6,5,2,6,9.072899,1.4250866,2.205661,9.154845,344.99512,0.0,-30.0,0.0,9.1759985e-06,9.1759985e-06,6.5137414e-07,5.887469e-06,1,1.6369076,0.50508684,10368241.0,13587749.0,1896485.9,2528648.0,0.75,0.76305807
ref,1746,6,5,3,6,9.072899,1.4250866,2.205661,9.789983,344.99512,0.0,-30.0,0.0,1.1166215e-05,1.1166215e-05,6.729244e-07,7.1020972e-06,1,1.6941016,0.55044335,10368241.0,13587749.0,1896485.9,2528648.0,0.75,0.76305807
ref,1747,6,5,4,6,9.072899,1.4250866,2.205661,10.395953,344.99512,0.0,-30.0,0.0,1.1166711e-05,1.1166711e-05,7.345726e-07,7.086914e-06,1,1.7376673,0.58499235,10368241.0,13587749.0,1896485.9,2528648.0,0.75,0.76305807
ref,1748,6,5,5,6,9.072899,1.4250866,2.205661,11.039354,344.99512,0.0,-30.0,0.0,1.1114065e-05,1.1114065e-05,7.471974e-07,7.08607e-06,1,1.7819773,0.6201315,10368241.0,13587749.0,1896485.9,2528648.0,0.75,0.76305807
ref,1749,6,5,6,6,9.072899,1.4250866,2.205661,11.804985,344.99512,0.0,-30.0,0.0,1.1517897e-05,1.1517897e-05,6.9994843e-07,7.387257e-06,1,1.8236746,0.65319866,10368241.0,13587749.0,1896485.9,2528648.0,0.75,0.76305807
ref,1750,6,5,7,6,9.072899,1.4250866,2.205661,12.912108,344.99512,0.0,-30.0,0.0,1.1393641e-05,1.1393641e-05,6.9773193e-07,7.1297436e-06,1,1.8640555,0.68522197,10368241.0,13587749.0,1896485.9,2528648.0,0.75,0.76305807
ref,1751,6,6,1,6,9.072899,1.4250866,2.542128,8.702239,344.99512,0.0,-30.0,0.0,9.5014275e-06,9.5014275e-06,5.8546766e-07,5.963272e-06,1,1.459747,0.36459312,10368241.0,13587749.0,1896485.9,2528648.0,0.75,0.76305807
ref,1752,6,6,2,6,9.072899,1.4250866,2.542128,9.487978,344.99512,0.0,-30.0,0.0,9.691089e-06,9.691089e-06,6.248272e-07,6.1843366e-06,1,1.5345999,0.42395377,10368241.0,13587749.0,1896485.9,2528648.0,0.75,0.76305807
ref,1753,6,6,3,6,9.072899,1.4250866,2.542128,10.121494,344.99512,0.0,-30.0,0.0,1.1484783e-05,1.1484783e-05,6.980106e-07,7.2544576e-06,1,1.5854173,0.4642535,10368241.0,13587749.0,1896485.9,2528648.0,0.75,0.76305807
ref,1754,6,6,4,6,9.072899,1.4250866,2.542128,10.724524,344.99512,0.0,-30.0,0.0,1.0333668e-05,1.0333668e-05,6.795373e-07,6.575579e-06,1,1.6280202,0.49803883,10368241.0,13587749.0,1896485.9,2528648.0,0.75,0.76305807
ref,1755,6,6,5,6,9.072899,1.4250866,2.542128,11.363423,344.99512,0.0,-30.0,0.0,1.2145017e-05,1.2145017e-05,6.8863176e-07,7.468866e-06,1,1.6713783,0.5324231,10368241.0,13587749.0,1896485.9,2528648.0,0.75,0.76305807
ref,1756,6,6,6,6,9.072899,1.4250866,2.542128,12.121912,344.99512,0.0,-30.0,0.0,1.0108489e-05,1.0108489e-05,6.893429e-07,6.386567e-06,1,1.7104875,0.5634379,10368241.0,13587749.0,1896485.9,2528648.0,0.75,0.76305807
ref,1757,6,6,7,6,9.072899,1.4250866,2.542128,13.215584,344.99512,0.0,-30.0,0.0,1.0065023e-05,1.0065023e-05,6.072798e-07,6.303833e-06,1,1.7494801,0.59436023,10368241.0,13587749.0,1896485.9,2528648.0,0.75,0.76305807
ref,1758,6,7,1,6,9.072899,1.4250866,3.0546293,9.181103,344.99512,0.0,-30.0,0.0,1.1509664e-05,1.1509664e-05,6.192628e-07,6.888193e-06,1,1.3520565,0.27919137,10368241.0,13587749.0,1896485.9,2528648.0,0.75,0.76305807
ref,1759,6,7,2,6,9.072899,1.4250866,3.0546293,9.962705,344.99512,0.0,-30.0,0.0,1.1146121e-05,1.1146121e-05,6.4886626e-07,6.8320933e-06,1,1.4097135,0.32491508,10368241.0,13587749.0,1896485.9,2528648.0,0.75,0.76305807
ref,1760,6,7,3,6,9.072899,1.4250866,3.0546293,10.5903015,344.99512,0.0,-30.0,0.0,1.2783971e-05,1.2783971e-05,6.633355e-07,7.6267593e-06,1,1.4490756,0.3561304,10368241.0,13587749.0,1896485.9,2528648.0,0.75,0.76305807
ref,1761,6,7,4,6,9.072899,1.4250866,3.0546293,11.185691,344.99512,0.0,-30.0,0.0,1.2098866e-05,1.2098866e-05,6.41098e-07,7.331811e-06,1,1.4891461,0.38790753,10368241.0,13587749.0,1896485.9,2528648.0,0.75,0.76305807
ref,1762,6,7,5,6,9.072899,1.4250866,3.0546293,11.814487,344.99512,0.0,-30.0,0.0,1.05827985e-05,1.05827985e-05,6.259833e-07,6.726111e-06,1,1.523644,0.4152654,10368241.0,13587749.0,1896485.9,2528648.0,0.75,0.76305807
ref,1763,6,7,6,6,9.072899,1.4250866,3.0546293,12.558476,344.99512,0.0,-30.0,0.0,9.79241e-06,9.79241e-06,6.083018e-07,6.164517e-06,1,1.5555869,0.44059712,10368241.0,13587749.0,1896485.9,2528648.0,0.75,0.76305807
ref,1764,6,7,7,6,9.072899,1.4250866,3.0546293,13.626754,344.99512,0.0,-30.0,0.0,1.02938e-05,1.02938e-05,7.3834764e-07,6.488301e-06,1,1.5885242,0.4667174,10368241.0,13587749.0,1896485.9,2528648.0,0.75,0.76305807
ref,1765,7,1,1,1,9.078356,1.4018347,1.2885317,7.3504987,348.4883,0.0,-30.0,0.0,2.6245176e-05,2.6245176e-05,2.0314865e-06,1.8208248e-05,1,1.9728459,0.77149606,10385772.0,13610723.0,1897288.1,2529717.5,0.75,0.76305807
ref,1766,7,1,2,1,9.078356,1.4018347,1.2885317,8.11746,348.4883,0.0,-30.0,0.0,2.86297e-05,2.86297e-05,2.0577654e-06,1.9889514e-05,1,1.9953264,0.7893237,10385772.0,13610723.0,1897288.1,2529717.5,0.75,0.76305807
ref,1767,7,1,3,1,9.078356,1.4018347,1.2885317,8.742756,348.4883,0.0,-30.0,0.0,2.9905754e-05,2.9905754e-05,2.022658e-06,2.0594669e-05,1,2.030417,0.81715167,10385772.0,13610723.0,1897288.1,2529717.5,0.75,0.76305807
ref,1768,7,1,4,1,9.078356,1.4018347,1.2885317,9.343375,348.4883,0.0,-30.0,0.0,3.1517924e-05,3.1517924e-05,2.1439878e-06,2.1813721e-05,1,2.0645971,0.8442574,10385772.0,13610723.0,1897288.1,2529717.5,0.75,0.76305807
ref,1769,7,1,5,1,9.078356,1.4018347,1.2885317,9.985192,348.4883,0.0,-30.0,0.0,3.2558433e-05,3.2558433e-05,2.2120998e-06,2.1960084e-05,1,2.0918403,0.8658621,10385772.0,13610723.0,1897288.1,2529717.5,0.75,0.76305807
ref,1770,7,1,6,1,9.078356,1.4018347,1.2885317,10.754123,348.4883,0.0,-30.0,0.0,3.1353255e-05,3.1353255e-05,2.1085723e-06,2.1624153e-05,1,2.115768,0.8848374,10385772.0,13610723.0,1897288.1,2529717.5,0.75,0.76305807
ref,1771,7,1,7,1,9.078356,1.4018347,1.2885317,11.87547,348.4883,0.0,-30.0,0.0,3.2310574e-05,3.2310574e-05,2.0939622e-06,2.2377932e-05,1,2.1416345,0.9053504,10385772.0,13610723.0,1897288.1,2529717.5,0.75,0.76305807
ref,1772,7,2,1,1,9.078356,1.4018347,1.5905885,7.709026,348.4883,0.0,-30.0,0.0,2.52674e-05,2.52674e-05,1.8795863e-06,1.7073515e-05,1,1.8250495,0.654289,10385772.0,13610723.0,1897288.1,2529717.5,0.75,0.76305807
ref,1773,7,2,2,1,9.078356,1.4018347,1.5905885,8.485767,348.4883,0.0,-30.0,0.0,2.8788145e-05,2.8788145e-05,1.9822858e-06,1.9657631e-05,1,1.8654296,0.6863117,10385772.0,13610723.0,1897288.1,2529717.5,0.75,0.76305807
ref,1774,7,2,3,1,9.078356,1.4018347,1.5905885,9.117264,348.4883,0.0,-30.0,0.0,2.9370824e-05,2.9370824e-05,1.9422787e-06,2.0294447e-05,1,1.919541,0.72922355,10385772.0,13610723.0,1897288.1,2529717.5,0.75,0.76305807
ref,1775,7,2,4,1,9.078356,1.4018347,1.5905885,9.722442,348.4883,0.0,-30.0,0.0,3.0503972e-05,3.0503972e-05,2.0551122e-06,2.1044718e-05,1,1.9615816,0.76256305,10385772.0,13610723.0,1897288.1,2529717.5,0.75,0.76305807
ref,1776,7,2,5,1,9.078356,1.4018347,1.5905885,10.367714,348.4883,0.0,-30.0,0.0,3.318034e-05,3.318034e-05,2.1438957e-06,2.2746215e-05,1,1.9950023,0.7890667,10385772.0,13610723.0,1897288.1,2529717.5,0.75,0.76305807
ref,1777,7,2,6,1,9.078356,1.4018347,1.5905885,11.139016,348.4883,0.0,-30.0,0.0,3.039907e-05,3.039907e-05,1.9776483e-06,2.092303e-05,1,2.029672,0.8165607,10385772.0,13610723.0,1897288.1,2529717.5,0.75,0.76305807
ref,1778,7,2,7,1,9.078356,1.4018347,1.5905885,12.260564,348.4883,0.0,-30.0,0.0,2.9732355e-05,2.9732355e-05,2.0259204e-06,2.04591e-05,1,2.0632708,0.84320575,10385772.0,13610723.0,1897288.1,2529717.5,0.75,0.76305807
ref,1779,7,3,1,1,9.078356,1.4018347,1.8486978,7.9957333,348.4883,0.0,-30.0,0.0,2.4840905e-05,2.4840905e-05,1.7808132e-06,1.6733464e-05,1,1.7006875,0.55566627,10385772.0,13610723.0,1897288.1,2529717.5,0.75,0.76305807
ref,1780,7,3,2,1,9.078356,1.4018347,1.8486978,8.7776785,348.4883,0.0,-30.0,0.0,2.757244e-05,2.757244e-05,1.8320785e-06,1.861337e-05,1,1.7626263,0.6047855,10385772.0,13610723.0,1897288.1,2529717.5,0.75,0.76305807
ref,1781,7,3,3,1,9.078356,1.4018347,1.8486978,9.411935,348.4883,0.0,-30.0,0.0,2.8728791e-05,2.8728791e-05,1.8236267e-06,1.956206e-05,1,1.8221248,0.6519697,10385772.0,13610723.0,1897288.1,2529717.5,0.75,0.76305807
ref,1782,7,3,4,1,9.078356,1.4018347,1.8486978,10.018605,348.4883,0.0,-30.0,0.0,2.7935168e-05,2.7935168e-05,1.8056846e-06,1.8918176e-05,1,1.8673059,0.6877996,10385772.0,13610723.0,1897288.1,2529717.5,0.75,0.76305807
ref,1783,7,3,5,1,9.078356,1.4018347,1.8486978,10.664305,348.4883,0.0,-30.0,0.0,2.935614e-05,2.935614e-05,2.0255209e-06,1.9664376e-05,1,1.9052987,0.71792907,10385772.0,13610723.0,1897288.1,2529717.5,0.75,0.76305807
ref,1784,7,3,6,1,9.078356,1.4018347,1.8486978,11.434634,348.4883,0.0,-30.0,0.0,2.9579403e-05,2.9579403e-05,2.0245197e-06,2.012537e-05,1,1.9460866,0.75027514,10385772.0,13610723.0,1897288.1,2529717.5,0.75,0.76305807
ref,1785,7,3,7,1,9.078356,1.4018347,1.8486978,12.552113,348.4883,0.0,-30.0,0.0,2.9415758e-05,2.9415758e-05,1.8290968e-06,2.0255213e-05,1,1.9841377,0.78045064,10385772.0,13610723.0,1897288.1,2529717.5,0.75,0.76305807
ref,1786,7,4,1,1,9.078356,1.4018347,2.1057408,8.267117,348.4883,0.0,-30.0,0.0,2.6451755e-05,2.6451755e-05,1.8290233e-06,1.8028242e-05,1,1.5938566,0.4709461,10385772.0,13610723.0,1897288.1,2529717.5,0.75,0.76305807
ref,1787,7,4,2,1,9.078356,1.4018347,2.1057408,9.051979,348.4883,0.0,-30.0,0.0,2.972072e-05,2.972072e-05,1.8365429e-06,2.0194639e-05,1,1.6708671,0.5320177,10385772.0,13610723.0,1897288.1,2529717.5,0.75,0.76305807
ref,1788,7,4,3,1,9.078356,1.4018347,2.1057408,9.687171,348.4883,0.0,-30.0,0.0,2.7001743e-05,2.7001743e-05,1.6728065e-06,1.8227192e-05,1,1.7291818,0.57826304,10385772.0,13610723.0,1897288.1,2529717.5,0.75,0.76305807
ref,1789,7,4,4,1,9.078356,1.4018347,2.1057408,10.293616,348.4883,0.0,-30.0,0.0,3.20121e-05,3.20121e-05,1.8702344e-06,2.1755075e-05,1,1.7734389,0.6133603,10385772.0,13610723.0,1897288.1,2529717.5,0.75,0.76305807
ref,1790,7,4,5,1,9.078356,1.4018347,2.1057408,10.937952,348.4883,0.0,-30.0,0.0,3.112002e-05,3.112002e-05,1.7632741e-06,2.1081265e-05,1,1.8165212,0.6475258,10385772.0,13610723.0,1897288.1,2529717.5,0.75,0.76305807
ref,1791,7,4,6,1,9.078356,1.4018347,2.1057408,11.705233,348.4883,0.0,-30.0,0.0,2.9547038e-05,2.9547038e-05,1.8838514e-06,2.0466583e-05,1,1.8583943,0.6807324,10385772.0,13610723.0,1897288.1,2529717.5,0.75,0.76305807
ref,1792,7,4,7,1,9.078356,1.4018347,2.1057408,12.815741,348.4883,0.0,-30.0,0.0,2.9737215e-05,2.9737215e-05,1.8274137e-06,2.0074684e-05,1,1.8985481,0.7125757,10385772.0,13610723.0,1897288.1,2529717.5,0.75,0.76305807
ref,1793,7,5,1,1,9.078356,1.4018347,2.3895524,8.55333,348.4883,0.0,-30.0,0.0,2.5316866e-05,2.5316866e-05,1.6755624e-06,1.7356628e-05,1,1.5006548,0.39703432,10385772.0,13610723.0,1897288.1,2529717.5,0.75,0.76305807
ref,1794,7,5,2,1,9.078356,1.4018347,2.3895524,9.339304,348.4883,0.0,-30.0,0.0,2.6558802e-05,2.6558802e-05,1.5708384e-06,1.7424209e-05,1,1.5789957,0.45916095,10385772.0,13610723.0,1897288.1,2529717.5,0.75,0.76305807
ref,1795,7,5,3,1,9.078356,1.4018347,2.3895524,9.973807,348.4883,0.0,-30.0,0.0,2.6131731e-05,2.6131731e-05,1.5723276e-06,1.7637914e-05,1,1.6334318,0.5023305,10385772.0,13610723.0,1897288.1,2529717.5,0.75,0.76305807
ref,1796,7,5,4,1,9.078356,1.4018347,2.3895524,10.578404,348.4883,0.0,-30.0,0.0,2.8555836e-05,2.8555836e-05,1.6903745e-06,1.9425948e-05,1,1.6753982,0.5356111,10385772.0,13610723.0,1897288.1,2529717.5,0.75,0.76305807
ref,1797,7,5,5,1,9.078356,1.4018347,2.3895524,11.219596,348.4883,0.0,-30.0,0.0,2.782804e-05,2.782804e-05,1.7852128e-06,1.8512485e-05,1,1.7208701,0.5716716,10385772.0,13610723.0,1897288.1,2529717.5,0.75,0.76305807
ref,1798,7,5,6,1,9.078356,1.4018347,2.3895524,11.98159,348.4883,0.0,-30.0,0.0,2.9833003e-05,2.9833003e-05,1.7718622e-06,2.0452195e-05,1,1.7614628,0.6038629,10385772.0,13610723.0,1897288.1,2529717.5,0.75,0.76305807
ref,1799,7,5,7,1,9.078356,1.4018347,2.3895524,13.081739,348.4883,0.0,-30.0,0.0,2.8359855e-05,2.8359855e-05,1.6948815e-06,1.9142595e-05,1,1.8014311,0.63555884,10385772.0,13610723.0,1897288.1,2529717.5,0.75,0.76305807
ref,1800,7,6,1,1,9.078356,1.4018347,2.741046,8.891763,348.4883,0.0,-30.0,0.0,2.6239812e-05,2.6239812e-05,1.4711305e-06,1.7068696e-05,1,1.4139328,0.3282611,10385772.0,13610723.0,1897288.1,2529717.5,0.75,0.76305807
ref,1801,7,6,2,1,9.078356,1.4018347,2.741046,9.676472,348.4883,0.0,-30.0,0.0,2.5361947e-05,2.5361947e-05,1.6398066e-06,1.6703165e-05,1,1.4825324,0.38266268,10385772.0,13610723.0,1897288.1,2529717.5,0.75,0.76305807
ref,1802,7,6,3,1,9.078356,1.4018347,2.741046,10.308127,348.4883,0.0,-30.0,0.0,2.7452781e-05,2.7452781e-05,1.626922e-06,1.8224135e-05,1,1.5285146,0.41912794,10385772.0,13610723.0,1897288.1,2529717.5,0.75,0.76305807
ref,1803,7,6,4,1,9.078356,1.4018347,2.741046,10.908593,348.4883,0.0,-30.0,0.0,2.7546552e-05,2.7546552e-05,1.5915207e-06,1.8468963e-05,1,1.5709492,0.45277986,10385772.0,13610723.0,1897288.1,2529717.5,0.75,0.76305807
ref,1804,7,6,5,1,9.078356,1.4018347,2.741046,11.5439625,348.4883,0.0,-30.0,0.0,2.616054e-05,2.616054e-05,1.4701991e-06,1.7594242e-05,1,1.6110623,0.48459074,10385772.0,13610723.0,1897288.1,2529717.5,0.75,0.76305807
ref,1805,7,6,6,1,9.078356,1.4018347,2.741046,12.297276,348.4883,0.0,-30.0,0.0,2.68298e-05,2.68298e-05,1.597822e-06,1.8038072e-05,1,1.6476638,0.51361686,10385772.0,13610723.0,1897288.1,2529717.5,0.75,0.76305807
ref,1806,7,6,7,1,9.078356,1.4018347,2.741046,13.381696,348.4883,0.0,-30.0,0.0,2.6677786e-05,2.6677786e-05,1.544784e-06,1.7750303e-05,1,1.6846855,0.5429761,10385772.0,13610723.0,1897288.1,2529717.5,0.75,0.76305807
ref,1807,7,7,1,1,9.078356,1.4018347,3.2735364,9.377027,348.4883,0.0,-30.0,0.0,2.7822025e-05,2.7822025e-05,1.470395e-06,1.8046676e-05,1,1.3156172,0.25029394,10385772.0,13610723.0,1897288.1,2529717.5,0.75,0.76305807
ref,1808,7,7,2,1,9.078356,1.4018347,3.2735364,10.155521,348.4883,0.0,-30.0,0.0,2.6141748e-05,2.6141748e-05,1.4991623e-06,1.7212904e-05,1,1.3663224,0.29050463,10385772.0,13610723.0,1897288.1,2529717.5,0.75,0.76305807
ref,1809,7,7,3,1,9.078356,1.4018347,3.2735364,10.779564,348.4883,0.0,-30.0,0.0,2.65119e-05,2.65119e-05,1.5228931e-06,1.7607259e-05,1,1.4040104,0.32039234,10385772.0,13610723.0,1897288.1,2529717.5,0.75,0.76305807
ref,1810,7,7,4,1,9.078356,1.4018347,3.2735364,11.370777,348.4883,0.0,-30.0,0.0,2.5987292e-05,2.5987292e-05,1.538873e-06,1.6945809e-05,1,1.4393315,0.34840307,10385772.0,13610723.0,1897288.1,2529717.5,0.75,0.76305807
ref,1811,7,7,5,1,9.078356,1.4018347,3.2735364,11.994351,348.4883,0.0,-30.0,0.0,2.666415e-05,2.666415e-05,1.5677607e-06,1.7814622e-05,1,1.4699265,0.37266576,10385772.0,13610723.0,1897288.1,2529717.5,0.75,0.76305807
ref,1812,7,7,6,1,9.078356,1.4018347,3.2735364,12.731141,348.4883,0.0,-30.0,0.0,2.8816163e-05,2.8816163e-05,1.5838607e-06,1.8547214e-05,1,1.4984816,0.39531094,10385772.0,13610723.0,1897288.1,2529717.5,0.75,0.76305807
ref,1813,7,7,7,1,9.078356,1.4018347,3.2735364,13.78728,348.4883,0.0,-30.0,0.0,2.505546e-05,2.505546e-05,1.5980431e-06,1.653614e-05,1,1.5282538,0.4189211,10385772.0,13610723.0,1897288.1,2529717.5,0.75,0.76305807
ref,1814,7,1,1,2,9.701784,1.6573291,1.2885317,7.3504987,348.4883,0.0,-30.0,0.0,1.9777126e-05,1.9777126e-05,2.520761e-06,1.3628319e-05,1,2.0030982,0.795487,12388713.0,16235610.0,1988950.8,2651934.2,0.75,0.76305807
ref,1815,7,1,2,2,9.701784,1.6573291,1.2885317,8.11746,348.4883,0.0,-30.0,0.0,2.1697206e-05,2.1697206e-05,2.4982662e-06,1.4872345e-05,1,2.023794,0.81189924,12388713.0,16235610.0,1988950.8,2651934.2,0.75,0.76305807
ref,1816,7,1,3,2,9.701784,1.6573291,1.2885317,8.742756,348.4883,0.0,-30.0,0.0,2.1248026e-05,2.1248026e-05,2.5756003e-06,1.4788013e-05,1,2.0558991,0.83735967,12388713.0,16235610.0,1988950.8,2651934.2,0.75,0.76305807
ref,1817,7,1,4,2,9.701784,1.6573291,1.2885317,9.343375,348.4883,0.0,-30.0,0.0,2.2454888e-05,2.2454888e-05,2.60248e-06,1.5362377e-05,1,2.0869396,0.8619758,12388713.0,16235610.0,1988950.8,2651934.2,0.75,0.76305807
ref,1818,7,1,5,2,9.701784,1.6573291,1.2885317,9.985192,348.4883,0.0,-30.0,0.0,2.32729e-05,2.32729e-05,2.5448253e-06,1.5829653e-05,1,2.1115186,0.8814676,12388713.0,16235610.0,1988950.8,2651934.2,0.75,0.76305807
ref,1819,7,1,6,2,9.701784,1.6573291,1.2885317,10.754123,348.4883,0.0,-30.0,0.0,2.1374532e-05,2.1374532e-05,2.5204588e-06,1.4983132e-05,1,2.132989,0.8984942,12388713.0,16235610.0,1988950.8,2651934.2,0.75,0.76305807
ref,1820,7,1,7,2,9.701784,1.6573291,1.2885317,11.87547,348.4883,0.0,-30.0,0.0,2.273646e-05,2.273646e-05,2.5978754e-06,1.5883668e-05,1,2.1560764,0.9168033,12388713.0,16235610.0,1988950.8,2651934.2,0.75,0.76305807
ref,1821,7,2,1,2,9.701784,1.6573291,1.5905885,7.709026,348.4883,0.0,-30.0,0.0,1.9167059e-05,1.9167059e-05,2.3830205e-06,1.3474763e-05,1,1.8644949,0.68557036,12388713.0,16235610.0,1988950.8,2651934.2,0.75,0.76305807
ref,1822,7,2,2,2,9.701784,1.6573291,1.5905885,8.485767,348.4883,0.0,-30.0,0.0,2.0403817e-05,2.0403817e-05,2.294733e-06,1.3953223e-05,1,1.9028075,0.71595347,12388713.0,16235610.0,1988950.8,2651934.2,0.75,0.76305807
ref,1823,7,2,3,2,9.701784,1.6573291,1.5905885,9.117264,348.4883,0.0,-30.0,0.0,2.321984e-05,2.321984e-05,2.4709543e-06,1.5578376e-05,1,1.9536216,0.7562505,12388713.0,16235610.0,1988950.8,2651934.2,0.75,0.76305807
ref,1824,7,2,4,2,9.701784,1.6573291,1.5905885,9.722442,348.4883,0.0,-30.0,0.0,2.2362987e-05,2.2362987e-05,2.4590404e-06,1.520005e-05,1,1.9926903,0.78723323,12388713.0,16235610.0,1988950.8,2651934.2,0.75,0.76305807
ref,1825,7,2,5,2,9.701784,1.6573291,1.5905885,10.367714,348.4883,0.0,-30.0,0.0,2.371837e-05,2.371837e-05,2.4339688e-06,1.5828655e-05,1,2.0234962,0.8116632,12388713.0,16235610.0,1988950.8,2651934.2,0.75,0.76305807
ref,1826,7,2,6,2,9.701784,1.6573291,1.5905885,11.139016,348.4883,0.0,-30.0,0.0,2.1022513e-05,2.1022513e-05,2.409293e-06,1.4769336e-05,1,2.05522,0.83682096,12388713.0,16235610.0,1988950.8,2651934.2,0.75,0.76305807
ref,1827,7,2,7,2,9.701784,1.6573291,1.5905885,12.260564,348.4883,0.0,-30.0,0.0,2.2122596e-05,2.2122596e-05,2.294085e-06,1.5099113e-05,1,2.0857396,0.861024,12388713.0,16235610.0,1988950.8,2651934.2,0.75,0.76305807
ref,1828,7,3,1,2,9.701784,1.6573291,1.8486978,7.9957333,348.4883,0.0,-30.0,0.0,1.8606996e-05,1.8606996e-05,2.2556749e-06,1.2649825e-05,1,1.7443392,0.59028333,12388713.0,16235610.0,1988950.8,2651934.2,0.75,0.76305807
ref,1829,7,3,2,2,9.701784,1.6573291,1.8486978,8.7776785,348.4883,0.0,-30.0,0.0,2.1316671e-05,2.1316671e-05,2.2204001e-06,1.455932e-05,1,1.8045955,0.6380684,12388713.0,16235610.0,1988950.8,2651934.2,0.75,0.76305807
ref,1830,7,3,3,2,9.701784,1.6573291,1.8486978,9.411935,348.4883,0.0,-30.0,0.0,2.2391769e-05,2.2391769e-05,2.2325974e-06,1.5187435e-05,1,1.8617067,0.6833593,12388713.0,16235610.0,1988950.8,2651934.2,0.75,0.76305807
ref,1831,7,3,4,2,9.701784,1.6573291,1.8486978,10.018605,348.4883,0.0,-30.0,0.0,2.1704132e-05,2.1704132e-05,2.2473268e-06,1.46843795e-05,1,1.9045794,0.71735865,12388713.0,16235610.0,1988950.8,2651934.2,0.75,0.76305807
ref,1832,7,3,5,2,9.701784,1.6573291,1.8486978,10.664305,348.4883,0.0,-30.0,0.0,2.155149e-05,2.155149e-05,2.2756392e-06,1.4642138e-05,1,1.9403051,0.7456902,12388713.0,16235610.0,1988950.8,2651934.2,0.75,0.76305807
ref,1833,7,3,6,2,9.701784,1.6573291,1.8486978,11.434634,348.4883,0.0,-30.0,0.0,2.2817638e-05,2.2817638e-05,2.268178e-06,1.5235481e-05,1,1.9783322,0.7758467,12388713.0,16235610.0,1988950.8,2651934.2,0.75,0.76305807
ref,1834,7,3,7,2,9.701784,1.6573291,1.8486978,12.552113,348.4883,0.0,-30.0,0.0,2.1392374e-05,2.1392374e-05,2.4098322e-06,1.489123e-05,1,2.013506,0.8037406,12388713.0,16235610.0,1988950.8,2651934.2,0.75,0.76305807
ref,1835,7,4,1,2,9.701784,1.6573291,2.1057408,8.267117,348.4883,0.0,-30.0,0.0,1.8878023e-05,1.8878023e-05,2.018358e-06,1.269796e-05,1,1.6384364,0.5062992,12388713.0,16235610.0,1988950.8,2651934.2,0.75,0.76305807
ref,1836,7,4,2,2,9.701784,1.6573291,2.1057408,9.051979,348.4883,0.0,-30.0,0.0,2.0774658e-05,2.0774658e-05,2.122794e-06,1.3762179e-05,1,1.7150317,0.56704164,12388713.0,16235610.0,1988950.8,2651934.2,0.75,0.76305807
ref,1837,7,4,3,2,9.701784,1.6573291,2.1057408,9.687171,348.4883,0.0,-30.0,0.0,2.1541106e-05,2.1541106e-05,2.0788927e-06,1.4153851e-05,1,1.7721623,0.61234784,12388713.0,16235610.0,1988950.8,2651934.2,0.75,0.76305807
ref,1838,7,4,4,2,9.701784,1.6573291,2.1057408,10.293616,348.4883,0.0,-30.0,0.0,1.993749e-05,1.993749e-05,2.2250997e-06,1.3763901e-05,1,1.8150301,0.6463433,12388713.0,16235610.0,1988950.8,2651934.2,0.75,0.76305807
ref,1839,7,4,5,2,9.701784,1.6573291,2.1057408,10.937952,348.4883,0.0,-30.0,0.0,2.2510214e-05,2.2510214e-05,2.024951e-06,1.4921173e-05,1,1.8563598,0.67911905,12388713.0,16235610.0,1988950.8,2651934.2,0.75,0.76305807
ref,1840,7,4,6,2,9.701784,1.6573291,2.1057408,11.705233,348.4883,0.0,-30.0,0.0,2.3042827e-05,2.3042827e-05,2.1367375e-06,1.5272977e-05,1,1.8961567,0.7106791,12388713.0,16235610.0,1988950.8,2651934.2,0.75,0.76305807
ref,1841,7,4,7,2,9.701784,1.6573291,2.1057408,12.815741,348.4883,0.0,-30.0,0.0,2.1797247e-05,2.1797247e-05,2.0939349e-06,1.4816332e-05,1,1.933979,0.74067336,12388713.0,16235610.0,1988950.8,2651934.2,0.75,0.76305807
ref,1842,7,5,1,2,9.701784,1.6573291,2.3895524,8.55333,348.4883,0.0,-30.0,0.0,1.9075753e-05,1.9075753e-05,1.9409551e-06,1.2756049e-05,1,1.5439427,0.4313629,12388713.0,16235610.0,1988950.8,2651934.2,0.75,0.76305807
ref,1843,7,5,2,2,9.701784,1.6573291,2.3895524,9.339304,348.4883,0.0,-30.0,0.0,2.3153914e-05,2.3153914e-05,2.1031308e-06,1.5283162e-05,1,1.6235026,0.49445623,12388713.0,16235610.0,1988950.8,2651934.2,0.75,0.76305807
ref,1844,7,5,3,2,9.701784,1.6573291,2.3895524,9.973807,348.4883,0.0,-30.0,0.0,2.3855971e-05,2.3855971e-05,1.9775741e-06,1.5639114e-05,1,1.6779634,0.53764534,12388713.0,16235610.0,1988950.8,2651934.2,0.75,0.76305807
ref,1845,7,5,4,2,9.701784,1.6573291,2.3895524,10.578404,348.4883,0.0,-30.0,0.0,2.3182758e-05,2.3182758e-05,1.9984896e-06,1.5089232e-05,1,1.7194976,0.57058316,12388713.0,16235610.0,1988950.8,2651934.2,0.75,0.76305807
ref,1846,7,5,5,2,9.701784,1.6573291,2.3895524,11.219596,348.4883,0.0,-30.0,0.0,2.2661625e-05,2.2661625e-05,2.1218295e-06,1.51022805e-05,1,1.7640646,0.6059261,12388713.0,16235610.0,1988950.8,2651934.2,0.75,0.76305807
ref,1847,7,5,6,2,9.701784,1.6573291,2.3895524,11.98159,348.4883,0.0,-30.0,0.0,2.3452834e-05,2.3452834e-05,2.1272592e-06,1.5218509e-05,1,1.8034713,0.6371768,12388713.0,16235610.0,1988950.8,2651934.2,0.75,0.76305807
ref,1848,7,5,7,2,9.701784,1.6573291,2.3895524,13.081739,348.4883,0.0,-30.0,0.0,2.0293697e-05,2.0293697e-05,2.1793144e-06,1.3795011e-05,1,1.841928,0.6676742,12388713.0,16235610.0,1988950.8,2651934.2,0.75,0.76305807
ref,1849,7,6,1,2,9.701784,1.6573291,2.741046,8.891763,348.4883,0.0,-30.0,0.0,1.8276349e-05,1.8276349e-05,1.7865483e-06,1.2099864e-05,1,1.4542017,0.36019558,12388713.0,16235610.0,1988950.8,2651934.2,0.75,0.76305807
ref,1850,7,6,2,2,9.701784,1.6573291,2.741046,9.676472,348.4883,0.0,-30.0,0.0,2.181592e-05,2.181592e-05,2.0083394e-06,1.41954715e-05,1,1.525336,0.41660723,12388713.0,16235610.0,1988950.8,2651934.2,0.75,0.76305807
ref,1851,7,6,3,2,9.701784,1.6573291,2.741046,10.308127,348.4883,0.0,-30.0,0.0,2.0504927e-05,2.0504927e-05,1.797688e-06,1.3600774e-05,1,1.5723978,0.4539287,12388713.0,16235610.0,1988950.8,2651934.2,0.75,0.76305807
ref,1852,7,6,4,2,9.701784,1.6573291,2.741046,10.908593,348.4883,0.0,-30.0,0.0,2.377409e-05,2.377409e-05,1.9927782e-06,1.5470743e-05,1,1.6153957,0.48802722,12388713.0,16235610.0,1988950.8,2651934.2,0.75,0.76305807
ref,1853,7,6,5,2,9.701784,1.6573291,2.741046,11.5439625,348.4883,0.0,-30.0,0.0,2.3135244e-05,2.3135244e-05,1.7946334e-06,1.4711869e-05,1,1.6556643,0.5199615,12388713.0,16235610.0,1988950.8,2651934.2,0.75,0.76305807
ref,1854,7,6,6,2,9.701784,1.6573291,2.741046,12.297276,348.4883,0.0,-30.0,0.0,2.1648955e-05,2.1648955e-05,1.9400088e-06,1.4555121e-05,1,1.6920925,0.5488501,12388713.0,16235610.0,1988950.8,2651934.2,0.75,0.76305807
ref,1855,7,6,7,2,9.701784,1.6573291,2.741046,13.381696,348.4883,0.0,-30.0,0.0,1.9563176e-05,1.9563176e-05,1.9403496e-06,1.33238445e-05,1,1.7286366,0.5778307,12388713.0,16235610.0,1988950.8,2651934.2,0.75,0.76305807
ref,1856,7,7,1,2,9.701784,1.6573291,3.2735364,9.377027,348.4883,0.0,-30.0,0.0,2.4412599e-05,2.4412599e-05,1.6774206e-06,1.5415482e-05,1,1.3502768,0.27778003,12388713.0,16235610.0,1988950.8,2651934.2,0.75,0.76305807
ref,1857,7,7,2,2,9.701784,1.6573291,3.2735364,10.155521,348.4883,0.0,-30.0,0.0,2.1104821e-05,2.1104821e-05,1.7251296e-06,1.3502769e-05,1,1.4041696,0.32051858,12388713.0,16235610.0,1988950.8,2651934.2,0.75,0.76305807
ref,1858,7,7,3,2,9.701784,1.6573291,3.2735364,10.779564,348.4883,0.0,-30.0,0.0,2.084905e-05,2.084905e-05,1.8418119e-06,1.3739474e-05,1,1.4438198,0.3519624,12388713.0,16235610.0,1988950.8,2651934.2,0.75,0.76305807
ref,1859,7,7,4,2,9.701784,1.6573291,3.2735364,11.370777,348.4883,0.0,-30.0,0.0,2.292437e-05,2.292437e-05,1.826941e-06,1.4681934e-05,1,1.4806691,0.38118508,12388713.0,16235610.0,1988950.8,2651934.2,0.75,0.76305807
ref,1860,7,7,5,2,9.701784,1.6573291,3.2735364,11.994351,348.4883,0.0,-30.0,0.0,2.3291605e-05,2.3291605e-05,1.8039868e-06,1.4662042e-05,1,1.5123478,0.40630716,12388713.0,16235610.0,1988950.8,2651934.2,0.75,0.76305807
ref,1861,7,7,6,2,9.701784,1.6573291,3.2735364,12.731141,348.4883,0.0,-30.0,0.0,1.97288e-05,1.97288e-05,1.6881842e-06,1.293256e-05,1,1.5417155,0.4295967,12388713.0,16235610.0,1988950.8,2651934.2,0.75,0.76305807
ref,1862,7,7,7,2,9.701784,1.6573291,3.2735364,13.78728,348.4883,0.0,-30.0,0.0,2.0596033e-05,2.0596033e-05,1.7913329e-06,1.3439946e-05,1,1.5721323,0.45371813,12388713.0,16235610.0,1988950.8,2651934.2,0.75,0.76305807
ref,1863,7,1,1,3,9.586612,1.664819,1.2885317,7.3504987,348.4883,0.0,-30.0,0.0,2.3472161e-05,2.3472161e-05,2.3214016e-06,1.6758615e-05,1,1.997796,0.79128224,12018689.0,15750687.0,1972017.0,2629356.0,0.75,0.76305807
ref,1864,7,1,2,3,9.586612,1.664819,1.2885317,8.11746,348.4883,0.0,-30.0,0.0,2.4542713e-05,2.4542713e-05,2.4413184e-06,1.7288197e-05,1,2.0188146,0.80795044,12018689.0,15750687.0,1972017.0,2629356.0,0.75,0.76305807
ref,1865,7,1,3,3,9.586612,1.664819,1.2885317,8.742756,348.4883,0.0,-30.0,0.0,2.7337242e-05,2.7337242e-05,2.4184797e-06,1.906462e-05,1,2.0514557,0.83383596,12018689.0,15750687.0,1972017.0,2629356.0,0.75,0.76305807
ref,1866,7,1,4,3,9.586612,1.664819,1.2885317,9.343375,348.4883,0.0,-30.0,0.0,2.8175487e-05,2.8175487e-05,2.4149465e-06,1.9519513e-05,1,2.0830555,0.85889554,12018689.0,15750687.0,1972017.0,2629356.0,0.75,0.76305807
ref,1867,7,1,5,3,9.586612,1.664819,1.2885317,9.985192,348.4883,0.0,-30.0,0.0,2.787587e-05,2.787587e-05,2.4554404e-06,1.9753794e-05,1,2.108106,0.8787612,12018689.0,15750687.0,1972017.0,2629356.0,0.75,0.76305807
ref,1868,7,1,6,3,9.586612,1.664819,1.2885317,10.754123,348.4883,0.0,-30.0,0.0,2.801495e-05,2.801495e-05,2.3782718e-06,1.9455532e-05,1,2.1300085,0.8961307,12018689.0,15750687.0,1972017.0,2629356.0,0.75,0.76305807
ref,1869,7,1,7,3,9.586612,1.664819,1.2885317,11.87547,348.4883,0.0,-30.0,0.0,2.790214e-05,2.790214e-05,2.4425644e-06,1.9582281e-05,1,2.1535828,0.91482574,12018689.0,15750687.0,1972017.0,2629356.0,0.75,0.76305807
ref,1870,7,2,1,3,9.586612,1.664819,1.5905885,7.709026,348.4883,0.0,-30.0,0.0,2.4642892e-05,2.4642892e-05,2.2614997e-06,1.69364e-05,1,1.8574893,0.6800148,12018689.0,15750687.0,1972017.0,2629356.0,0.75,0.76305807
ref,1871,7,2,2,3,9.586612,1.664819,1.5905885,8.485767,348.4883,0.0,-30.0,0.0,2.6152115e-05,2.6152115e-05,2.2810716e-06,1.8152534e-05,1,1.8961933,0.71070814,12018689.0,15750687.0,1972017.0,2629356.0,0.75,0.76305807
ref,1872,7,2,3,3,9.586612,1.664819,1.5905885,9.117264,348.4883,0.0,-30.0,0.0,2.5106228e-05,2.5106228e-05,2.3259622e-06,1.7787028e-05,1,1.94762,0.75149107,12018689.0,15750687.0,1972017.0,2629356.0,0.75,0.76305807
ref,1873,7,2,4,3,9.586612,1.664819,1.5905885,9.722442,348.4883,0.0,-30.0,0.0,2.6646898e-05,2.6646898e-05,2.2438983e-06,1.8416515e-05,1,1.9872327,0.7829051,12018689.0,15750687.0,1972017.0,2629356.0,0.75,0.76305807
ref,1874,7,2,5,3,9.586612,1.664819,1.5905885,10.367714,348.4883,0.0,-30.0,0.0,2.6792515e-05,2.6792515e-05,2.1837222e-06,1.8391976e-05,1,2.018512,0.80771065,12018689.0,15750687.0,1972017.0,2629356.0,0.75,0.76305807
ref,1875,7,2,6,3,9.586612,1.664819,1.5905885,11.139016,348.4883,0.0,-30.0,0.0,2.7674036e-05,2.7674036e-05,2.3186074e-06,1.9407635e-05,1,2.0507648,0.83328795,12018689.0,15750687.0,1972017.0,2629356.0,0.75,0.76305807
ref,1876,7,2,7,3,9.586612,1.664819,1.5905885,12.260564,348.4883,0.0,-30.0,0.0,2.704312e-05,2.704312e-05,2.287334e-06,1.9007173e-05,1,2.0818331,0.8579261,12018689.0,15750687.0,1972017.0,2629356.0,0.75,0.76305807
ref,1877,7,3,1,3,9.586612,1.664819,1.8486978,7.9957333,348.4883,0.0,-30.0,0.0,2.217436e-05,2.217436e-05,1.9801241e-06,1.5428763e-05,1,1.7364987,0.5840656,12018689.0,15750687.0,1972017.0,2629356.0,0.75,0.76305807
ref,1878,7,3,2,3,9.586612,1.664819,1.8486978,8.7776785,348.4883,0.0,-30.0,0.0,2.627923e-05,2.627923e-05,2.0878765e-06,1.8133276e-05,1,1.7970996,0.6321239,12018689.0,15750687.0,1972017.0,2629356.0,0.75,0.76305807
ref,1879,7,3,3,3,9.586612,1.664819,1.8486978,9.411935,348.4883,0.0,-30.0,0.0,2.5276539e-05,2.5276539e-05,2.1461508e-06,1.7691196e-05,1,1.8546752,0.677783,12018689.0,15750687.0,1972017.0,2629356.0,0.75,0.76305807
ref,1880,7,3,4,3,9.586612,1.664819,1.8486978,10.018605,348.4883,0.0,-30.0,0.0,2.763303e-05,2.763303e-05,2.116147e-06,1.908646e-05,1,1.8979847,0.7121289,12018689.0,15750687.0,1972017.0,2629356.0,0.75,0.76305807
ref,1881,7,3,5,3,9.586612,1.664819,1.8486978,10.664305,348.4883,0.0,-30.0,0.0,2.8564018e-05,2.8564018e-05,2.2100241e-06,1.9640776e-05,1,1.9341327,0.74079525,12018689.0,15750687.0,1972017.0,2629356.0,0.75,0.76305807
ref,1882,7,3,6,3,9.586612,1.664819,1.8486978,11.434634,348.4883,0.0,-30.0,0.0,2.7205442e-05,2.7205442e-05,2.2901843e-06,1.889264e-05,1,1.9726672,0.77135426,12018689.0,15750687.0,1972017.0,2629356.0,0.75,0.76305807
ref,1883,7,3,7,3,9.586612,1.664819,1.8486978,12.552113,348.4883,0.0,-30.0,0.0,2.7882308e-05,2.7882308e-05,2.2343588e-06,1.9190362e-05,1,2.008364,0.7996628,12018689.0,15750687.0,1972017.0,2629356.0,0.75,0.76305807
ref,1884,7,4,1,3,9.586612,1.664819,2.1057408,8.267117,348.4883,0.0,-30.0,0.0,2.4340805e-05,2.4340805e-05,2.0096509e-06,1.6433687e-05,1,1.6303504,0.49988678,12018689.0,15750687.0,1972017.0,2629356.0,0.75,0.76305807
ref,1885,7,4,2,3,9.586612,1.664819,2.1057408,9.051979,348.4883,0.0,-30.0,0.0,2.3336843e-05,2.3336843e-05,1.9854956e-06,1.6326054e-05,1,1.7070775,0.5607336,12018689.0,15750687.0,1972017.0,2629356.0,0.75,0.76305807
ref,1886,7,4,3,3,9.586612,1.664819,2.1057408,9.687171,348.4883,0.0,-30.0,0.0,2.3741726e-05,2.3741726e-05,1.945037e-06,1.660775e-05,1,1.7644624,0.6062416,12018689.0,15750687.0,1972017.0,2629356.0,0.75,0.76305807
ref,1887,7,4,4,3,9.586612,1.664819,2.1057408,10.293616,348.4883,0.0,-30.0,0.0,2.5445739e-05,2.5445739e-05,1.9032555e-06,1.7263064e-05,1,1.8076088,0.6404581,12018689.0,15750687.0,1972017.0,2629356.0,0.75,0.76305807
ref,1888,7,4,5,3,9.586612,1.664819,2.1057408,10.937952,348.4883,0.0,-30.0,0.0,2.7979127e-05,2.7979127e-05,2.1135288e-06,1.8876297e-05,1,1.849279,0.67350376,12018689.0,15750687.0,1972017.0,2629356.0,0.75,0.76305807
ref,1889,7,4,6,3,9.586612,1.664819,2.1057408,11.705233,348.4883,0.0,-30.0,0.0,2.7195103e-05,2.7195103e-05,2.1029398e-06,1.8478759e-05,1,1.8894701,0.7053765,12018689.0,15750687.0,1972017.0,2629356.0,0.75,0.76305807
ref,1890,7,4,7,3,9.586612,1.664819,2.1057408,12.815741,348.4883,0.0,-30.0,0.0,2.649893e-05,2.649893e-05,2.0395073e-06,1.8082952e-05,1,1.9277279,0.73571604,12018689.0,15750687.0,1972017.0,2629356.0,0.75,0.76305807
ref,1891,7,5,1,3,9.586612,1.664819,2.3895524,8.55333,348.4883,0.0,-30.0,0.0,2.5074962e-05,2.5074962e-05,1.8337909e-06,1.7029275e-05,1,1.536023,0.42508236,12018689.0,15750687.0,1972017.0,2629356.0,0.75,0.76305807
ref,1892,7,5,2,3,9.586612,1.664819,2.3895524,9.339304,348.4883,0.0,-30.0,0.0,2.6089365e-05,2.6089365e-05,1.9421873e-06,1.730089e-05,1,1.6154187,0.4880455,12018689.0,15750687.0,1972017.0,2629356.0,0.75,0.76305807
ref,1893,7,5,3,3,9.586612,1.664819,2.3895524,9.973807,348.4883,0.0,-30.0,0.0,2.4534862e-05,2.4534862e-05,1.871658e-06,1.655042e-05,1,1.6699154,0.53126305,12018689.0,15750687.0,1972017.0,2629356.0,0.75,0.76305807
ref,1894,7,5,4,3,9.586612,1.664819,2.3895524,10.578404,348.4883,0.0,-30.0,0.0,2.5778689e-05,2.5778689e-05,1.88686e-06,1.7439948e-05,1,1.7115583,0.5642871,12018689.0,15750687.0,1972017.0,2629356.0,0.75,0.76305807
ref,1895,7,5,5,3,9.586612,1.664819,2.3895524,11.219596,348.4883,0.0,-30.0,0.0,2.6028425e-05,2.6028425e-05,2.020898e-06,1.7695787e-05,1,1.7563204,0.5997848,12018689.0,15750687.0,1972017.0,2629356.0,0.75,0.76305807
ref,1896,7,5,6,3,9.586612,1.664819,2.3895524,11.98159,348.4883,0.0,-30.0,0.0,2.610595e-05,2.610595e-05,1.8610522e-06,1.7684313e-05,1,1.7959675,0.6312261,12018689.0,15750687.0,1972017.0,2629356.0,0.75,0.76305807
ref,1897,7,5,7,3,9.586612,1.664819,2.3895524,13.081739,348.4883,0.0,-30.0,0.0,2.6227703e-05,2.6227703e-05,2.0742539e-06,1.7777511e-05,1,1.8347204,0.66195834,12018689.0,15750687.0,1972017.0,2629356.0,0.75,0.76305807
ref,1898,7,6,1,3,9.586612,1.664819,2.741046,8.891763,348.4883,0.0,-30.0,0.0,2.4441135e-05,2.4441135e-05,1.7328783e-06,1.5995438e-05,1,1.4467745,0.3543056,12018689.0,15750687.0,1972017.0,2629356.0,0.75,0.76305807
ref,1899,7,6,2,3,9.586612,1.664819,2.741046,9.676472,348.4883,0.0,-30.0,0.0,2.5213736e-05,2.5213736e-05,1.814496e-06,1.6544573e-05,1,1.5174917,0.41038647,12018689.0,15750687.0,1972017.0,2629356.0,0.75,0.76305807
ref,1900,7,6,3,3,9.586612,1.664819,2.741046,10.308127,348.4883,0.0,-30.0,0.0,2.6099806e-05,2.6099806e-05,1.78072e-06,1.7578728e-05,1,1.5643901,0.44757822,12018689.0,15750687.0,1972017.0,2629356.0,0.75,0.76305807
ref,1901,7,6,4,3,9.586612,1.664819,2.741046,10.908593,348.4883,0.0,-30.0,0.0,2.5209107e-05,2.5209107e-05,1.8832818e-06,1.6722734e-05,1,1.6073167,0.48162043,12018689.0,15750687.0,1972017.0,2629356.0,0.75,0.76305807
ref,1902,7,6,5,3,9.586612,1.664819,2.741046,11.5439625,348.4883,0.0,-30.0,0.0,2.4935924e-05,2.4935924e-05,1.7930273e-06,1.6688486e-05,1,1.6475871,0.513556,12018689.0,15750687.0,1972017.0,2629356.0,0.75,0.76305807
ref,1903,7,6,6,3,9.586612,1.664819,2.741046,12.297276,348.4883,0.0,-30.0,0.0,2.4215813e-05,2.4215813e-05,1.9280822e-06,1.65023e-05,1,1.6840737,0.5424909,12018689.0,15750687.0,1972017.0,2629356.0,0.75,0.76305807
ref,1904,7,6,7,3,9.586612,1.664819,2.741046,13.381696,348.4883,0.0,-30.0,0.0,2.4160263e-05,2.4160263e-05,1.8509296e-06,1.633809e-05,1,1.7207308,0.5715611,12018689.0,15750687.0,1972017.0,2629356.0,0.75,0.76305807
ref,1905,7,7,1,3,9.586612,1.664819,3.2735364,9.377027,348.4883,0.0,-30.0,0.0,2.8200431e-05,2.8200431e-05,1.7506032e-06,1.7829185e-05,1,1.3438247,0.27266338,12018689.0,15750687.0,1972017.0,2629356.0,0.75,0.76305807
ref,1906,7,7,2,3,9.586612,1.664819,3.2735364,10.155521,348.4883,0.0,-30.0,0.0,2.3777751e-05,2.3777751e-05,1.7028799e-06,1.5748796e-05,1,1.3971578,0.31495804,12018689.0,15750687.0,1972017.0,2629356.0,0.75,0.76305807
ref,1907,7,7,3,3,9.586612,1.664819,3.2735364,10.779564,348.4883,0.0,-30.0,0.0,2.5859152e-05,2.5859152e-05,1.7550882e-06,1.6674416e-05,1,1.4364705,0.34613422,12018689.0,15750687.0,1972017.0,2629356.0,0.75,0.76305807
ref,1908,7,7,4,3,9.586612,1.664819,3.2735364,11.370777,348.4883,0.0,-30.0,0.0,2.3485542e-05,2.3485542e-05,1.6911814e-06,1.5494714e-05,1,1.473063,0.37515312,12018689.0,15750687.0,1972017.0,2629356.0,0.75,0.76305807
ref,1909,7,7,5,3,9.586612,1.664819,3.2735364,11.994351,348.4883,0.0,-30.0,0.0,2.4858136e-05,2.4858136e-05,1.8289211e-06,1.6607126e-05,1,1.5045644,0.4001347,12018689.0,15750687.0,1972017.0,2629356.0,0.75,0.76305807
ref,1910,7,7,6,3,9.586612,1.664819,3.2735364,12.731141,348.4883,0.0,-30.0,0.0,2.2576854e-05,2.2576854e-05,1.6455751e-06,1.5307909e-05,1,1.5338042,0.4233227,12018689.0,15750687.0,1972017.0,2629356.0,0.75,0.76305807
ref,1911,7,7,7,3,9.586612,1.664819,3.2735364,13.78728,348.4883,0.0,-30.0,0.0,2.1552389e-05,2.1552389e-05,1.7376888e-06,1.4828333e-05,1,1.5641252,0.44736817,12018689.0,15750687.0,1972017.0,2629356.0,0.75,0.76305807
ref,1912,7,1,1,4,9.086854,1.5416812,1.2885317,7.3504987,348.4883,0.0,-30.0,0.0,1.0533159e-05,1.0533159e-05,1.050971e-06,6.9686416e-06,1,1.9732847,0.771844,10413074.0,13646503.0,1898537.6,2531383.5,0.75,0.76305807
ref,1913,7,1,2,4,9.086854,1.5416812,1.2885317,8.11746,348.4883,0.0,-30.0,0.0,1.1452478e-05,1.1452478e-05,1.0726483e-06,7.4545915e-06,1,1.9957403,0.78965193,10413074.0,13646503.0,1898537.6,2531383.5,0.75,0.76305807
ref,1914,7,1,3,4,9.086854,1.5416812,1.2885317,8.742756,348.4883,0.0,-30.0,0.0,1.1716145e-05,1.1716145e-05,1.0721302e-06,7.751335e-06,1,2.030789,0.81744653,10413074.0,13646503.0,1898537.6,2531383.5,0.75,0.76305807
ref,1915,7,1,4,4,9.086854,1.5416812,1.2885317,9.343375,348.4883,0.0,-30.0,0.0,1.237934e-05,1.237934e-05,1.1115366e-06,8.0973805e-06,1,2.0649242,0.84451693,10413074.0,13646503.0,1898537.6,2531383.5,0.75,0.76305807
ref,1916,7,1,5,4,9.086854,1.5416812,1.2885317,9.985192,348.4883,0.0,-30.0,0.0,1.2670594e-05,1.2670594e-05,1.155628e-06,8.1632215e-06,1,2.0921292,0.8660913,10413074.0,13646503.0,1898537.6,2531383.5,0.75,0.76305807
ref,1917,7,1,6,4,9.086854,1.5416812,1.2885317,10.754123,348.4883,0.0,-30.0,0.0,1.2379883e-05,1.2379883e-05,1.1156394e-06,8.042712e-06,1,2.1160214,0.8850385,10413074.0,13646503.0,1898537.6,2531383.5,0.75,0.76305807
ref,1918,7,1,7,4,9.086854,1.5416812,1.2885317,11.87547,348.4883,0.0,-30.0,0.0,1.18275775e-05,1.18275775e-05,1.1349188e-06,7.857686e-06,1,2.1418476,0.9055195,10413074.0,13646503.0,1898537.6,2531383.5,0.75,0.76305807
ref,1919,7,2,1,4,9.086854,1.5416812,1.5905885,7.709026,348.4883,0.0,-30.0,0.0,1.0324798e-05,1.0324798e-05,1.0379083e-06,6.827055e-06,1,1.8256127,0.6547356,10413074.0,13646503.0,1898537.6,2531383.5,0.75,0.76305807
ref,1920,7,2,2,4,9.086854,1.5416812,1.5905885,8.485767,348.4883,0.0,-30.0,0.0,1.1154038e-05,1.1154038e-05,1.063676e-06,7.364535e-06,1,1.8659656,0.68673676,10413074.0,13646503.0,1898537.6,2531383.5,0.75,0.76305807
ref,1921,7,2,3,4,9.086854,1.5416812,1.5905885,9.117264,348.4883,0.0,-30.0,0.0,1.1348271e-05,1.1348271e-05,1.1431141e-06,7.422111e-06,1,1.9200325,0.72961336,10413074.0,13646503.0,1898537.6,2531383.5,0.75,0.76305807
ref,1922,7,2,4,4,9.086854,1.5416812,1.5905885,9.722442,348.4883,0.0,-30.0,0.0,1.1509386e-05,1.1509386e-05,1.0163268e-06,7.5221283e-06,1,1.9620323,0.7629205,10413074.0,13646503.0,1898537.6,2531383.5,0.75,0.76305807
ref,1923,7,2,5,4,9.086854,1.5416812,1.5905885,10.367714,348.4883,0.0,-30.0,0.0,1.1866922e-05,1.1866922e-05,1.0831859e-06,7.779219e-06,1,1.9954165,0.7893952,10413074.0,13646503.0,1898537.6,2531383.5,0.75,0.76305807
ref,1924,7,2,6,4,9.086854,1.5416812,1.5905885,11.139016,348.4883,0.0,-30.0,0.0,1.2129016e-05,1.2129016e-05,1.1206793e-06,7.929508e-06,1,2.0300448,0.8168563,10413074.0,13646503.0,1898537.6,2531383.5,0.75,0.76305807
ref,1925,7,2,7,4,9.086854,1.5416812,1.5905885,12.260564,348.4883,0.0,-30.0,0.0,1.1191631e-05,1.1191631e-05,1.1058661e-06,7.638917e-06,1,2.0636,0.8434667,10413074.0,13646503.0,1898537.6,2531383.5,0.75,0.76305807
ref,1926,7,3,1,4,9.086854,1.5416812,1.8486978,7.9957333,348.4883,0.0,-30.0,0.0,1.0823688e-05,1.0823688e-05,1.026556e-06,6.991642e-06,1,1.7013024,0.55615383,10413074.0,13646503.0,1898537.6,2531383.5,0.75,0.76305807
ref,1927,7,3,2,4,9.086854,1.5416812,1.8486978,8.7776785,348.4883,0.0,-30.0,0.0,1.232059e-05,1.232059e-05,1.089015e-06,7.925681e-06,1,1.7632214,0.6052575,10413074.0,13646503.0,1898537.6,2531383.5,0.75,0.76305807
ref,1928,7,3,3,4,9.086854,1.5416812,1.8486978,9.411935,348.4883,0.0,-30.0,0.0,1.2119329e-05,1.2119329e-05,1.0251244e-06,7.806088e-06,1,1.8226898,0.65241766,10413074.0,13646503.0,1898537.6,2531383.5,0.75,0.76305807
ref,1929,7,3,4,4,9.086854,1.5416812,1.8486978,10.018605,348.4883,0.0,-30.0,0.0,1.2951854e-05,1.2951854e-05,1.041608e-06,8.3627265e-06,1,1.8678405,0.68822354,10413074.0,13646503.0,1898537.6,2531383.5,0.75,0.76305807
ref,1930,7,3,5,4,9.086854,1.5416812,1.8486978,10.664305,348.4883,0.0,-30.0,0.0,1.1994287e-05,1.1994287e-05,9.86862e-07,7.760072e-06,1,1.9058028,0.71832883,10413074.0,13646503.0,1898537.6,2531383.5,0.75,0.76305807
ref,1931,7,3,6,4,9.086854,1.5416812,1.8486978,11.434634,348.4883,0.0,-30.0,0.0,1.2354017e-05,1.2354017e-05,1.0238839e-06,7.891775e-06,1,1.946553,0.750645,10413074.0,13646503.0,1898537.6,2531383.5,0.75,0.76305807
ref,1932,7,3,7,4,9.086854,1.5416812,1.8486978,12.552113,348.4883,0.0,-30.0,0.0,1.0985045e-05,1.0985045e-05,1.1371635e-06,7.3568385e-06,1,1.9845641,0.7807889,10413074.0,13646503.0,1898537.6,2531383.5,0.75,0.76305807
ref,1933,7,4,1,4,9.086854,1.5416812,2.1057408,8.267117,348.4883,0.0,-30.0,0.0,1.1437452e-05,1.1437452e-05,1.0244478e-06,7.3696538e-06,1,1.5944772,0.4714382,10413074.0,13646503.0,1898537.6,2531383.5,0.75,0.76305807
ref,1934,7,4,2,4,9.086854,1.5416812,2.1057408,9.051979,348.4883,0.0,-30.0,0.0,1.159465e-05,1.159465e-05,9.273994e-07,7.465969e-06,1,1.6714871,0.5325094,10413074.0,13646503.0,1898537.6,2531383.5,0.75,0.76305807
ref,1935,7,4,3,4,9.086854,1.5416812,2.1057408,9.687171,348.4883,0.0,-30.0,0.0,1.1838528e-05,1.1838528e-05,9.4261287e-07,7.688671e-06,1,1.7297891,0.57874465,10413074.0,13646503.0,1898537.6,2531383.5,0.75,0.76305807
ref,1936,7,4,4,4,9.086854,1.5416812,2.1057408,10.293616,348.4883,0.0,-30.0,0.0,1.194522e-05,1.194522e-05,1.0032605e-06,7.707163e-06,1,1.7740294,0.61382854,10413074.0,13646503.0,1898537.6,2531383.5,0.75,0.76305807
ref,1937,7,4,5,4,9.086854,1.5416812,2.1057408,10.937952,348.4883,0.0,-30.0,0.0,1.1419305e-05,1.1419305e-05,1.0153296e-06,7.4585455e-06,1,1.8170894,0.64797646,10413074.0,13646503.0,1898537.6,2531383.5,0.75,0.76305807
ref,1938,7,4,6,4,9.086854,1.5416812,2.1057408,11.705233,348.4883,0.0,-30.0,0.0,1.2618396e-05,1.2618396e-05,9.854598e-07,8.098213e-06,1,1.8589354,0.6811615,10413074.0,13646503.0,1898537.6,2531383.5,0.75,0.76305807
ref,1939,7,4,7,4,9.086854,1.5416812,2.1057408,12.815741,348.4883,0.0,-30.0,0.0,1.17840245e-05,1.17840245e-05,1.0032963e-06,7.647308e-06,1,1.899058,0.71298,10413074.0,13646503.0,1898537.6,2531383.5,0.75,0.76305807
ref,1940,7,5,1,4,9.086854,1.5416812,2.3895524,8.55333,348.4883,0.0,-30.0,0.0,1.2219449e-05,1.2219449e-05,8.5938547e-07,7.541922e-06,1,1.5012512,0.39750722,10413074.0,13646503.0,1898537.6,2531383.5,0.75,0.76305807
ref,1941,7,5,2,4,9.086854,1.5416812,2.3895524,9.339304,348.4883,0.0,-30.0,0.0,1.1518175e-05,1.1518175e-05,9.0044745e-07,7.1201657e-06,1,1.5796142,0.45965147,10413074.0,13646503.0,1898537.6,2531383.5,0.75,0.76305807
ref,1942,7,5,3,4,9.086854,1.5416812,2.3895524,9.973807,348.4883,0.0,-30.0,0.0,1.358918e-05,1.358918e-05,9.0939943e-07,8.553903e-06,1,1.6340544,0.5028242,10413074.0,13646503.0,1898537.6,2531383.5,0.75,0.76305807
ref,1943,7,5,4,4,9.086854,1.5416812,2.3895524,10.578404,348.4883,0.0,-30.0,0.0,1.183312e-05,1.183312e-05,9.86876e-07,7.513966e-06,1,1.6760176,0.5361023,10413074.0,13646503.0,1898537.6,2531383.5,0.75,0.76305807
ref,1944,7,5,5,4,9.086854,1.5416812,2.3895524,11.219596,348.4883,0.0,-30.0,0.0,1.1834492e-05,1.1834492e-05,1.0759777e-06,7.574512e-06,1,1.7214799,0.5721552,10413074.0,13646503.0,1898537.6,2531383.5,0.75,0.76305807
ref,1945,7,5,6,4,9.086854,1.5416812,2.3895524,11.98159,348.4883,0.0,-30.0,0.0,1.2016606e-05,1.2016606e-05,1.1425592e-06,7.873e-06,1,1.7620585,0.60433525,10413074.0,13646503.0,1898537.6,2531383.5,0.75,0.76305807
ref,1946,7,5,7,4,9.086854,1.5416812,2.3895524,13.081739,348.4883,0.0,-30.0,0.0,1.0603894e-05,1.0603894e-05,9.951847e-07,7.093285e-06,1,1.8020077,0.6360162,10413074.0,13646503.0,1898537.6,2531383.5,0.75,0.76305807
ref,1947,7,6,1,4,9.086854,1.5416812,2.741046,8.891763,348.4883,0.0,-30.0,0.0,1.24054495e-05,1.24054495e-05,8.977487e-07,7.790309e-06,1,1.4144821,0.32869676,10413074.0,13646503.0,1898537.6,2531383.5,0.75,0.76305807
ref,1948,7,6,2,4,9.086854,1.5416812,2.741046,9.676472,348.4883,0.0,-30.0,0.0,1.2984106e-05,1.2984106e-05,8.467324e-07,8.183924e-06,1,1.4831209,0.38312936,10413074.0,13646503.0,1898537.6,2531383.5,0.75,0.76305807
ref,1949,7,6,3,4,9.086854,1.5416812,2.741046,10.308127,348.4883,0.0,-30.0,0.0,1.272043e-05,1.272043e-05,9.2774985e-07,8.017725e-06,1,1.529121,0.41960886,10413074.0,13646503.0,1898537.6,2531383.5,0.75,0.76305807
ref,1950,7,6,4,4,9.086854,1.5416812,2.741046,10.908593,348.4883,0.0,-30.0,0.0,1.2988163e-05,1.2988163e-05,8.34763e-07,7.960686e-06,1,1.5715663,0.45326924,10413074.0,13646503.0,1898537.6,2531383.5,0.75,0.76305807
ref,1951,7,6,5,4,9.086854,1.5416812,2.741046,11.5439625,348.4883,0.0,-30.0,0.0,1.3783197e-05,1.3783197e-05,8.74098e-07,8.625146e-06,1,1.6116843,0.48508406,10413074.0,13646503.0,1898537.6,2531383.5,0.75,0.76305807
ref,1952,7,6,6,4,9.086854,1.5416812,2.741046,12.297276,348.4883,0.0,-30.0,0.0,1.14539735e-05,1.14539735e-05,9.2374177e-07,7.3705837e-06,1,1.648286,0.5141102,10413074.0,13646503.0,1898537.6,2531383.5,0.75,0.76305807
ref,1953,7,6,7,4,9.086854,1.5416812,2.741046,13.381696,348.4883,0.0,-30.0,0.0,1.1804263e-05,1.1804263e-05,1.0192119e-06,7.602341e-06,1,1.6853033,0.54346615,10413074.0,13646503.0,1898537.6,2531383.5,0.75,0.76305807
ref,1954,7,7,1,4,9.086854,1.5416812,3.2735364,9.377027,348.4883,0.0,-30.0,0.0,1.4393451e-05,1.4393451e-05,8.169953e-07,8.758388e-06,1,1.3160849,0.25066474,10413074.0,13646503.0,1898537.6,2531383.5,0.75,0.76305807
ref,1955,7,7,2,4,9.086854,1.5416812,3.2735364,10.155521,348.4883,0.0,-30.0,0.0,1.4487881e-05,1.4487881e-05,9.2484566e-07,8.886772e-06,1,1.3668358,0.29091185,10413074.0,13646503.0,1898537.6,2531383.5,0.75,0.76305807
ref,1956,7,7,3,4,9.086854,1.5416812,3.2735364,10.779564,348.4883,0.0,-30.0,0.0,1.2626929e-05,1.2626929e-05,7.93821e-07,7.736198e-06,1,1.4045528,0.32082254,10413074.0,13646503.0,1898537.6,2531383.5,0.75,0.76305807
ref,1957,7,7,4,4,9.086854,1.5416812,3.2735364,11.370777,348.4883,0.0,-30.0,0.0,1.2430494e-05,1.2430494e-05,9.272778e-07,7.631483e-06,1,1.4398971,0.34885156,10413074.0,13646503.0,1898537.6,2531383.5,0.75,0.76305807
ref,1958,7,7,5,4,9.086854,1.5416812,3.2735364,11.994351,348.4883,0.0,-30.0,0.0,1.2418057e-05,1.2418057e-05,8.817874e-07,7.838066e-06,1,1.4705088,0.3731276,10413074.0,13646503.0,1898537.6,2531383.5,0.75,0.76305807
ref,1959,7,7,6,4,9.086854,1.5416812,3.2735364,12.731141,348.4883,0.0,-30.0,0.0,1.2182977e-05,1.2182977e-05,7.6966217e-07,7.5168023e-06,1,1.4990771,0.39578313,10413074.0,13646503.0,1898537.6,2531383.5,0.75,0.76305807
ref,1960,7,7,7,4,9.086854,1.5416812,3.2735364,13.78728,348.4883,0.0,-30.0,0.0,1.1933578e-05,1.1933578e-05,9.667207e-07,7.27075e-06,1,1.5288602,0.41940197,10413074.0,13646503.0,1898537.6,2531383.5,0.75,0.76305807
ref,1961,7,1,1,5,9.904936,1.6810626,1.2885317,7.3504987,348.4883,0.0,-30.0,0.0,1.2079927e-05,1.2079927e-05,2.0945222e-06,8.137483e-06,1,2.0121508,0.802666,13041398.0,17090964.0,2018820.1,2691760.2,0.75,0.76305807
ref,1962,7,1,2,5,9.904936,1.6810626,1.2885317,8.11746,348.4883,0.0,-30.0,0.0,1.2935617e-05,1.2935617e-05,2.0840369e-06,8.608293e-06,1,2.0322857,0.8186335,13041398.0,17090964.0,2018820.1,2691760.2,0.75,0.76305807
ref,1963,7,1,3,5,9.904936,1.6810626,1.2885317,8.742756,348.4883,0.0,-30.0,0.0,1.3794393e-05,1.3794393e-05,2.153777e-06,9.056514e-06,1,2.0634632,0.8433583,13041398.0,17090964.0,2018820.1,2691760.2,0.75,0.76305807
ref,1964,7,1,4,5,9.904936,1.6810626,1.2885317,9.343375,348.4883,0.0,-30.0,0.0,1.4048185e-05,1.4048185e-05,2.1338608e-06,9.345325e-06,1,2.0935404,0.86721045,13041398.0,17090964.0,2018820.1,2691760.2,0.75,0.76305807
ref,1965,7,1,5,5,9.904936,1.6810626,1.2885317,9.985192,348.4883,0.0,-30.0,0.0,1.3432604e-05,1.3432604e-05,2.0989326e-06,8.980786e-06,1,2.1173105,0.8860608,13041398.0,17090964.0,2018820.1,2691760.2,0.75,0.76305807
ref,1966,7,1,6,5,9.904936,1.6810626,1.2885317,10.754123,348.4883,0.0,-30.0,0.0,1.3652808e-05,1.3652808e-05,2.1939131e-06,9.244242e-06,1,2.1380408,0.9025005,13041398.0,17090964.0,2018820.1,2691760.2,0.75,0.76305807
ref,1967,7,1,7,5,9.904936,1.6810626,1.2885317,11.87547,348.4883,0.0,-30.0,0.0,1.39435e-05,1.39435e-05,2.1703836e-06,9.254195e-06,1,2.160298,0.92015123,13041398.0,17090964.0,2018820.1,2691760.2,0.75,0.76305807
ref,1968,7,2,1,5,9.904936,1.6810626,1.5905885,7.709026,348.4883,0.0,-30.0,0.0,1.1487527e-05,1.1487527e-05,2.002511e-06,7.649915e-06,1,1.8765483,0.69512904,13041398.0,17090964.0,2018820.1,2691760.2,0.75,0.76305807
ref,1969,7,2,2,5,9.904936,1.6810626,1.5905885,8.485767,348.4883,0.0,-30.0,0.0,1.259246e-05,1.259246e-05,1.936021e-06,8.475015e-06,1,1.9141635,0.724959,13041398.0,17090964.0,2018820.1,2691760.2,0.75,0.76305807
ref,1970,7,2,3,5,9.904936,1.6810626,1.5905885,9.117264,348.4883,0.0,-30.0,0.0,1.4502899e-05,1.4502899e-05,2.0509071e-06,9.617031e-06,1,1.9638966,0.76439893,13041398.0,17090964.0,2018820.1,2691760.2,0.75,0.76305807
ref,1971,7,2,4,5,9.904936,1.6810626,1.5905885,9.722442,348.4883,0.0,-30.0,0.0,1.32524065e-05,1.32524065e-05,2.0096093e-06,8.778359e-06,1,2.0020142,0.7946272,13041398.0,17090964.0,2018820.1,2691760.2,0.75,0.76305807
ref,1972,7,2,5,5,9.904936,1.6810626,1.5905885,10.367714,348.4883,0.0,-30.0,0.0,1.39223475e-05,1.39223475e-05,2.0447842e-06,9.2059245e-06,1,2.0319963,0.818404,13041398.0,17090964.0,2018820.1,2691760.2,0.75,0.76305807
ref,1973,7,2,6,5,9.904936,1.6810626,1.5905885,11.139016,348.4883,0.0,-30.0,0.0,1.3835135e-05,1.3835135e-05,2.058472e-06,9.107458e-06,1,2.0628042,0.8428357,13041398.0,17090964.0,2018820.1,2691760.2,0.75,0.76305807
ref,1974,7,2,7,5,9.904936,1.6810626,1.5905885,12.260564,348.4883,0.0,-30.0,0.0,1.4191953e-05,1.4191953e-05,2.0236253e-06,9.361975e-06,1,2.0923789,0.8662892,13041398.0,17090964.0,2018820.1,2691760.2,0.75,0.76305807
ref,1975,7,3,1,5,9.904936,1.6810626,1.8486978,7.9957333,348.4883,0.0,-30.0,0.0,1.3714053e-05,1.3714053e-05,1.8332378e-06,8.847777e-06,1,1.7579198,0.6010531,13041398.0,17090964.0,2018820.1,2691760.2,0.75,0.76305807
ref,1976,7,3,2,5,9.904936,1.6810626,1.8486978,8.7776785,348.4883,0.0,-30.0,0.0,1.3784333e-05,1.3784333e-05,1.8943856e-06,8.976501e-06,1,1.8175358,0.6483304,13041398.0,17090964.0,2018820.1,2691760.2,0.75,0.76305807
ref,1977,7,3,3,5,9.904936,1.6810626,1.8486978,9.411935,348.4883,0.0,-30.0,0.0,1.39659005e-05,1.39659005e-05,1.8746636e-06,9.316097e-06,1,1.873807,0.69295514,13041398.0,17090964.0,2018820.1,2691760.2,0.75,0.76305807
ref,1978,7,3,4,5,9.904936,1.6810626,1.8486978,10.018605,348.4883,0.0,-30.0,0.0,1.330058e-05,1.330058e-05,1.8498515e-06,8.901426e-06,1,1.9159007,0.7263367,13041398.0,17090964.0,2018820.1,2691760.2,0.75,0.76305807
ref,1979,7,3,5,5,9.904936,1.6810626,1.8486978,10.664305,348.4883,0.0,-30.0,0.0,1.3920758e-05,1.3920758e-05,1.7890611e-06,9.019313e-06,1,1.9508805,0.75407684,13041398.0,17090964.0,2018820.1,2691760.2,0.75,0.76305807
ref,1980,7,3,6,5,9.904936,1.6810626,1.8486978,11.434634,348.4883,0.0,-30.0,0.0,1.4124545e-05,1.4124545e-05,1.9469499e-06,9.094817e-06,1,1.9880176,0.78352755,13041398.0,17090964.0,2018820.1,2691760.2,0.75,0.76305807
ref,1981,7,3,7,5,9.904936,1.6810626,1.8486978,12.552113,348.4883,0.0,-30.0,0.0,1.3861374e-05,1.3861374e-05,1.9750075e-06,9.104294e-06,1,2.0222802,0.81069887,13041398.0,17090964.0,2018820.1,2691760.2,0.75,0.76305807
ref,1982,7,4,1,5,9.904936,1.6810626,2.1057408,8.267117,348.4883,0.0,-30.0,0.0,1.3590508e-05,1.3590508e-05,1.8150203e-06,8.722833e-06,1,1.6525251,0.51747197,13041398.0,17090964.0,2018820.1,2691760.2,0.75,0.76305807
ref,1983,7,4,2,5,9.904936,1.6810626,2.1057408,9.051979,348.4883,0.0,-30.0,0.0,1.4431722e-05,1.4431722e-05,1.7701259e-06,8.924019e-06,1,1.7288319,0.5779855,13041398.0,17090964.0,2018820.1,2691760.2,0.75,0.76305807
ref,1984,7,4,3,5,9.904936,1.6810626,2.1057408,9.687171,348.4883,0.0,-30.0,0.0,1.4150048e-05,1.4150048e-05,1.8253528e-06,9.008224e-06,1,1.7854786,0.6229081,13041398.0,17090964.0,2018820.1,2691760.2,0.75,0.76305807
ref,1985,7,4,4,5,9.904936,1.6810626,2.1057408,10.293616,348.4883,0.0,-30.0,0.0,1.3716464e-05,1.3716464e-05,1.8470972e-06,8.966154e-06,1,1.8278338,0.656497,13041398.0,17090964.0,2018820.1,2691760.2,0.75,0.76305807
ref,1986,7,4,5,5,9.904936,1.6810626,2.1057408,10.937952,348.4883,0.0,-30.0,0.0,1.542579e-05,1.542579e-05,1.8682696e-06,9.702118e-06,1,1.8685483,0.6887848,13041398.0,17090964.0,2018820.1,2691760.2,0.75,0.76305807
ref,1987,7,4,6,5,9.904936,1.6810626,2.1057408,11.705233,348.4883,0.0,-30.0,0.0,1.4214831e-05,1.4214831e-05,1.8551134e-06,9.106975e-06,1,1.9076409,0.71978647,13041398.0,17090964.0,2018820.1,2691760.2,0.75,0.76305807
ref,1988,7,4,7,5,9.904936,1.6810626,2.1057408,12.815741,348.4883,0.0,-30.0,0.0,1.3235948e-05,1.3235948e-05,1.840596e-06,8.570937e-06,1,1.9446929,0.7491698,13041398.0,17090964.0,2018820.1,2691760.2,0.75,0.76305807
ref,1989,7,5,1,5,9.904936,1.6810626,2.3895524,8.55333,348.4883,0.0,-30.0,0.0,1.4886013e-05,1.4886013e-05,1.6364452e-06,9.547198e-06,1,1.5578146,0.44236368,13041398.0,17090964.0,2018820.1,2691760.2,0.75,0.76305807
ref,1990,7,5,2,5,9.904936,1.6810626,2.3895524,9.339304,348.4883,0.0,-30.0,0.0,1.3464735e-05,1.3464735e-05,1.6646277e-06,8.749499e-06,1,1.6375992,0.5056353,13041398.0,17090964.0,2018820.1,2691760.2,0.75,0.76305807
ref,1991,7,5,3,5,9.904936,1.6810626,2.3895524,9.973807,348.4883,0.0,-30.0,0.0,1.46817765e-05,1.46817765e-05,1.7542847e-06,9.230508e-06,1,1.6919549,0.5487409,13041398.0,17090964.0,2018820.1,2691760.2,0.75,0.76305807
ref,1992,7,5,4,5,9.904936,1.6810626,2.3895524,10.578404,348.4883,0.0,-30.0,0.0,1.3448859e-05,1.3448859e-05,1.663634e-06,8.745081e-06,1,1.7332681,0.5815036,13041398.0,17090964.0,2018820.1,2691760.2,0.75,0.76305807
ref,1993,7,5,5,5,9.904936,1.6810626,2.3895524,11.219596,348.4883,0.0,-30.0,0.0,1.3504749e-05,1.3504749e-05,1.7629311e-06,8.792289e-06,1,1.7774633,0.61655176,13041398.0,17090964.0,2018820.1,2691760.2,0.75,0.76305807
ref,1994,7,5,6,5,9.904936,1.6810626,2.3895524,11.98159,348.4883,0.0,-30.0,0.0,1.4292451e-05,1.4292451e-05,1.7042435e-06,9.283642e-06,1,1.8164258,0.64745015,13041398.0,17090964.0,2018820.1,2691760.2,0.75,0.76305807
ref,1995,7,5,7,5,9.904936,1.6810626,2.3895524,13.081739,348.4883,0.0,-30.0,0.0,1.4378671e-05,1.4378671e-05,1.6499779e-06,9.178437e-06,1,1.8543447,0.67752105,13041398.0,17090964.0,2018820.1,2691760.2,0.75,0.76305807
ref,1996,7,6,1,5,9.904936,1.6810626,2.741046,8.891763,348.4883,0.0,-30.0,0.0,1.4430696e-05,1.4430696e-05,1.6037071e-06,9.119635e-06,1,1.4672763,0.37056416,13041398.0,17090964.0,2018820.1,2691760.2,0.75,0.76305807
ref,1997,7,6,2,5,9.904936,1.6810626,2.741046,9.676472,348.4883,0.0,-30.0,0.0,1.5696947e-05,1.5696947e-05,1.4657992e-06,9.747355e-06,1,1.53909,0.4275146,13041398.0,17090964.0,2018820.1,2691760.2,0.75,0.76305807
ref,1998,7,6,3,5,9.904936,1.6810626,2.741046,10.308127,348.4883,0.0,-30.0,0.0,1.5662892e-05,1.5662892e-05,1.7352268e-06,1.0019441e-05,1,1.5864019,0.46503434,13041398.0,17090964.0,2018820.1,2691760.2,0.75,0.76305807
ref,1999,7,6,4,5,9.904936,1.6810626,2.741046,10.908593,348.4883,0.0,-30.0,0.0,1.5701156e-05,1.5701156e-05,1.7201537e-06,9.781727e-06,1,1.62949,0.49920446,13041398.0,17090964.0,2018820.1,2691760.2,0.75,0.76305807
ref,2000,7,6,5,5,9.904936,1.6810626,2.741046,11.5439625,348.4883,0.0,-30.0,0.0,1.4315266e-05,1.4315266e-05,1.524015e-06,8.898955e-06,1,1.6697242,0.53111136,13041398.0,17090964.0,2018820.1,2691760.2,0.75,0.76305807
